Feature ID	Taxon	Confidence
518168ebd90806b1a13a1b278a247809	d__Bacteria; p__Pseudomonadota; c__Gammaproteobacteria; o__Enterobacterales; f__Enterobacteriaceae; g__Escherichia-Shigella	0.9991199667787518
4ab61ea3800d15422a1d840764ed92cb	d__Bacteria; p__Bacillota; c__Clostridia; o__Oscillospirales; f__Ruminococcaceae; g__Faecalibacterium	0.9999978120668719
45e2eb4cb99495bf058ea32a934541a0	d__Bacteria; p__Bacteroidota; c__Bacteroidia; o__Bacteroidales; f__Bacteroidaceae; g__Bacteroides	0.9999985881287633
ec82d7353a8688b0d4b912c2eabfd4ca	d__Bacteria; p__Bacteroidota; c__Bacteroidia; o__Bacteroidales; f__Bacteroidaceae; g__Bacteroides	0.9999998512973289
e91eb1a4d805bea91791c98df10f999f	d__Bacteria; p__Bacillota; c__Clostridia; o__Lachnospirales; f__Lachnospiraceae; g__Anaerostipes	0.9969659851697162
2505f0e2062a444809901527db15e453	d__Bacteria; p__Bacillota; c__Clostridia; o__Lachnospirales; f__Lachnospiraceae; g__Blautia	0.9656468340970981
66bd93a935bb2d288fa60b8e66d90dfe	d__Bacteria; p__Bacillota; c__Clostridia; o__Oscillospirales; f__Ruminococcaceae; g__Faecalibacterium	0.9999986244870139
29fff51f573b608abf559de241e4cd88	d__Bacteria; p__Bacteroidota; c__Bacteroidia; o__Bacteroidales; f__Bacteroidaceae; g__Bacteroides	0.9999986784418191
d8567037e068604f993838a2e5509ba4	Unassigned	0.41745298010573084
37409a5e237612943ae94c4654b3f481	d__Bacteria; p__Bacteroidota; c__Bacteroidia; o__Bacteroidales; f__Bacteroidaceae; g__Bacteroides	0.9999809250495293
c24af6c6ce3475e12a11a2248a168119	Unassigned	0.6826918673835656
f4362aa0151eeb0aa5733e9a440cb451	d__Bacteria; p__Bacteroidota; c__Bacteroidia; o__Bacteroidales; f__Bacteroidaceae; g__Bacteroides	0.9999995540047308
bb8df9813f59cae4c07686aea1c74c8d	d__Bacteria; p__Bacillota; c__Clostridia; o__Lachnospirales; f__Lachnospiraceae; g__[Ruminococcus]_gnavus_group	0.8414017486340507
72ffb3efc0029e423378bd6ead4ccebd	d__Bacteria; p__Bacteroidota; c__Bacteroidia; o__Bacteroidales; f__Bacteroidaceae; g__Bacteroides	0.9999994473825601
bf27695f798f095fb70e2e333fa4b119	d__Bacteria; p__Bacillota; c__Clostridia; o__Lachnospirales; f__Lachnospiraceae; g__Mediterraneibacter	0.9467169165421705
44ae80fd2dbf5bcec67ed4cd401ebbb7	d__Bacteria; p__Bacteroidota; c__Bacteroidia; o__Bacteroidales; f__Bacteroidaceae; g__Bacteroides	0.9999978089973056
93a685a6ea2ed61e057d2b81a4b7a687	d__Bacteria; p__Bacillota; c__Clostridia; o__Lachnospirales; f__Lachnospiraceae; g__Anaerostipes	0.9854726096854544
cdda4e215fdcbb35920c5f704b6151c0	Unassigned	0.5422484710940283
96ff102bb2f8c68619b9caf1d4c71181	d__Bacteria; p__Bacteroidota; c__Bacteroidia; o__Bacteroidales; f__Bacteroidaceae; g__Bacteroides	0.9999989996614603
32f50049f37c859d5b3e071da16e3fb3	d__Bacteria; p__Bacillota; c__Clostridia; o__Lachnospirales; f__Lachnospiraceae; g__Blautia	0.8595795075021213
5cff885975e4638339d4e3473859a8f7	d__Bacteria; p__Bacillota; c__Clostridia; o__Oscillospirales; f__Ruminococcaceae; g__Faecalibacterium	0.9999973731783425
949d11292146e12904547a6db61ce024	d__Bacteria; p__Bacillota; c__Clostridia; o__Lachnospirales; f__Lachnospiraceae; g__GCA-900066575	0.9788882796263729
d067164d5d4783a667da77a9b0ff0c77	d__Bacteria; p__Bacteroidota; c__Bacteroidia; o__Bacteroidales; f__Bacteroidaceae; g__Bacteroides	0.9999978855525783
f07ee605235d07720834db5be6781397	d__Bacteria; p__Bacillota; c__Clostridia; o__Oscillospirales; f__Ruminococcaceae; g__Faecalibacterium	0.9999946448653247
7b7a7ee4e895a24a9780b5b2b6ae6ff3	d__Bacteria; p__Bacillota; c__Clostridia; o__Lachnospirales; f__Lachnospiraceae; g__Fusicatenibacter	0.844995080969786
ee8990100723a16130e152e68634d06e	d__Bacteria; p__Bacillota; c__Clostridia; o__Lachnospirales; f__Lachnospiraceae; g__Roseburia	0.9324576870909366
16be8cc83b4604721d7a1b48ea7f73cd	d__Bacteria; p__Pseudomonadota; c__Gammaproteobacteria; o__Burkholderiales; f__Sutterellaceae; g__Sutterella	0.9999999966913009
7087abb1ebc0fc980d8387377ea245d3	d__Bacteria; p__Bacillota; c__Clostridia; o__Lachnospirales; f__Lachnospiraceae; g__Agathobacter	0.9535173879643539
3fc77946fcb77ce7343e775a0ff094d6	d__Bacteria; p__Bacillota; c__Clostridia; o__Oscillospirales; f__Ruminococcaceae	0.9999999844994727
321ee6647dd125cdc185f33fac61a213	Unassigned	0.6822899753786171
cd961ac611a323212c92980949aab9c4	d__Bacteria; p__Verrucomicrobiota; c__Verrucomicrobiia; o__Verrucomicrobiales; f__Akkermansiaceae; g__Akkermansia	0.9999999999448335
a94dbee21bb5303b45657bae3574cd81	d__Bacteria; p__Bacillota; c__Clostridia; o__Oscillospirales; f__Ruminococcaceae; g__Gemmiger	0.888186163321236
ac80ba70794dcabfde475616a7242e09	d__Bacteria; p__Bacteroidota; c__Bacteroidia; o__Bacteroidales; f__Rikenellaceae; g__Alistipes	0.9999429953417839
520479cedd0122571d190f90b6cb1366	d__Bacteria; p__Bacteroidota; c__Bacteroidia; o__Bacteroidales; f__Bacteroidaceae; g__Bacteroides	0.9999966003239629
e8169714b7e9cdc0f6b589c5662e0172	Unassigned	0.5269914048630489
583e789265733390282fa5813408e789	d__Bacteria; p__Bacteroidota; c__Bacteroidia; o__Bacteroidales; f__Barnesiellaceae; g__Barnesiella	0.999999992502012
0eea1f3779b632d62f27b0a4d094d438	d__Bacteria; p__Bacillota; c__Clostridia; o__Lachnospirales; f__Lachnospiraceae; g__Blautia	0.8856973044661988
ae95662e32b421c560a2ec5dd5d1c3af	d__Bacteria; p__Bacillota; c__Clostridia; o__Lachnospirales; f__Lachnospiraceae; g__Blautia	0.9554828871368224
6afced57d06d114b5719baa2778ba0df	d__Bacteria; p__Bacteroidota; c__Bacteroidia; o__Bacteroidales; f__Bacteroidaceae; g__Bacteroides	0.9999931350986933
f2198eb653bec43aa8978bd15f829f14	d__Bacteria; p__Bacteroidota; c__Bacteroidia; o__Bacteroidales; f__Prevotellaceae; g__Segatella	0.9998400674965511
e4039171b45b9efa0f0520b44f36da26	d__Bacteria; p__Bacillota; c__Clostridia; o__Lachnospirales; f__Lachnospiraceae; g__Enterocloster	0.9943953550438396
810e21d02cfe8c0657bc084bca11bee8	d__Bacteria; p__Bacteroidota; c__Bacteroidia; o__Bacteroidales; f__Bacteroidaceae; g__Bacteroides	0.9999461671319123
8e30a96c25940e7edf3c7cd8a2806217	d__Bacteria; p__Pseudomonadota; c__Gammaproteobacteria; o__Burkholderiales; f__Sutterellaceae; g__Sutterella	0.9999993521766124
510343d7578383fbd039b7a4e5bdeb9d	d__Bacteria; p__Bacillota; c__Clostridia; o__Lachnospirales; f__Lachnospiraceae	0.9999999774292591
be668de2e5fa036995de8f788fea35fc	d__Bacteria; p__Bacteroidota; c__Bacteroidia; o__Bacteroidales; f__Bacteroidaceae; g__Bacteroides	0.9999996930602224
0378c0231e6933fbc72d46dd5f18f452	d__Bacteria; p__Bacillota; c__Clostridia; o__Peptostreptococcales-Tissierellales; f__Peptostreptococcaceae; g__Intestinibacter	0.8655383426811328
a3bdf89fe6fdbc255217fb5669090bcf	d__Bacteria; p__Bacillota; c__Clostridia; o__Lachnospirales; f__Lachnospiraceae	0.9999979303090952
4dc372da98d8784d68b5b4b820ca5ded	d__Bacteria; p__Bacteroidota; c__Bacteroidia; o__Bacteroidales; f__Tannerellaceae; g__Parabacteroides	0.9999999783094611
3758eb39e2a371a0411f3cd7319e1ee5	d__Bacteria; p__Bacillota; c__Clostridia; o__Lachnospirales; f__Lachnospiraceae; g__Anaerobutyricum	0.9993840526556372
05b265f240edb508e9e1a3199ae9691c	d__Bacteria; p__Bacillota; c__Bacilli; o__Erysipelotrichales; f__Erysipelatoclostridiaceae; g__Erysipelotrichaceae_UCG-003	0.9999998507698504
ca45b5a42c5cb2ae75edf0b1284edd70	d__Bacteria; p__Bacillota; c__Clostridia; o__Lachnospirales; f__Lachnospiraceae; g__Mediterraneibacter	0.9326018868482538
b0c42c497f60e9c49043ccbc31ed206b	d__Bacteria; p__Bacillota; c__Clostridia; o__Lachnospirales; f__Lachnospiraceae; g__Enterocloster	0.9690970251389704
78f53c732794af8a5f57fcd4d0b14c0b	d__Bacteria; p__Bacillota; c__Clostridia; o__Lachnospirales; f__Lachnospiraceae; g__Dorea	0.9666559136899614
72e6a1e751bd4a76ea74f5f2f22a9a45	Unassigned	0.5727240462656973
0de98fd7abaa49614712ca8bf79b1dfb	d__Bacteria; p__Bacillota; c__Negativicutes; o__Acidaminococcales; f__Acidaminococcaceae; g__Phascolarctobacterium	0.9999999397303032
713a149f64bdeb2a0b8eaa55cf29744a	d__Bacteria; p__Bacteroidota; c__Bacteroidia; o__Bacteroidales; f__Tannerellaceae; g__Parabacteroides	0.999791443891254
0b40de082443e51c98a263cafa1b6092	d__Bacteria; p__Bacteroidota; c__Bacteroidia; o__Bacteroidales; f__Bacteroidaceae; g__Bacteroides	0.999989690458714
8956f82471118b496cde41e767601b3b	d__Bacteria; p__Bacillota; c__Clostridia; o__Clostridiales; f__Clostridiaceae; g__Clostridium	0.99860664357711
244b5ee5cba29fa6c997b9373d3faa60	d__Bacteria; p__Bacillota; c__Clostridia; o__Lachnospirales; f__Lachnospiraceae	0.9999967580201691
79876f4c69c1267566f1d15a4885566f	d__Bacteria; p__Bacillota; c__Negativicutes; o__Veillonellales-Selenomonadales; f__Selenomonadaceae; g__Megamonas	0.9999999999053273
e92a20c9db93b0cfb47e737fe09ef9eb	d__Bacteria; p__Bacteroidota; c__Bacteroidia; o__Bacteroidales; f__Bacteroidaceae; g__Bacteroides	0.999995931571183
617c2bb71de3ee9e441574766b4c8313	d__Bacteria; p__Pseudomonadota; c__Gammaproteobacteria; o__Burkholderiales; f__Sutterellaceae; g__Sutterella	0.9999999949088902
44c572786becaca747834fab4dc5cd8a	d__Bacteria; p__Bacteroidota; c__Bacteroidia; o__Bacteroidales; f__Bacteroidaceae; g__Bacteroides	0.9999946795883682
623c11636a4d4b66d194c0d2a0ccd1d0	d__Bacteria; p__Bacteroidota; c__Bacteroidia; o__Bacteroidales; f__Bacteroidaceae; g__Bacteroides	0.9999713965114406
91f8679cd1ca188cfa18a5ed89d4618e	d__Bacteria; p__Bacillota; c__Clostridia; o__Lachnospirales; f__Lachnospiraceae; g__Enterocloster	0.8670764100085702
167319a8a5ba498b8ed37127aa2d5ab5	d__Bacteria; p__Bacteroidota; c__Bacteroidia; o__Bacteroidales; f__Bacteroidaceae; g__Bacteroides	0.9999700674544459
c2fbc190698e6e1ff03a4751ac505f36	d__Bacteria; p__Bacillota; c__Bacilli; o__Erysipelotrichales; f__Erysipelotrichaceae; g__Holdemanella	0.9999467307546888
028fc49c7807edc5e6a74a0419935943	d__Bacteria; p__Bacteroidota; c__Bacteroidia; o__Bacteroidales; f__Bacteroidaceae; g__Bacteroides	0.9999968478623429
e51994728762c7072585ccbe20c7e79e	d__Bacteria; p__Bacteroidota; c__Bacteroidia; o__Bacteroidales; f__Bacteroidaceae; g__Bacteroides	0.9999730200419749
e51a722c01e59626c016dbcd9b54e1ac	d__Bacteria; p__Bacteroidota; c__Bacteroidia; o__Bacteroidales; f__Bacteroidaceae; g__Bacteroides	0.9999936051109992
a0ec9824d59b08a685414f1cc08c3613	d__Bacteria; p__Bacteroidota; c__Bacteroidia; o__Bacteroidales; f__Bacteroidaceae; g__Bacteroides	0.9999395473636841
4c3adae570e5b6de6b9095b026805d6c	d__Bacteria; p__Bacteroidota; c__Bacteroidia; o__Bacteroidales; f__Bacteroidaceae; g__Bacteroides	0.9973215159052999
733f67f664719860e200ce230303a267	d__Bacteria; p__Bacteroidota; c__Bacteroidia; o__Bacteroidales; f__Bacteroidaceae; g__Bacteroides	0.9999866916484257
707d1456890492083f59395e0cebd25b	d__Bacteria; p__Bacillota; c__Clostridia; o__Lachnospirales; f__Lachnospiraceae	0.9999980365783987
9c5989f725e7a8c8bd7542d7776666b7	d__Bacteria; p__Bacillota; c__Clostridia; o__Lachnospirales; f__Lachnospiraceae; g__Anaerostipes	0.9972180346825694
2c0fa6e74e8c637565f8aaff310ee1d3	d__Bacteria; p__Bacteroidota; c__Bacteroidia; o__Bacteroidales; f__Bacteroidaceae; g__Bacteroides	0.9999965975516051
e1d75de5231851ca539f97d53a41a7b1	d__Bacteria; p__Bacillota; c__Clostridia; o__Lachnospirales; f__Lachnospiraceae	0.9999998868112697
bd01962c0e01a9a649504b8e0e39a711	d__Bacteria; p__Bacillota; c__Clostridia; o__Lachnospirales; f__Lachnospiraceae	0.9999994726737828
08a1568ba1eafd494b74dab205b0de4a	d__Bacteria; p__Actinomycetota; c__Actinobacteria; o__Bifidobacteriales; f__Bifidobacteriaceae; g__Bifidobacterium	0.9999916959810976
edb28de192c6a32a71edf3db9b4c6cdc	d__Bacteria; p__Bacteroidota; c__Bacteroidia; o__Bacteroidales; f__Prevotellaceae; g__Segatella	0.9998099790138241
83efcfc783335d0a24c98890a0071ffc	d__Bacteria; p__Bacteroidota; c__Bacteroidia; o__Bacteroidales; f__Barnesiellaceae; g__Barnesiella	0.999999998556973
f949c3d6392f7d23a7cbdb9e8f7180cd	d__Bacteria; p__Bacillota; c__Clostridia; o__Lachnospirales; f__Lachnospiraceae	0.9999999387604352
6f0b528f77b5df5979e15ebe5981f465	d__Bacteria; p__Bacteroidota; c__Bacteroidia; o__Bacteroidales; f__Prevotellaceae; g__Segatella	0.9986955352766161
7a5604e7bb8831f8f881cdc595698706	d__Bacteria; p__Bacteroidota; c__Bacteroidia; o__Bacteroidales; f__Bacteroidaceae; g__Bacteroides	0.9999804397737336
54b7239e23073fb4e7a4886de051e73e	d__Bacteria; p__Bacillota; c__Clostridia; o__Lachnospirales; f__Lachnospiraceae	0.9999997356017776
a8d1207d541a583e93b9ec01469301c2	d__Bacteria; p__Bacillota; c__Clostridia; o__Clostridiales; f__Clostridiaceae; g__Clostridium	0.9997008585922635
35d3f5184c7c7dd9f2b01f01c9b4b71a	d__Bacteria; p__Bacillota; c__Clostridia; o__Peptostreptococcales-Tissierellales; f__Peptostreptococcaceae	0.9999997683558861
7cc41ba888536b07fcc165deb9c9093c	d__Bacteria; p__Bacillota; c__Clostridia; o__Lachnospirales; f__Lachnospiraceae	0.999999980143
298f0e013d883e004bb17b054e76038f	d__Bacteria; p__Bacteroidota; c__Bacteroidia; o__Bacteroidales; f__Prevotellaceae; g__Leyella	0.9997323105511261
c7f352e89d0a800c6a782b77ae06ed93	d__Bacteria; p__Bacteroidota; c__Bacteroidia; o__Bacteroidales; f__Bacteroidaceae; g__Bacteroides	0.9987083873274529
f0aa020650dc81aa2e5f5654bb73477a	d__Bacteria; p__Bacillota; c__Clostridia; o__Lachnospirales; f__Lachnospiraceae; g__Epulopiscium	0.9999719407470158
db9a6f38a175db0a4116d829bb825642	d__Bacteria; p__Bacillota; c__Clostridia; o__Lachnospirales; f__Lachnospiraceae	0.9999576775975938
fceedc0e067b440c050671698e8a41d7	d__Bacteria; p__Bacteroidota; c__Bacteroidia; o__Bacteroidales; f__Tannerellaceae; g__Parabacteroides	0.9999992531942414
f751aa32f312245100738616dd49163d	d__Bacteria; p__Bacillota; c__Clostridia; o__Lachnospirales; f__Lachnospiraceae	0.9999998336559737
8a698e591812d64463d33fa8636cfcb3	d__Bacteria; p__Bacillota; c__Clostridia; o__Lachnospirales; f__Lachnospiraceae	0.999999237708317
6e85ec7ce86810add088f7bc8c2220fa	d__Bacteria; p__Thermodesulfobacteriota; c__Desulfovibrionia; o__Desulfovibrionales; f__Desulfovibrionaceae; g__Bilophila	0.9999999625860176
f16585440beb506e704430282fc180be	d__Bacteria; p__Bacteroidota; c__Bacteroidia; o__Bacteroidales; f__Rikenellaceae; g__Alistipes	0.9998858356424796
52e0aa8b0f516bf2a5468237c4a92b09	d__Bacteria; p__Bacteroidota; c__Bacteroidia; o__Bacteroidales; f__Bacteroidaceae; g__Bacteroides	0.999619053214291
2db81b781ce0eca126316d0f53fe1175	d__Bacteria; p__Bacillota; c__Bacilli; o__Lactobacillales; f__Streptococcaceae; g__Streptococcus	0.9984793363181762
2bf9d98edbfb6cf64f606b4aecbc231d	d__Bacteria; p__Bacillota; c__Clostridia; o__Lachnospirales; f__Lachnospiraceae	0.9999995543726554
4390fbcd7b629dd15d2e30f7cf39805d	d__Bacteria; p__Bacteroidota; c__Bacteroidia; o__Bacteroidales; f__Bacteroidaceae; g__Bacteroides	0.9998920709243062
0c117fa42994e200e81c9291094a6f34	d__Bacteria; p__Bacillota; c__Clostridia; o__Lachnospirales; f__Lachnospiraceae	0.9999887052045746
f641ac28ae353aef3109ebc10a14b308	d__Bacteria; p__Fusobacteriota; c__Fusobacteriia; o__Fusobacteriales; f__Fusobacteriaceae; g__Fusobacterium	0.9999951235658056
26f1f46028a6e45881fa77c7bde9b00d	d__Bacteria; p__Bacteroidota; c__Bacteroidia; o__Bacteroidales; f__Prevotellaceae; g__Segatella	0.9998073798242182
70ae35f62cb4821b6dace5d66d1b654f	d__Bacteria; p__Bacteroidota; c__Bacteroidia; o__Bacteroidales; f__Barnesiellaceae; g__Barnesiella	0.9999999991620996
20131f7b95b1b70cf123ca052172380d	d__Bacteria; p__Bacillota; c__Clostridia; o__Lachnospirales; f__Lachnospiraceae; g__Blautia	0.9347133083624626
5f419820ef82a1593ec6ab27664f7df2	d__Bacteria; p__Bacillota; c__Clostridia; o__Lachnospirales; f__Lachnospiraceae; g__Roseburia	0.7642132412226464
d054ddc528316b66dd7fb73a10b77bc2	d__Bacteria; p__Bacillota; c__Negativicutes; o__Veillonellales-Selenomonadales; f__Veillonellaceae; g__Dialister	0.999997029832761
f320ee4da9a75dba86693cf2f0e2b058	d__Bacteria; p__Bacteroidota; c__Bacteroidia; o__Bacteroidales; f__Marinifilaceae; g__Odoribacter	0.9999996207049273
f170d8be1ae6795a2b0a1ce87ce27d54	d__Bacteria; p__Thermodesulfobacteriota; c__Desulfovibrionia; o__Desulfovibrionales; f__Desulfovibrionaceae; g__Desulfovibrio	0.9996115490601567
696c2883352ceb96bba8ea05a337e931	d__Bacteria; p__Bacteroidota; c__Bacteroidia; o__Bacteroidales; f__Bacteroidaceae; g__Bacteroides	0.999978877044324
97351bb5e19f0e3d19bab552b7055653	d__Bacteria; p__Bacillota; c__Clostridia; o__Lachnospirales; f__Lachnospiraceae	0.9999996602587262
3b5b4c225b4e2a00aa0ab2755968bab4	d__Bacteria; p__Bacillota; c__Clostridia; o__Lachnospirales; f__Lachnospiraceae; g__[Eubacterium]_eligens_group	0.9516896940498129
7ce2c502fbd2cff44ebb0939e1105add	d__Bacteria; p__Bacillota; c__Clostridia; o__Lachnospirales; f__Lachnospiraceae	0.9999993877649109
09c66fc5ef695730d51c00cb8a93726c	d__Bacteria; p__Bacillota; c__Clostridia; o__Lachnospirales; f__Lachnospiraceae	0.9999989519603619
bada80ef9e5449f8866372e14c89f904	d__Bacteria; p__Bacillota; c__Clostridia; o__Lachnospirales; f__Lachnospiraceae	0.9999998761601123
c852fd41a7a8fc3bf7fbea03737e9746	d__Bacteria; p__Bacteroidota; c__Bacteroidia; o__Bacteroidales; f__Prevotellaceae; g__Segatella	0.9998127136056064
940a7d4506d862de47cf7a4bedc854be	d__Bacteria; p__Bacillota; c__Clostridia; o__Peptostreptococcales-Tissierellales; f__Peptostreptococcaceae; g__Peptostreptococcus	0.9999999348671075
a0515e550a14f1885b62e43918fc1118	d__Bacteria; p__Bacillota; c__Clostridia; o__Lachnospirales; f__Lachnospiraceae; g__Lachnospiraceae_ND3007_group	0.9938138272385274
86d7196a410128e6399a1d78f5a4ba39	d__Bacteria; p__Bacteroidota; c__Bacteroidia; o__Bacteroidales; f__Prevotellaceae; g__Massiliprevotella	0.9999999252348913
52646ee2039992b1c964837dd33ad6c6	d__Bacteria; p__Bacillota; c__Clostridia; o__Oscillospirales; f__Oscillospiraceae; g__UCG-002	0.8333887863621057
aedd159df4422a73cb0692ea2abd6cf1	d__Bacteria; p__Pseudomonadota; c__Gammaproteobacteria; o__Enterobacterales; f__Enterobacteriaceae; g__Escherichia-Shigella	0.9977990026003759
a72aaab67f683582e03d123bf6ea5dbe	d__Bacteria; p__Bacillota; c__Clostridia; o__Lachnospirales; f__Lachnospiraceae; g__Roseburia	0.842580467327059
6b7cc15738ec99376d76deb05fa85dcf	d__Bacteria; p__Bacillota; c__Clostridia; o__Lachnospirales; f__Lachnospiraceae	0.9999992634163444
423b1971ba78e7804be64626b69def80	d__Bacteria; p__Bacteroidota; c__Bacteroidia; o__Bacteroidales; f__Bacteroidaceae; g__Bacteroides	0.9986974836050669
4fd18d3c77a3ee8194253a312631354a	d__Bacteria; p__Bacteroidota; c__Bacteroidia; o__Bacteroidales; f__Prevotellaceae; g__Paraprevotella	0.9993674580005859
3735104a5db8d7f51031426b9fc89071	d__Bacteria; p__Bacteroidota; c__Bacteroidia; o__Bacteroidales; f__Prevotellaceae; g__Incertae_Sedis	0.9953718681480315
95ddf8215df9e01bc32efec9dab56144	d__Bacteria; p__Bacteroidota; c__Bacteroidia; o__Bacteroidales; f__Tannerellaceae; g__Parabacteroides	0.9999997929569348
50ae9bd269045213804a2d011be302d2	d__Bacteria; p__Bacillota; c__Bacilli; o__Erysipelotrichales; f__Erysipelotrichaceae; g__Holdemanella	0.9999157552638804
c2ff42db2e2948eb862a83b932c9ecfb	d__Bacteria; p__Bacteroidota; c__Bacteroidia; o__Bacteroidales; f__Prevotellaceae; g__Segatella	0.9997288833908046
a716b99232fa3a34ee30ae758b9216c1	d__Bacteria; p__Bacillota; c__Clostridia; o__Christensenellales; f__Christensenellaceae; g__Christensenellaceae_R-7_group	0.949056036345667
7fb89e65c264f41b0b26c389ccb4635a	d__Bacteria; p__Bacillota; c__Clostridia; o__Lachnospirales; f__Lachnospiraceae; g__Lachnospira	0.9727209987211418
6a808b1aacaef160787eef0f9488c8e8	d__Bacteria; p__Actinomycetota; c__Coriobacteriia; o__Coriobacteriales; f__Coriobacteriaceae; g__Collinsella	0.999966425435041
2456cbeb52f05e9a0337a51b4d985931	d__Bacteria; p__Bacillota; c__Bacilli; o__Erysipelotrichales; f__Erysipelotrichaceae; g__[Clostridium]_innocuum_group	0.9996217491793185
b9cc572a30cf9a21d7e7e513645bf9b8	d__Bacteria; p__Actinomycetota; c__Actinobacteria; o__Bifidobacteriales; f__Bifidobacteriaceae; g__Bifidobacterium	0.9999999865204786
ecf49d366df296dbccdf54041f84a733	d__Bacteria; p__Bacteroidota; c__Bacteroidia; o__Bacteroidales; f__Bacteroidaceae; g__Bacteroides	0.9999922670495065
449a3690cf84bfa67c2f821648fad8c4	d__Bacteria; p__Bacillota; c__Bacilli; o__Erysipelotrichales; f__Erysipelatoclostridiaceae; g__Asteroleplasma	1.0
00d062b65dc9af0d4346ad7874751a7e	d__Bacteria; p__Bacteroidota; c__Bacteroidia; o__Bacteroidales; f__Prevotellaceae; g__Incertae_Sedis	0.9828440610686972
38ab0c810d078c457d8d0dc092b1059c	d__Bacteria; p__Pseudomonadota; c__Gammaproteobacteria; o__Enterobacterales; f__Pasteurellaceae; g__Haemophilus	0.9999110396393821
8c79d1a374794d74551ccc0c102dfa6e	d__Bacteria; p__Pseudomonadota; c__Gammaproteobacteria; o__Burkholderiales; f__Sutterellaceae; g__Parasutterella	0.9991222444203007
2d5bba0721211989f3360e172cf55c53	d__Bacteria; p__Pseudomonadota; c__Gammaproteobacteria; o__Enterobacterales; f__Enterobacteriaceae; g__Klebsiella	0.983629619650993
07a7cd5b1842736e83769b3cbc1d72ae	d__Bacteria; p__Bacteroidota; c__Bacteroidia; o__Bacteroidales; f__Prevotellaceae; g__Prevotellaceae_UCG-004	0.7950110055297444
73acacc3ca0e38b62d9452780b87dd01	d__Bacteria; p__Fusobacteriota; c__Fusobacteriia; o__Fusobacteriales; f__Fusobacteriaceae; g__Fusobacterium	0.9999515362620514
43e44d8b2ddc76afa16d8cd0959f19f3	d__Bacteria; p__Bacillota; c__Clostridia; o__Peptostreptococcales-Tissierellales; f__Family_XI; g__Anaerococcus	0.9999999999997016
038410a4fd07418f18f4420b23f42e10	d__Bacteria; p__Bacteroidota; c__Bacteroidia; o__Bacteroidales; f__Prevotellaceae	0.9999999986664431
6a0414161e1bc33dd92808443fa45d41	d__Bacteria; p__Bacillota; c__Clostridia; o__Oscillospirales; f__Oscillospiraceae; g__UCG-003	0.993722737069756
25a1e7c83d75ef79acae24cebddd92f1	d__Bacteria; p__Bacteroidota; c__Bacteroidia; o__Bacteroidales; f__Marinifilaceae; g__Odoribacter	0.9999998968136392
c741ee985ebf7b59e6aad84198615d3c	d__Bacteria; p__Bacillota; c__Clostridia; o__Lachnospirales; f__Lachnospiraceae; g__Lachnospiraceae_UCG-010	0.9997687741990623
877a97a42dfdcfbf37a0a8aed2fa7e93	d__Bacteria; p__Bacteroidota; c__Bacteroidia; o__Bacteroidales; f__Porphyromonadaceae; g__Porphyromonas	0.9993324978119961
a2d1388e9e78bc4dc7b2eb353de84a36	d__Bacteria; p__Actinomycetota; c__Actinobacteria; o__Bifidobacteriales; f__Bifidobacteriaceae; g__Bifidobacterium	0.9999997785667706
76d2d825f6bbba737f2e4291857af3d1	d__Bacteria; p__Pseudomonadota; c__Gammaproteobacteria; o__Burkholderiales; f__Sutterellaceae; g__Parasutterella	0.9978422528508822
d07467059c7493f1ff9bc58eaa6f8066	d__Bacteria; p__Bacillota; c__Clostridia; o__Lachnospirales; f__Lachnospiraceae	0.9999981630884952
7ab8391d1aa2670bed97c8f62fe3c7c8	d__Bacteria; p__Bacteroidota; c__Bacteroidia; o__Bacteroidales; f__Bacteroidaceae; g__Bacteroides	0.9888448555716953
e8490065adca23a9a435be45e3867b70	d__Bacteria; p__Bacillota; c__Clostridia; o__Peptostreptococcales-Tissierellales; f__Family_XI; g__Finegoldia	0.9999999999590443
58bb541c79f6bca0fbeeac4bd7ffef04	d__Bacteria; p__Bacillota; c__Clostridia; o__Lachnospirales; f__Lachnospiraceae	0.9999994101116181
ded6105deab709fad19a8279ca6c2d16	d__Bacteria; p__Bacillota; c__Bacilli; o__Lactobacillales; f__Streptococcaceae; g__Streptococcus	0.9999902198237787
3f18ad32c7cf9a9bfcfc495da28a83e8	d__Bacteria; p__Bacteroidota; c__Bacteroidia; o__Bacteroidales; f__Prevotellaceae; g__Segatella	0.9997680313192804
031ff158fa7a0165693ada705d828d11	d__Bacteria; p__Bacteroidota; c__Bacteroidia; o__Bacteroidales; f__Barnesiellaceae; g__Coprobacter	0.9999999999801901
be4a63b27c18395d6ccf9259de182a95	d__Bacteria; p__Bacteroidota; c__Bacteroidia; o__Bacteroidales; f__Prevotellaceae; g__Segatella	0.9999295093951266
a250bfa3183271881de636bd953f38c6	d__Bacteria; p__Bacillota; c__Clostridia; o__Lachnospirales; f__Lachnospiraceae	0.9999996198908068
932e0c69c9af1affe7a4780e8c9c1772	d__Bacteria; p__Bacteroidota; c__Bacteroidia; o__Bacteroidales; f__Barnesiellaceae; g__Barnesiella	0.9999999992578807
d71bb724a6718761da8420247c229804	d__Bacteria; p__Bacteroidota; c__Bacteroidia; o__Bacteroidales; f__Prevotellaceae; g__Prevotella	0.994945322302204
64d54c400712b8337d6365d14f6e49ff	d__Bacteria; p__Bacillota; c__Clostridia; o__Lachnospirales; f__Lachnospiraceae	0.9999682328247962
50ddf202ec5e042dc9a3365d7450afb7	d__Bacteria; p__Verrucomicrobiota; c__Verrucomicrobiia; o__Verrucomicrobiales; f__Akkermansiaceae; g__Akkermansia	0.9999999999009219
11d46cf7a1eaa9baaa9aa2c8f612c6e3	d__Bacteria; p__Bacteroidota; c__Bacteroidia; o__Bacteroidales; f__Bacteroidaceae; g__Bacteroides	0.9999916288929792
27ca95247773ff942b5a5734f02e2edc	d__Bacteria; p__Bacillota; c__Clostridia; o__Oscillospirales; f__Oscillospiraceae; g__Intestinimonas	0.7170211631000198
f17e7e5dbf9930e271b4860403429f71	d__Bacteria; p__Bacillota; c__Clostridia; o__Peptostreptococcales-Tissierellales; f__Family_XI; g__Fenollaria	0.9999999979390566
aa7a3b181dec3eebe1912dc2c0200413	d__Bacteria; p__Bacillota; c__Clostridia; o__Oscillospirales; f__Oscillospiraceae; g__Flavonifractor	0.9938076076121817
1250a369f2cb064371eab33d380f96cd	d__Bacteria; p__Bacillota; c__Clostridia; o__Lachnospirales; f__Lachnospiraceae	0.9999982004962581
8a42452a6fa4bfd9de8014f65ddf9dc5	d__Bacteria; p__Bacteroidota; c__Bacteroidia; o__Bacteroidales; f__Prevotellaceae; g__Segatella	0.9999092998981217
6d6d24c7adb4cd6ad74eb01ce1d9d477	d__Bacteria; p__Bacteroidota; c__Bacteroidia; o__Bacteroidales; f__Prevotellaceae; g__Incertae_Sedis	0.999995051942597
d8009f8d69e1bf357c938e2a43f64e25	d__Bacteria; p__Verrucomicrobiota; c__Verrucomicrobiia; o__Verrucomicrobiales; f__Akkermansiaceae; g__Akkermansia	0.9999999998632205
29250f70f0eb81aedf3fac4c0525deaa	d__Bacteria; p__Bacteroidota; c__Bacteroidia; o__Bacteroidales; f__Prevotellaceae; g__Leyella	0.9612003601070781
007f2738f882920803aab2320cbb613b	d__Bacteria; p__Bacillota; c__Clostridia; o__Oscillospirales; f__Oscillospiraceae; g__UCG-005	0.9750612239019145
ba3bc495f995b77a9540756d7be6a91f	d__Bacteria; p__Pseudomonadota; c__Alphaproteobacteria; o__Rhodospirillales; f__Incertae_Sedis; g__Incertae_Sedis	0.999999911487269
98150621eea8dbce234238ad525b1fae	d__Bacteria; p__Bacteroidota; c__Bacteroidia; o__Bacteroidales; f__Prevotellaceae; g__Segatella	0.9996590857299835
708fd434bb1552afc7d2a282fd969036	d__Bacteria; p__Bacteroidota; c__Bacteroidia; o__Bacteroidales; f__Bacteroidaceae; g__Bacteroides	0.9999979931192614
94d11477d3e786370142b0444cfebd95	d__Bacteria; p__Bacteroidota; c__Bacteroidia; o__Bacteroidales; f__Barnesiellaceae; g__Barnesiella	0.9999999955582837
d57302e1f4f5c5fc5296811f296926a8	d__Bacteria; p__Bacteroidota; c__Bacteroidia; o__Bacteroidales; f__Prevotellaceae; g__Segatella	0.9998052201530626
096a46aa291a3121b6761589061ec0b5	d__Bacteria; p__Bacillota; c__Clostridia; o__Oscillospirales; f__Oscillospiraceae; g__Oscillospira	0.7480625045632701
b75bbfbd5544c774ff94ba03aaa0c34e	d__Bacteria; p__Bacillota; c__Clostridia; o__Lachnospirales; f__Lachnospiraceae; g__Blautia	0.8151625246778401
f69ded47f212debdf00b4c511a7c9cea	d__Bacteria; p__Bacillota; c__Clostridia; o__Lachnospirales; f__Lachnospiraceae	0.9999992389773864
918c222e275f41aeff6cc58de66b5987	d__Bacteria; p__Bacillota; c__Clostridia; o__Oscillospirales; f__Ruminococcaceae; g__Acutalibacter	0.9998979645683403
6f0dc6e79a2a19910d3e55f63908d98c	Unassigned	0.6688718793883088
939f44cd70554d5cd48780df298beff8	d__Bacteria; p__Actinomycetota; c__Actinobacteria; o__Bifidobacteriales; f__Bifidobacteriaceae; g__Bifidobacterium	0.9999759853108164
3b5d623b51347d29555bf1591aa96e8a	d__Bacteria; p__Bacteroidota; c__Bacteroidia; o__Bacteroidales; f__Rikenellaceae; g__Alistipes	0.9997355432122982
69f5290ab626c65cc9ccfa4c96d5aba1	d__Bacteria; p__Bacteroidota; c__Bacteroidia; o__Bacteroidales; f__Tannerellaceae; g__Parabacteroides	0.9999982568120901
cc40129cc375eb58a1bd39ee9bf15958	d__Bacteria; p__Bacillota; c__Bacilli; o__Lactobacillales; f__Enterococcaceae; g__Enterococcus	0.9485655606738455
041ef1909579a7c041737a4cfd138aa4	d__Bacteria; p__Bacillota; c__Bacilli; o__Erysipelotrichales; f__Erysipelatoclostridiaceae; g__Thomasclavelia	0.9999548542347559
24d0bc7ce97bcba29f1f4c3f490d9083	d__Bacteria; p__Bacteroidota; c__Bacteroidia; o__Bacteroidales; f__Bacteroidaceae; g__Bacteroides	0.9999996290156026
738f6874dbae75c9ae7bd7aa6faf11ae	d__Bacteria; p__Bacillota; c__Clostridia; o__Lachnospirales; f__Lachnospiraceae; g__Lachnospiraceae_UCG-004	0.938227886515904
7b2ad17f10879d82c7c206e42c4a5f31	d__Bacteria; p__Pseudomonadota; c__Gammaproteobacteria; o__Burkholderiales; f__Sutterellaceae; g__Sutterella	0.9639466294906429
ed3a25ea47849dd8fefafbdfb1d4634d	d__Bacteria; p__Bacillota; c__Clostridia; o__Lachnospirales; f__Lachnospiraceae	0.9999993673733286
4078edb72ae2aac5f97855f5e3078863	d__Bacteria; p__Bacteroidota; c__Bacteroidia; o__Bacteroidales; f__Prevotellaceae	0.9999999974412399
b9c904ecb77bbfe1f9d176c54120ecbb	d__Bacteria; p__Bacteroidota; c__Bacteroidia; o__Bacteroidales; f__Bacteroidaceae; g__Bacteroides	0.9999724553537297
e5f76cc498b9abe2460411d8d731c897	d__Bacteria; p__Bacteroidota; c__Bacteroidia; o__Bacteroidales; f__Bacteroidaceae; g__Bacteroides	0.9999965137438186
20b2cd560b1761b55282bfe9dcd3b5eb	d__Bacteria; p__Bacillota; c__Clostridia; o__Peptostreptococcales-Tissierellales; f__Peptostreptococcaceae	0.9999997474454306
2f0e4800236c0e75da7f34e7343011d9	d__Bacteria; p__Bacteroidota; c__Bacteroidia; o__Bacteroidales; f__Bacteroidaceae; g__Bacteroides	0.9998926834772226
b55e2cc03cbc337c6c9863fc7d7128e7	d__Bacteria; p__Pseudomonadota; c__Alphaproteobacteria; o__Rhodospirillales; f__Incertae_Sedis; g__Incertae_Sedis	0.9999997288451054
7c27ce6904f86b2f148d5b9e7fe4a847	d__Bacteria; p__Bacteroidota; c__Bacteroidia; o__Bacteroidales; f__Prevotellaceae; g__Leyella	0.9999509539986794
98814037399ef86ccd6b46b541fab84e	d__Bacteria; p__Bacteroidota; c__Bacteroidia; o__Bacteroidales; f__Bacteroidaceae; g__Bacteroides	0.9999975800038364
5f2ef4a6a6e54dab510ea4179a424338	d__Bacteria; p__Bacillota; c__Clostridia; o__Peptostreptococcales-Tissierellales; f__Family_XI; g__Parvimonas	0.9999994534855788
e23516f26505190e1fbca636de709d03	d__Bacteria; p__Bacteroidota; c__Bacteroidia; o__Bacteroidales; f__Bacteroidaceae; g__Bacteroides	0.9999881433931425
ded91501fbeb3e9e4a98eed33b16c092	d__Eukaryota	0.8821462640131013
943d2000c6c01ab70fe91ff201eb0dde	d__Bacteria; p__Bacteroidota; c__Bacteroidia; o__Bacteroidales; f__Tannerellaceae; g__Parabacteroides	0.9999923048102699
9a62352e67bc3dba8ad2fb7a5aec3774	d__Bacteria; p__Bacillota; c__Clostridia; o__Peptostreptococcales-Tissierellales; f__Family_XI; g__Peptoniphilus	0.999999736648923
8c5c1e33bdd2f244342f2acd6e5db57e	d__Bacteria; p__Bacillota; c__Clostridia; o__Lachnospirales; f__Lachnospiraceae	0.9999994182135463
77e6823ac8bb1e50c4d8db71f85eb4f4	d__Bacteria; p__Bacillota; c__Negativicutes; o__Acidaminococcales; f__Acidaminococcaceae; g__Phascolarctobacterium	0.9999999999054268
0d8a2a94e46e63450698d4e34a51d471	d__Bacteria; p__Pseudomonadota; c__Gammaproteobacteria; o__Burkholderiales; f__Sutterellaceae; g__Sutterella	0.99999843761516
36b81f9f17b12f5844b64878b47c9c55	d__Bacteria; p__Bacteroidota; c__Bacteroidia; o__Bacteroidales; f__Barnesiellaceae; g__Barnesiella	0.9999999951023284
624afcc7702e70217da74f4bec78438b	d__Bacteria; p__Bacillota; c__Clostridia; o__Lachnospirales; f__Lachnospiraceae; g__Faecalimonas	0.785142261710824
3cf648bdbfb5325a6fb563a29302aef8	d__Bacteria; p__Bacillota; c__Clostridia; o__Lachnospirales; f__Lachnospiraceae	0.99999609575952
11d1bccb97993a57396fd4ead1af6cb8	d__Bacteria; p__Bacteroidota; c__Bacteroidia; o__Bacteroidales; f__Prevotellaceae; g__Segatella	0.9997049682541433
ef21174db13d9850b827a0c992cab463	d__Bacteria; p__Bacillota; c__Clostridia; o__Lachnospirales; f__Lachnospiraceae	0.999999223047159
40be75d41fc7102156f807398feaf372	d__Bacteria; p__Bacteroidota; c__Bacteroidia; o__Bacteroidales; f__Prevotellaceae	0.9999999910975738
0f8ccbbdfb17719c82e738ca322f7929	d__Bacteria; p__Bacteroidota; c__Bacteroidia; o__Bacteroidales; f__Prevotellaceae; g__Segatella	0.9996608777635279
de33b11251dbb55aa9494c40988e9537	d__Bacteria; p__Pseudomonadota; c__Gammaproteobacteria; o__Enterobacterales; f__Enterobacteriaceae; g__Escherichia-Shigella	0.9921343467135701
c08fdc5b13f72497f3183d60201af65f	d__Bacteria; p__Bacillota; c__Clostridia; o__Oscillospirales; f__Oscillospiraceae; g__UCG-002	0.9945780641790943
b7db5c981a6f04bfa97ec0e63b545978	d__Bacteria; p__Pseudomonadota; c__Gammaproteobacteria; o__Enterobacterales; f__Enterobacteriaceae; g__Klebsiella	0.9203634931826014
a452a30f68e4aec159e37f861b1fc159	d__Bacteria; p__Bacillota; c__Clostridia; o__Lachnospirales; f__Lachnospiraceae; g__Blautia	0.8051046618880923
dc83c1aa6d7da703a2308c5a522c19a4	d__Bacteria; p__Pseudomonadota; c__Gammaproteobacteria; o__Burkholderiales; f__Sutterellaceae; g__Sutterella	0.9999996071054288
2c60a7a1db0e60b336990a8859b47bf1	d__Bacteria; p__Bacillota; c__Clostridia; o__Lachnospirales; f__Lachnospiraceae; g__GCA-900066575	0.9381547296228135
34ec78b93cdcddcd2d9dd8205cc2a4da	d__Bacteria; p__Fusobacteriota; c__Fusobacteriia; o__Fusobacteriales; f__Fusobacteriaceae; g__Fusobacterium	0.9999999999653539
a61d5f0784ec0fcc143b41ac5f4de6d3	d__Bacteria; p__Bacillota; c__Clostridia; o__Monoglobales; f__Monoglobaceae; g__Monoglobus	0.9999997971397142
712d7aef27509b53f5f3cf56c9d10aff	d__Bacteria; p__Bacteroidota; c__Bacteroidia; o__Bacteroidales; f__Prevotellaceae; g__Prevotellaceae_NK3B31_group	0.9937225462784387
7576f5babda140787035dec92f2cb9f2	d__Bacteria; p__Bacillota; c__Clostridia; o__Lachnospirales; f__Lachnospiraceae; g__Anaerostipes	0.9898404891320561
d43b5cb4fe6da2df1a75c98054cd022b	d__Bacteria; p__Fusobacteriota; c__Fusobacteriia; o__Fusobacteriales; f__Fusobacteriaceae; g__Fusobacterium	0.9999464861269203
18e50e01834ba65cb489d674e1b4c994	d__Bacteria; p__Pseudomonadota; c__Gammaproteobacteria; o__Enterobacterales; f__Enterobacteriaceae; g__Escherichia-Shigella	0.9996867566512834
a3b6069260231e6f7bb1ef2e2a2d6ced	d__Bacteria; p__Bacteroidota; c__Bacteroidia; o__Bacteroidales; f__Bacteroidaceae; g__Bacteroides	0.9573200513158495
160b0adf1af0f2c6274f21f3627fc156	d__Bacteria; p__Bacillota; c__Clostridia; o__Lachnospirales; f__Lachnospiraceae	0.9999997925830315
6c560632e7bcc665bc73a01a23c321c0	d__Bacteria; p__Bacillota; c__Negativicutes; o__Acidaminococcales; f__Acidaminococcaceae; g__Acidaminococcus	0.9999999462427113
b860ac8d4ce061aff1b095a7dfe5b7ef	d__Bacteria; p__Bacillota; c__Clostridia; o__Lachnospirales; f__Lachnospiraceae	0.9999998347945421
d05c3a055a4a84046e732e16c187977e	d__Bacteria; p__Bacteroidota; c__Bacteroidia; o__Bacteroidales; f__Prevotellaceae; g__Leyella	0.9997258229348428
5102c02b4757e9677b8a16c751324abd	d__Bacteria; p__Bacillota; c__Clostridia; o__Lachnospirales; f__Lachnospiraceae; g__Blautia	0.9479213898139638
b9b9a81b57a8011e419d8d52bf67dce9	d__Bacteria; p__Bacillota; c__Clostridia; o__Oscillospirales; f__Ruminococcaceae; g__Faecalibacterium	0.9999974617205494
d1afb3cba0f87164326d9433bd04794f	d__Bacteria; p__Pseudomonadota; c__Gammaproteobacteria; o__Enterobacterales; f__Succinivibrionaceae; g__Succinivibrio	0.9954144779348555
f9283780d796ffcc12a283e56b806087	d__Bacteria; p__Bacillota; c__Clostridia; o__Oscillospirales; f__Ruminococcaceae	0.9999728185047396
e5b7b045d81031c113b1eb83d886fe2f	d__Bacteria; p__Bacillota; c__Clostridia; o__Lachnospirales; f__Lachnospiraceae	0.9999997415689312
cdd7d8ac3f9cc194ddd02ecc91eb1345	d__Bacteria; p__Bacteroidota; c__Bacteroidia; o__Bacteroidales; f__Bacteroidaceae; g__Bacteroides	0.9999714850104925
55ea4d98301e3fb905f18df2f94fffdd	d__Bacteria; p__Bacillota; c__Clostridia; o__Oscillospirales; f__Oscillospiraceae; g__UCG-002	0.9904693842628969
a85e98e60a1c48463d97820e3d79acf5	d__Bacteria; p__Bacillota; c__Clostridia; o__Oscillospirales; f__Ruminococcaceae; g__Faecalibacterium	0.9926193241116618
e9ab3f95c2c5480eaaa1977dd25c92c3	d__Bacteria; p__Bacteroidota; c__Bacteroidia; o__Bacteroidales; f__Prevotellaceae; g__Prevotella	0.9533929833013097
93342dec06ad87b3f7e8e733f16f1181	d__Bacteria; p__Bacteroidota; c__Bacteroidia; o__Bacteroidales; f__Rikenellaceae; g__Alistipes	0.9997427575444927
bc08bd08123fbc96fbbf0646a20dd678	d__Bacteria; p__Bacillota; c__Clostridia; o__Oscillospirales; f__Ruminococcaceae; g__Ruthenibacterium	0.9999844079814835
db43c923065205200b4be66c27cdca7c	d__Bacteria; p__Bacillota; c__Clostridia; o__Oscillospirales; f__Ruminococcaceae	0.9998866134928276
16341300231e7f3ab845dad52e7d068d	d__Bacteria; p__Bacillota; c__Clostridia; o__Christensenellales; f__Christensenellaceae; g__Christensenellaceae_R-7_group	0.9982209764022342
d25d39f98872ae941cc61121d3c0d8e3	d__Bacteria; p__Bacteroidota; c__Bacteroidia; o__Bacteroidales; f__Prevotellaceae; g__Prevotellaceae_NK3B31_group	0.9972869841995016
067107d94968fb1f07d8c9b42e8a6bf7	d__Bacteria; p__Bacteroidota; c__Bacteroidia; o__Bacteroidales; f__Bacteroidaceae; g__Bacteroides	0.9999957381958077
f04f3618a041064faba1caa2c889effa	d__Bacteria; p__Bacteroidota; c__Bacteroidia; o__Bacteroidales; f__Bacteroidaceae; g__Bacteroides	0.9999997304021314
d20b51642293e2b69a906fd76358f320	d__Bacteria; p__Bacillota; c__Negativicutes; o__Acidaminococcales; f__Acidaminococcaceae; g__Phascolarctobacterium	0.9999999996715161
9a9f0146c2b69378b52768128e2dab1b	d__Bacteria; p__Pseudomonadota; c__Gammaproteobacteria; o__Burkholderiales; f__Sutterellaceae; g__Sutterella	0.9768945697206188
a9d58bcef7f9852048c283dc85e989e2	d__Bacteria; p__Bacillota; c__Bacilli; o__Erysipelotrichales; f__Erysipelotrichaceae; g__Dielma	0.999784737427441
8b842585fa7dbdffa5cf9ccdfd07ce2d	d__Bacteria; p__Bacteroidota; c__Bacteroidia; o__Bacteroidales; f__Bacteroidaceae; g__Bacteroides	0.9995161646869797
f552ef934ffff5f91c2195015a4b9ed0	d__Bacteria; p__Bacillota; c__Clostridia; o__Lachnospirales; f__Lachnospiraceae	0.9999956415822531
e265bd81a6da2199f322904c3d101f16	d__Bacteria; p__Bacteroidota; c__Bacteroidia; o__Bacteroidales; f__Bacteroidaceae; g__Bacteroides	0.9940138141496856
6a403960cabac26623171326c99f6c36	d__Bacteria; p__Bacillota; c__Bacilli; o__Erysipelotrichales; f__Erysipelotrichaceae; g__Turicibacter	0.9999999995971791
cd33e8532129d209bdd8b6e8bc3238b9	d__Bacteria; p__Bacillota; c__Clostridia; o__Oscillospirales; f__Ruminococcaceae	0.999954945625519
409331e239f1698dd2d9cddc6817a7b7	d__Bacteria; p__Bacteroidota; c__Bacteroidia; o__Bacteroidales; f__Prevotellaceae; g__Leyella	0.7405477718109867
b668ce34935e16c841e3020d44e04fb9	d__Bacteria; p__Bacillota; c__Clostridia; o__Oscillospirales; f__Butyricicoccaceae; g__Agathobaculum	0.99921994987138
42bbba4e1d20e31dbd1c5293121af44b	d__Bacteria; p__Bacillota; c__Clostridia; o__Oscillospirales; f__Ruminococcaceae; g__Ruminococcus	0.9916528422214973
62b917448fda14fc46c1f8bf8bddb91b	d__Bacteria; p__Bacteroidota; c__Bacteroidia; o__Bacteroidales; f__Tannerellaceae; g__Parabacteroides	0.9999963274584694
da60ba4aeeb596e9499ea1092219c990	d__Bacteria; p__Bacteroidota; c__Bacteroidia; o__Bacteroidales; f__Rikenellaceae; g__Alistipes	0.9998991694734137
4f2895dec6b76253a0d98eae3162a932	d__Bacteria; p__Bacteroidota; c__Bacteroidia; o__Bacteroidales; f__Bacteroidaceae; g__Bacteroides	0.999998898544713
dc3372382cc935413d89bed75c7e25d7	d__Bacteria; p__Bacillota; c__Bacilli; o__Lactobacillales; f__Streptococcaceae; g__Streptococcus	0.9979725309873927
d5f8367d6b1ddb2954a60c7e6441fb3c	d__Bacteria; p__Bacillota; c__Clostridia; o__Lachnospirales; f__Lachnospiraceae	0.9999996718341935
06aeadf39c99b80c81318a284ad9ff83	d__Bacteria; p__Bacillota; c__Clostridia; o__Oscillospirales; f__Oscillospiraceae; g__UCG-002	0.9987481517200048
af070f2662cebce627d422769391e44e	d__Bacteria; p__Bacillota; c__Clostridia; o__Oscillospirales; f__Ruminococcaceae; g__Faecalibacterium	0.9999894548105397
834ae3a9ddf1b831e2c2479f8be12acb	d__Bacteria; p__Bacillota; c__Bacilli; o__Lactobacillales; f__Lactobacillaceae; g__Lactobacillus	0.9999966534026762
a7fa32af1bafa6a90cda8cbd25a88593	d__Bacteria; p__Bacillota; c__Bacilli; o__Erysipelotrichales; f__Erysipelatoclostridiaceae; g__Erysipelotrichaceae_UCG-003	0.9999959954002726
08f8a4eed515a628dfc3a346682b4f92	d__Bacteria; p__Bacteroidota; c__Bacteroidia; o__Bacteroidales; f__Bacteroidaceae; g__Bacteroides	0.9999979277417608
41ad04d000405986025be133a93b674e	d__Bacteria; p__Bacillota; c__Clostridia; o__Lachnospirales; f__Lachnospiraceae; g__Blautia	0.8465302552940891
7bcc096be67ae6d72c777f696a76ad01	d__Bacteria; p__Bacillota; c__Clostridia; o__Oscillospirales; f__Ruminococcaceae; g__[Eubacterium]_siraeum_group	0.9999999690070358
1e53526730cf518a2a50f9af1810d908	d__Bacteria; p__Bacillota; c__Clostridia; o__Lachnospirales; f__Lachnospiraceae; g__Blautia	0.7924275986343218
ecf23ce7a61d32f7f1bc7e1143ced43b	d__Bacteria; p__Bacillota; c__Clostridia; o__Christensenellales; f__Christensenellaceae; g__Christensenellaceae_R-7_group	0.9992848619080752
48ba3561b81f3bd89104345652c6053e	d__Bacteria; p__Bacillota; c__Clostridia; o__Lachnospirales; f__Lachnospiraceae	0.9998003275062142
014d5aa27fe7c62e299b80076a50ec63	d__Bacteria; p__Bacteroidota; c__Bacteroidia; o__Bacteroidales; f__Bacteroidaceae; g__Bacteroides	0.9999659245102048
2d2f70caac3dad7ae32c6cb90e3bd783	d__Bacteria; p__Bacteroidota; c__Bacteroidia; o__Bacteroidales; f__Bacteroidaceae; g__Bacteroides	0.9999220337312911
17e0b3566e04b585f800c086728ddc6a	d__Bacteria; p__Bacillota; c__Clostridia; o__Oscillospirales; f__Ruminococcaceae; g__Acutalibacter	0.9999929851796502
a649fa696eab95cd2cfe711194d23e68	d__Bacteria; p__Bacillota; c__Clostridia; o__Peptostreptococcales-Tissierellales; f__Peptostreptococcaceae; g__Paraclostridium	0.7952210715276391
23f2c8b6f9bb63178b205fa19b82a7f5	d__Bacteria; p__Bacillota; c__Clostridia; o__Lachnospirales; f__Lachnospiraceae	0.9999559027807268
ecc1703f33d45bb278ff591d247c9b68	d__Bacteria; p__Bacillota; c__Clostridia; o__Lachnospirales; f__Lachnospiraceae; g__CAG-56	0.9315569901556041
60e5eefa9a4437b61f8db36db08a24d7	d__Bacteria; p__Bacillota; c__Clostridia; o__Oscillospirales; f__Oscillospiraceae; g__Flavonifractor	0.8563654602836877
1571dfdc628e457d251523070765f096	d__Bacteria; p__Bacillota; c__Clostridia; o__Oscillospirales; f__Oscillospiraceae; g__UCG-002	0.9909543848569466
9f864126bec1a83b95ae500dcfab09ce	d__Bacteria; p__Bacteroidota; c__Bacteroidia; o__Bacteroidales; f__Bacteroidaceae; g__Bacteroides	0.9999965816231529
c501f2127162e7e3d7a5e04dec15ddd1	d__Bacteria; p__Bacteroidota; c__Bacteroidia; o__Bacteroidales; f__Prevotellaceae; g__Leyella	0.765799268317496
3391552e40610ad5576a596e5d0985ea	d__Bacteria; p__Bacillota; c__Clostridia; o__Peptostreptococcales-Tissierellales; f__Peptostreptococcaceae; g__Peptostreptococcus	0.9999999797517349
af4735830414173b16e9187cc50c3115	d__Bacteria; p__Verrucomicrobiota; c__Verrucomicrobiia; o__Verrucomicrobiales; f__Akkermansiaceae; g__Akkermansia	0.9999999999793516
19da2ba59ec8928c20cea0a53e92d39a	d__Bacteria; p__Bacillota; c__Clostridia; o__Lachnospirales; f__Lachnospiraceae; g__GCA-900066575	0.944734253856318
f2dd93bc7cd399af459bf7499856a0ab	d__Bacteria; p__Bacillota; c__Clostridia; o__Oscillospirales; f__Butyricicoccaceae; g__Agathobaculum	0.9998393582831504
730661503842107aa1b24d2f8d54d78c	d__Bacteria; p__Bacillota; c__Clostridia; o__Oscillospirales; f__Oscillospiraceae; g__UCG-005	0.9985814544539573
d4dc12ad9146609a654568caa147de0a	d__Eukaryota	0.8978425911393549
ade157d0fb64f1d42be43bb41d2dcba6	d__Bacteria; p__Pseudomonadota; c__Gammaproteobacteria; o__Burkholderiales; f__Sutterellaceae; g__Parasutterella	0.9990745721974597
36f04640a3121936f4190e57e9c3aede	d__Bacteria; p__Bacillota; c__Bacilli; o__Lactobacillales; f__Lactobacillaceae; g__Lactobacillus	0.9999387726487066
9de186ce2a3ee54eded679e395dc7af9	d__Bacteria; p__Bacillota; c__Clostridia; o__Clostridiales; f__Clostridiaceae; g__Sarcina	0.8278935530254409
2b144c7eee0c6bf5cc529364a077fd47	d__Bacteria; p__Bacillota; c__Clostridia; o__Lachnospirales; f__Lachnospiraceae; g__Blautia	0.954877900998068
53e557a221c597fd9397edb25c6e8a32	d__Bacteria; p__Bacillota; c__Bacilli; o__Lactobacillales; f__Lactobacillaceae; g__Lactobacillus	0.9999992247952341
672f6b2631888b30e6ca8aa97ebb64ab	d__Bacteria; p__Bacteroidota; c__Bacteroidia; o__Bacteroidales; f__Porphyromonadaceae; g__Porphyromonas	0.9995776352303575
a8f61382c533b4d83d2e1141e8b45195	d__Bacteria; p__Bacteroidota; c__Bacteroidia; o__Bacteroidales; f__Prevotellaceae	0.9999999436475435
998f911908a6cf60e5cc7c63e52cb832	d__Bacteria; p__Bacillota; c__Clostridia; o__Lachnospirales; f__Lachnospiraceae; g__Lachnospira	0.8793544047871213
a8d1c0f4c0e623f8af3d9cec3cbe5085	d__Bacteria; p__Bacillota; c__Clostridia; o__Lachnospirales; f__Lachnospiraceae; g__Blautia	0.9553231778047544
c804ceac1b57f116c4db18dec769b263	d__Bacteria; p__Pseudomonadota; c__Gammaproteobacteria; o__Enterobacterales; f__Enterobacteriaceae; g__Escherichia-Shigella	0.999662840089247
d0d7b42fe8c13a877dc2308052f58eaf	d__Bacteria; p__Bacteroidota; c__Bacteroidia; o__Bacteroidales; f__Bacteroidaceae; g__Bacteroides	0.9999823277439577
a3cc2505e128d35d5ab452dcf2771525	d__Bacteria; p__Bacteroidota; c__Bacteroidia; o__Bacteroidales; f__Barnesiellaceae; g__Barnesiella	0.9999999880090799
fd6d69bd46078b34e7dc16c99face57e	d__Bacteria; p__Cyanobacteriota; c__Vampirivibrionia; o__Gastranaerophilales; f__Gastranaerophilaceae; g__CAG-196	0.8975981552627422
f08a7b965556dd84f1c9bb8f1e973533	d__Bacteria; p__Bacillota; c__Bacilli; o__Erysipelotrichales; f__Erysipelatoclostridiaceae; g__Catenibacterium	0.999999985016686
e303a40f2e15cc3197eec5fb8edbc323	d__Bacteria; p__Bacteroidota; c__Bacteroidia; o__Bacteroidales; f__Bacteroidaceae; g__Bacteroides	0.9991446608618253
a65900237e03d6b5390f6e3fbf2fda88	d__Bacteria; p__Pseudomonadota; c__Gammaproteobacteria; o__Enterobacterales; f__Morganellaceae; g__Proteus	0.9984344943371404
dd2ac2ad82640c93dd949d89f8e80bd3	d__Bacteria; p__Bacteroidota; c__Bacteroidia; o__Bacteroidales; f__Tannerellaceae; g__Incertae_Sedis	0.9875339328937032
f63840c8b4b64e1f82984f9d74121943	d__Bacteria; p__Bacillota; c__Clostridia; o__Oscillospirales; f__Oscillospiraceae; g__Intestinimonas	0.7926318752869157
e683819766725cad1ffc34067dbd9b3a	d__Bacteria; p__Bacteroidota; c__Bacteroidia; o__Bacteroidales; f__Tannerellaceae; g__Parabacteroides	0.9999990261636976
11264954dafe1240ac2014b949040341	d__Bacteria; p__Bacillota; c__Clostridia; o__Lachnospirales; f__Lachnospiraceae; g__Lachnospiraceae_UCG-003	0.9793414087111232
4f2888f515ac33ad6fd8f20a52620d25	d__Bacteria; p__Bacillota; c__Clostridia; o__Clostridia_UCG-014; f__Incertae_Sedis; g__Incertae_Sedis	0.9999999999644444
81e2a084fcf445b7d1fd24ce6af7c04f	d__Bacteria; p__Bacillota; c__Negativicutes; o__Veillonellales-Selenomonadales; f__Veillonellaceae; g__Veillonella	0.9999991346057492
c953b92fff75b8eee1b36885258f20bd	d__Bacteria; p__Bacteroidota; c__Bacteroidia; o__Bacteroidales; f__Prevotellaceae; g__Paraprevotella	0.9979369028381765
1d1955ef73731c8d89134243f282d593	d__Bacteria; p__Bacteroidota; c__Bacteroidia; o__Bacteroidales; f__Porphyromonadaceae; g__Porphyromonas	0.999603346972166
ba3bb9f7f27652a459faa85da8867980	d__Bacteria; p__Bacillota; c__Negativicutes; o__Acidaminococcales; f__Acidaminococcaceae; g__Phascolarctobacterium	0.9999999999395328
9e52549080e09ed8173b8bbefcc3b578	d__Bacteria; p__Bacteroidota; c__Bacteroidia; o__Bacteroidales; f__Prevotellaceae; g__Prevotellaceae_NK3B31_group	0.992765141444981
3662d00460a20a4c6e9ec96cb9bdfde3	d__Bacteria; p__Bacillota; c__Clostridia; o__Lachnospirales; f__Lachnospiraceae	0.9999851725863059
c6aa1a8808d98e8096a020ac7ecde554	d__Bacteria; p__Bacillota; c__Clostridia; o__Oscillospirales; f__Ruminococcaceae; g__Negativibacillus	0.9977122014849613
c75f7bb6efb45a4085aeecaa69c237e7	d__Bacteria; p__Pseudomonadota; c__Alphaproteobacteria; o__Rhodospirillales; f__Incertae_Sedis; g__Incertae_Sedis	0.9999999278252173
09920d9c97537740b91556453ab83fa7	d__Bacteria; p__Spirochaetota; c__Brachyspirae; o__Brachyspirales; f__Brachyspiraceae; g__Brachyspira	1.0
4eb88b0d63f34c644254a429147a4246	d__Bacteria; p__Bacillota; c__Clostridia; o__Lachnospirales; f__Lachnospiraceae; g__[Eubacterium]_ruminantium_group	0.7081532392940922
75b48414ce61dd1bc05a45bcbea0c467	Unassigned	0.3954095992198271
53d3c038629a9e26d711e34afe30dccd	d__Bacteria; p__Bacteroidota; c__Bacteroidia; o__Bacteroidales; f__Bacteroidaceae; g__Bacteroides	0.9992142738991636
f4a6c425d5bf09c99e264c3dfbef9025	d__Bacteria; p__Pseudomonadota; c__Gammaproteobacteria; o__Enterobacterales; f__Morganellaceae; g__Morganella	0.9997706967331329
7cc92ebe01abf3ca2d96e2a4a2c7fd23	d__Bacteria; p__Bacteroidota; c__Bacteroidia; o__Bacteroidales; f__Prevotellaceae; g__Segatella	0.9996980034973766
065b8178cb5d5dd960ba78b13df45b2c	d__Bacteria; p__Bacteroidota; c__Bacteroidia; o__Bacteroidales; f__Prevotellaceae; g__Paraprevotella	0.8559890765944945
b7a2d720fe8b2b4cbd92aabc30e350c1	d__Bacteria; p__Bacteroidota; c__Bacteroidia; o__Bacteroidales; f__Prevotellaceae	0.9999999422622632
6aebc468666745808ed23b91228f2950	d__Bacteria; p__Bacteroidota; c__Bacteroidia; o__Bacteroidales; f__Muribaculaceae; g__CAG-873	0.9999992920729942
d9b88540fcef8aa173a695d4293e8976	d__Bacteria; p__Pseudomonadota; c__Gammaproteobacteria; o__Enterobacterales; f__Enterobacteriaceae; g__Klebsiella	0.8745945681279962
100bfb14af8db6edb5a6c71c89a15009	d__Bacteria; p__Bacillota; c__Clostridia; o__Lachnospirales; f__Lachnospiraceae; g__[Eubacterium]_xylanophilum_group	0.901140324476024
5ec594ff507e31b346e0664a7c23f410	d__Bacteria; p__Pseudomonadota; c__Gammaproteobacteria; o__Enterobacterales	0.99999999904663
2bae5742c219054e3ceba2e1136d87e7	d__Bacteria; p__Bacteroidota; c__Bacteroidia; o__Bacteroidales; f__Bacteroidaceae; g__Bacteroides	0.9998670182582807
805cee36678c3cca73365bdecfd432bb	d__Bacteria; p__Pseudomonadota; c__Gammaproteobacteria; o__Enterobacterales; f__Enterobacteriaceae; g__Escherichia-Shigella	0.999477652850951
3a051765f0113c0bf91582574f655b4b	d__Bacteria; p__Bacteroidota; c__Bacteroidia; o__Bacteroidales; f__Prevotellaceae; g__Hoylesella	0.9712956525627174
2e061b73ec812da1f02ee7a159567e62	d__Bacteria; p__Bacillota; c__Clostridia; o__Lachnospirales; f__Lachnospiraceae; g__Hungatella	0.9886928924604673
d6f997a1e0d3393ba924e219d5d11ef6	d__Bacteria; p__Bacillota; c__Clostridia; o__Oscillospirales; f__Ruminococcaceae; g__Faecalibacterium	0.9865327781915912
ab334ad9d8917aa4ff9f99d03fbff3d8	d__Bacteria; p__Campylobacterota; c__Campylobacteria; o__Campylobacterales; f__Campylobacteraceae; g__Campylobacter	0.9999997119622026
1f48358401f1b722054565c1f97bcbf1	d__Bacteria; p__Bacteroidota; c__Bacteroidia; o__Bacteroidales; f__Prevotellaceae; g__Segatella	0.9994081140228014
2507a6152052252056fcba9377b01f42	d__Bacteria; p__Bacillota; c__Clostridia; o__Clostridiales; f__Clostridiaceae; g__Clostridium	0.9876313508869683
041f3b88a0384f97133f80c3e42cf5a6	d__Bacteria; p__Bacillota; c__Clostridia; o__Lachnospirales; f__Lachnospiraceae; g__Coprococcus	0.8581712973009404
df9b1161dc493772cbda27aba10d462a	d__Bacteria; p__Bacillota; c__Negativicutes; o__Veillonellales-Selenomonadales; f__Veillonellaceae; g__Veillonella	0.9999999064930635
c8848811fa0c0c88fe0f660340dc0ed9	d__Bacteria; p__Bacillota; c__Clostridia; o__Lachnospirales; f__Lachnospiraceae; g__Hungatella	0.9826893942589717
6f963fe7db6304bda6f722b4f574c9e8	d__Bacteria; p__Bacillota; c__Clostridia; o__Lachnospirales; f__Lachnospiraceae	0.9999983853948252
8c8c41c38e6ea6631e23d0b5d74ae918	d__Bacteria; p__Bacteroidota; c__Bacteroidia; o__Bacteroidales; f__Barnesiellaceae; g__Coprobacter	0.9999999997568239
b3c753df43b869224da0e6dc3a61f692	d__Bacteria; p__Pseudomonadota; c__Gammaproteobacteria; o__Enterobacterales; f__Enterobacteriaceae	0.964719856012358
0c6d37d48d87be33af6d3752c47d3705	d__Bacteria; p__Bacillota; c__Clostridia; o__Peptostreptococcales-Tissierellales; f__Family_XI; g__Anaerococcus	0.9999999999999858
57d6ad3c4bfb579a123b93b646297c6b	d__Bacteria; p__Bacteroidota; c__Bacteroidia; o__Bacteroidales; f__Bacteroidaceae; g__Bacteroides	0.9999976773589169
0d69d9ec621e26d6a3e5d798adef2670	d__Bacteria; p__Bacteroidota; c__Bacteroidia; o__Bacteroidales; f__Bacteroidaceae; g__Bacteroides	0.999987953436843
9ae2348077f2c03698e7dabdea3f52c3	d__Bacteria; p__Bacillota; c__Clostridia; o__Lachnospirales; f__Lachnospiraceae; g__Eisenbergiella	0.8042630401499418
071d6634959937fd748df4885c6bbdfb	d__Bacteria; p__Pseudomonadota; c__Gammaproteobacteria; o__Burkholderiales; f__Sutterellaceae; g__Sutterella	0.9999998225158906
ec903f4fc943b2ffa6b0dc5f19ec0efc	d__Bacteria; p__Bacteroidota; c__Bacteroidia; o__Bacteroidales; f__Barnesiellaceae; g__Coprobacter	0.999714083332242
bef9e5170c208886803217d4eadd1068	d__Bacteria; p__Pseudomonadota; c__Gammaproteobacteria; o__Enterobacterales; f__Enterobacteriaceae	0.9967635064276457
686ef8007c45dadd40d32baf755c712b	d__Bacteria; p__Bacillota; c__Clostridia; o__Oscillospirales; f__[Eubacterium]_coprostanoligenes_group; g__Incertae_Sedis	0.9989658387458579
f116226c95581dd4a565c936b133321a	d__Bacteria; p__Bacillota; c__Bacilli; o__Lactobacillales; f__Streptococcaceae; g__Streptococcus	0.9994621035053828
03b5dbe591468a33b389b894e68edc21	d__Bacteria; p__Pseudomonadota; c__Gammaproteobacteria; o__Burkholderiales; f__Sutterellaceae; g__Parasutterella	0.9989399584009354
a8637e078d8405738c81c31d0e8e8e41	d__Bacteria; p__Bacteroidota; c__Bacteroidia; o__Bacteroidales; f__Tannerellaceae; g__Parabacteroides	0.9925429439604876
f7a0adbde4792e1090a508b3ea06ea87	d__Bacteria; p__Pseudomonadota; c__Gammaproteobacteria; o__Enterobacterales; f__Enterobacteriaceae	0.8068186652289638
30ee9fbda1f7d3f72cd519830e5ef045	d__Bacteria; p__Bacillota; c__Clostridia; o__Peptostreptococcales-Tissierellales; f__Family_XI; g__Peptoniphilus	0.9977662319209967
4b53b5b0bc372d7f72b7a818bfda35ca	d__Bacteria; p__Bacteroidota; c__Bacteroidia; o__Bacteroidales; f__Prevotellaceae; g__Leyella	0.9999647375779208
0183545c455041fb037b8a5d88eeef17	d__Bacteria; p__Bacillota; c__Negativicutes; o__Veillonellales-Selenomonadales; f__Veillonellaceae	0.9999954255807305
e2a189c4206a600515fa20270f31f71d	d__Bacteria; p__Bacillota; c__Bacilli; o__Lactobacillales; f__Streptococcaceae; g__Streptococcus	0.9999947583925131
1cf80c3b8493e3d35a30f263f06053f5	d__Bacteria; p__Bacillota; c__Bacilli; o__Erysipelotrichales; f__Erysipelotrichaceae; g__Holdemanella	0.9996945642714113
d6ec5748c577b2e5d6057918e73222fe	d__Bacteria; p__Bacteroidota; c__Bacteroidia; o__Bacteroidales; f__Bacteroidaceae; g__Bacteroides	0.9916341745464762
31ccb8f4b1b47d55e488338bccc2591f	d__Bacteria; p__Actinomycetota; c__Actinobacteria; o__Bifidobacteriales; f__Bifidobacteriaceae; g__Bifidobacterium	0.9999999893930182
95a3db8e2a06ff32ac1abedc542395cf	d__Bacteria; p__Bacillota; c__Clostridia; o__Oscillospirales; f__Ruminococcaceae; g__Faecalibacterium	0.9999569689281718
98ebb9eea91f11b6a0412ebc348ef857	d__Bacteria; p__Bacillota; c__Negativicutes; o__Veillonellales-Selenomonadales; f__Veillonellaceae; g__Veillonella	0.9999996720866702
cbbe08c79d3da5fbcaadb46223e564f2	d__Bacteria; p__Bacillota; c__Clostridia; o__Lachnospirales; f__Lachnospiraceae	0.9999327883164556
d08215acd792c476f87884a3743cebcb	d__Bacteria; p__Bacteroidota; c__Bacteroidia; o__Bacteroidales; f__Prevotellaceae; g__Segatella	0.9998861432775651
71bdbb89386ccc0f737e6c4d58c3c6a4	d__Bacteria; p__Bacillota; c__Clostridia; o__Clostridiales; f__Clostridiaceae; g__Clostridium	0.9994227102569628
599cb0d378332cf8ac1600218148d389	d__Bacteria; p__Bacteroidota; c__Bacteroidia; o__Bacteroidales; f__Prevotellaceae; g__Massiliprevotella	0.9999994296686544
8d7ad196a8678b43d6a0fa80b5df7379	d__Bacteria; p__Bacillota; c__Bacilli; o__Erysipelotrichales; f__Erysipelotrichaceae; g__Turicibacter	0.9999999999218829
f77be6404df679bc64cce852c3e99e4f	d__Bacteria; p__Bacillota; c__Negativicutes; o__Veillonellales-Selenomonadales; f__Selenomonadaceae; g__Megamonas	0.9999999996625775
9f8c55a20eafd49119d77818b84eb356	d__Bacteria; p__Pseudomonadota; c__Gammaproteobacteria; o__Burkholderiales; f__Sutterellaceae; g__Sutterella	0.9967565676513691
aa4288da8f5bac305e59de941772a0ae	d__Bacteria; p__Bacillota; c__Clostridia; o__Lachnospirales; f__Lachnospiraceae	0.9999998894043156
0bd7260f888023d49762ede44eea591c	d__Bacteria; p__Bacillota; c__Clostridia; o__Christensenellales; f__Christensenellaceae; g__Christensenellaceae_R-7_group	0.9679396076142883
726abbda2e3fd2cb8321af31ef55c288	d__Bacteria; p__Bacteroidota; c__Bacteroidia; o__Bacteroidales; f__Rikenellaceae; g__Alistipes	0.9603890000118496
fc5f6307b2f6f176fef1498d63c2ee49	d__Bacteria; p__Bacteroidota; c__Bacteroidia; o__Bacteroidales; f__Tannerellaceae; g__Parabacteroides	0.9996945034195712
cb80e6c6a646d75c7d18e007c8de4336	d__Bacteria; p__Bacteroidota; c__Bacteroidia; o__Bacteroidales; f__Bacteroidaceae; g__Bacteroides	0.9999992123845349
0bab3ee1a1ae56b3351114711a936435	d__Bacteria; p__Bacillota; c__Clostridia; o__Lachnospirales; f__Lachnospiraceae	0.9999997213014907
675ff8d0080f77603ce53af5164b6f53	d__Bacteria; p__Bacillota; c__Clostridia; o__Lachnospirales; f__Lachnospiraceae	0.9999991734002172
d497a8dbb5682f480782494573217f31	d__Bacteria; p__Bacteroidota; c__Bacteroidia; o__Bacteroidales; f__Bacteroidaceae; g__Bacteroides	0.9991713289161804
5f63346446bc0fc7736df041c500b6c2	d__Bacteria; p__Bacteroidota; c__Bacteroidia; o__Bacteroidales; f__Tannerellaceae; g__Parabacteroides	0.9955143596499753
dbfc07999092840316d803de3f086070	d__Bacteria; p__Bacteroidota; c__Bacteroidia; o__Bacteroidales; f__Bacteroidaceae; g__Bacteroides	0.9999939037790937
81a5f84139a827b34354ec9678928407	d__Bacteria; p__Bacteroidota; c__Bacteroidia; o__Bacteroidales; f__Bacteroidaceae; g__Bacteroides	0.9924002548383963
a28862609d4eb73c6b662dd3efceecb4	d__Bacteria; p__Bacteroidota; c__Bacteroidia; o__Bacteroidales; f__Bacteroidaceae; g__Bacteroides	0.9997951833493497
93b7a5b803c6a05c12ad526827e7a558	Unassigned	0.4087610886555382
3cde5f6bb5754ccd2a3af3b8ff0f3182	d__Bacteria; p__Bacillota; c__Negativicutes; o__Acidaminococcales; f__Acidaminococcaceae; g__Phascolarctobacterium	0.9988489418572071
caa7157555731b566ed15a75eb98bef5	d__Bacteria; p__Bacteroidota; c__Bacteroidia; o__Bacteroidales; f__Bacteroidaceae; g__Bacteroides	0.9999911951760322
24dc79f8e4a488892936c61051bb2231	d__Bacteria; p__Bacillota; c__Negativicutes; o__Acidaminococcales; f__Acidaminococcaceae; g__Phascolarctobacterium	0.999999989611311
7ed3ef44968814ba65369af34c60183a	d__Bacteria; p__Bacteroidota; c__Bacteroidia; o__Bacteroidales; f__Tannerellaceae; g__Parabacteroides	0.999985371798331
92217f049d7359b38d1c873321222576	d__Bacteria; p__Bacteroidota; c__Bacteroidia; o__Bacteroidales; f__Rikenellaceae; g__Alistipes	0.9998951269313561
80cd596113fd5d0135aca4e9311adb3c	d__Bacteria; p__Bacillota; c__Negativicutes; o__Acidaminococcales; f__Acidaminococcaceae; g__Phascolarctobacterium	0.9999999999170939
6c698d58ba998d45995ae314eaa9ccb3	d__Bacteria; p__Bacteroidota; c__Bacteroidia; o__Bacteroidales	0.9999991929399423
2f60e0600ab4370d8979a1457343c16b	d__Bacteria; p__Bacillota; c__Clostridia; o__Lachnospirales; f__Lachnospiraceae; g__Lachnospiraceae_UCG-004	0.9052829367765255
28d48a34fc525f4ad5f304a15e24ffc7	d__Bacteria; p__Bacillota; c__Clostridia; o__Lachnospirales; f__Lachnospiraceae	0.9999991355711486
5363c6f0644683eda3c15bd6d38589a3	d__Bacteria; p__Bacillota; c__Bacilli; o__Lactobacillales; f__Streptococcaceae; g__Streptococcus	0.999977345719024
942f83df1d7726a68bd3a830c1793478	d__Bacteria; p__Bacillota; c__Clostridia; o__Lachnospirales; f__Lachnospiraceae	0.9999991403658627
0e40f9e7c650b7d307b8e7fff1278cc0	Unassigned	0.47435211053449367
0b5310a6ba1ea68e089f4b4be9f9b0dc	d__Bacteria; p__Bacteroidota; c__Bacteroidia; o__Bacteroidales; f__Rikenellaceae; g__Rikenellaceae_RC9_gut_group	0.9999739529835544
0bde7137007df2e0c9dcdea9bc4b9f0d	d__Bacteria; p__Bacillota; c__Bacilli; o__Staphylococcales; f__Gemellaceae; g__Gemella	0.9999998457484315
ad87d091a8024088f8b706486ca4bbc0	d__Bacteria; p__Bacillota; c__Clostridia; o__Lachnospirales; f__Lachnospiraceae	0.9999997954573058
8b7adb43bfa383aebcae4249ca1c376c	d__Bacteria; p__Bacteroidota; c__Bacteroidia; o__Bacteroidales; f__Bacteroidaceae; g__Bacteroides	0.9999883357283473
dfbda956c9156381120bd9b0003b43c3	d__Bacteria; p__Bacteroidota; c__Bacteroidia; o__Bacteroidales; f__Rikenellaceae; g__Rikenellaceae_RC9_gut_group	0.9999648240582288
66ecc016e939cb206e4e5933012bf627	d__Bacteria; p__Bacteroidota; c__Bacteroidia; o__Bacteroidales; f__Bacteroidaceae; g__Bacteroides	0.9985238055167351
992b626de1d8cb925d59b644b57ae003	d__Bacteria; p__Bacillota; c__Clostridia; o__Oscillospirales; f__Ruminococcaceae; g__Faecalibacterium	0.9999855833806883
4cbda1f806245a9916bb83543e2c8042	d__Bacteria; p__Bacillota; c__Clostridia; o__Oscillospirales; f__Oscillospiraceae	0.9977519080495573
56f97c96dee5ea6666e83d4394f1c0c4	d__Bacteria; p__Bacillota; c__Clostridia; o__Clostridia_vadinBB60_group; f__Incertae_Sedis; g__Incertae_Sedis	0.999969461580327
8396ec34cd052e8051e8d96e101bb2e6	d__Bacteria; p__Bacillota; c__Clostridia; o__Lachnospirales; f__Lachnospiraceae	0.9999992062797451
63f0dca2e8b9ceb31cc18bf83c43c2f1	d__Bacteria; p__Bacillota; c__Bacilli; o__Lactobacillales; f__Streptococcaceae; g__Streptococcus	0.9998180311986142
23cc95fe976159e2a953e40bda96e600	d__Bacteria; p__Bacillota; c__Clostridia; o__Clostridiales; f__Clostridiaceae; g__Clostridium	0.9902356353007682
d80a461b0436a1b05f37c11b6a520166	d__Bacteria; p__Bacillota; c__Clostridia; o__Lachnospirales; f__Lachnospiraceae	0.9996841465185391
48a0d073cc30ed515b1dc470526c9e4e	d__Bacteria; p__Bacillota; c__Clostridia; o__Lachnospirales; f__Lachnospiraceae	0.9999930071778114
056e0b7e16fa58a063ba2d682abf3c9a	d__Bacteria; p__Bacteroidota; c__Bacteroidia; o__Bacteroidales; f__Prevotellaceae; g__Segatella	0.9997635691047899
ca2afdba4b37223a5bf82dad37507b19	d__Bacteria; p__Actinomycetota; c__Coriobacteriia; o__Coriobacteriales; f__Coriobacteriaceae; g__Collinsella	0.9998901898449578
0e6b48ffce8c52ae15a77ccd71ed5f31	d__Bacteria; p__Bacillota; c__Clostridia; o__Oscillospirales; f__Ruminococcaceae; g__CAG-352	0.9999810135974279
4ba27404a5159e4a887ab3e4eab1dfec	d__Bacteria; p__Bacillota; c__Clostridia; o__Lachnospirales; f__Lachnospiraceae; g__Anaerostipes	0.995801405746448
0411405fe339cc17f2257cab3c97d3e8	d__Bacteria; p__Fusobacteriota; c__Fusobacteriia; o__Fusobacteriales; f__Fusobacteriaceae; g__Fusobacterium	0.9999999999034941
524eaefa53a9b8606049c617f5b36c84	d__Bacteria; p__Bacillota; c__Clostridia; o__Oscillospirales; f__Oscillospiraceae; g__Colidextribacter	0.9337349163505638
eec36be61d8e331253ca7e3497e34f4e	d__Bacteria; p__Bacillota; c__Clostridia; o__Lachnospirales; f__Lachnospiraceae; g__Enterocloster	0.9895751419792435
e1e16cc2cabd55bac0617d27c720613c	d__Bacteria; p__Bacillota; c__Clostridia; o__Lachnospirales; f__Lachnospiraceae	0.9999980141304977
04d9877be27c2e6a5519917a884f5c36	d__Bacteria; p__Pseudomonadota; c__Gammaproteobacteria; o__Burkholderiales; f__Sutterellaceae; g__Sutterella	0.9999968555289753
8cfeacb15eb033bf9bbfa6e3761cfbfd	d__Bacteria; p__Bacteroidota; c__Bacteroidia; o__Bacteroidales; f__Prevotellaceae; g__Segatella	0.9997868576319681
6c54015bbc43f9ea293c5de7f8c0cecc	d__Bacteria; p__Fusobacteriota; c__Fusobacteriia; o__Fusobacteriales; f__Fusobacteriaceae; g__Fusobacterium	0.9984488325243024
cf9f41ed39c892dad27aed51513fb818	d__Bacteria; p__Pseudomonadota; c__Gammaproteobacteria; o__Burkholderiales; f__Sutterellaceae; g__Sutterella	0.9999931948363696
1b55262a7f4dd5dd11a91d3309885f3c	d__Bacteria; p__Bacillota; c__Bacilli; o__Erysipelotrichales; f__Erysipelotrichaceae; g__[Clostridium]_innocuum_group	0.9998002797660657
b25478ed48685797466a669b6d89eb83	d__Bacteria; p__Bacillota; c__Clostridia; o__Oscillospirales; f__Butyricicoccaceae; g__Agathobaculum	0.999938129225485
7f4ff35902b7858d1adf8603c0a26d1b	d__Bacteria; p__Bacteroidota; c__Bacteroidia; o__Bacteroidales; f__Bacteroidaceae; g__Bacteroides	0.907784283297323
8a2bfdc93a83040346eb9d894b0bbddd	d__Bacteria; p__Bacillota; c__Clostridia; o__Oscillospirales; f__Ruminococcaceae; g__Faecalibacterium	0.9999959830676165
1ddf89afba0b04c3c6539488bd4f2579	d__Bacteria; p__Bacillota; c__Clostridia; o__Lachnospirales; f__Lachnospiraceae; g__Epulopiscium	0.9999927465543145
7b4b78ee9379999ed3d94c793606b832	d__Bacteria; p__Bacillota; c__Clostridia; o__Oscillospirales; f__Oscillospiraceae	0.9993329767706283
abb47a283105a477da092a71ef86b26c	d__Bacteria; p__Bacteroidota; c__Bacteroidia; o__Bacteroidales; f__Bacteroidaceae; g__Bacteroides	0.997366097669745
38c423c4d8363faa9d5bdc5f95e82830	d__Bacteria; p__Bacteroidota; c__Bacteroidia; o__Bacteroidales; f__Bacteroidaceae; g__Bacteroides	0.9999630530886984
2e2e0cb35408acf8a56d84ae0c9fcb2e	d__Bacteria; p__Bacteroidota; c__Bacteroidia; o__Bacteroidales	0.9999994934482899
d6adb70ab0cbcd12f243056838c2def2	d__Bacteria; p__Bacillota; c__Clostridia; o__Christensenellales; f__Christensenellaceae; g__Christensenellaceae_R-7_group	0.965512061265841
6f0f80fdff2024cbabb4b0c503c188c1	d__Bacteria; p__Bacillota; c__Negativicutes; o__Acidaminococcales; f__Acidaminococcaceae; g__Succiniclasticum	0.9999999835217467
a52e93d3a7d934c5cceadb1788a84ce4	d__Bacteria; p__Bacillota; c__Clostridia; o__Lachnospirales; f__Lachnospiraceae; g__[Ruminococcus]_gnavus_group	0.740679047805431
4a12cbe181791289add9773b934e6b85	d__Bacteria; p__Bacteroidota; c__Bacteroidia; o__Bacteroidales; f__Bacteroidaceae; g__Bacteroides	0.9758252886474205
d0a93dcce56fcf8a83cdfb7257dedf09	d__Bacteria; p__Bacillota; c__Clostridia; o__Clostridiales; f__Clostridiaceae; g__Clostridium	0.978208680188392
1ee6e1d44098e614623ac66e7ba954de	d__Bacteria; p__Pseudomonadota; c__Gammaproteobacteria; o__Burkholderiales; f__Sutterellaceae; g__Sutterella	0.9999999452248305
b4c857a3a4d40e939c4461971e2f5f36	d__Bacteria; p__Bacillota; c__Clostridia; o__Lachnospirales; f__Lachnospiraceae	0.9999995657838665
53c23cf5bc966a8aba63793ddd7fd196	d__Bacteria; p__Bacillota; c__Clostridia; o__Lachnospirales; f__Lachnospiraceae; g__Blautia	0.95639844603515
3a32f8edce744f97f875f7a6ae85eb06	d__Bacteria; p__Bacteroidota; c__Bacteroidia; o__Bacteroidales; f__Marinifilaceae; g__Butyricimonas	0.9999998944359076
a010a710962595ada1abd1200a95e24a	d__Bacteria; p__Bacillota; c__Clostridia; o__Peptostreptococcales-Tissierellales; f__Peptostreptococcaceae; g__Terrisporobacter	0.982860065487793
f3a7031368e744431aa8048a2ffa8d39	d__Bacteria; p__Bacteroidota; c__Bacteroidia; o__Bacteroidales; f__Prevotellaceae; g__Incertae_Sedis	0.9806831117556574
87cfce2affe53212649f9478d35b520b	d__Bacteria; p__Bacteroidota; c__Bacteroidia; o__Bacteroidales; f__Marinifilaceae; g__Butyricimonas	0.9999998209821701
74c521dc2bb316d96e1a05af13556d47	d__Bacteria; p__Bacillota; c__Clostridia; o__Lachnospirales; f__Lachnospiraceae; g__[Eubacterium]_ventriosum_group	0.9997143211876033
cb9536fabbbd58ac90f2cce0837ff922	d__Bacteria; p__Bacteroidota; c__Bacteroidia; o__Bacteroidales; f__Prevotellaceae; g__Prevotellaceae_UCG-003	0.9999140093372749
48a3ed8e1bb053522014992804f80bc1	d__Bacteria; p__Bacillota; c__Clostridia; o__Oscillospirales; f__Ruminococcaceae; g__[Eubacterium]_siraeum_group	0.9999991012796332
e4dea305e9fa9c9cf3baf234f34d7f69	d__Bacteria; p__Bacillota; c__Clostridia; o__Oscillospirales; f__Ruminococcaceae; g__Negativibacillus	0.999895584583699
61467a975e8c3867be734dcf1623bde7	d__Bacteria; p__Bacteroidota; c__Bacteroidia; o__Bacteroidales; f__Prevotellaceae; g__Leyella	0.977290367564901
7b4e3d3bc613936acfd23c48ac07a16c	d__Bacteria; p__Bacillota; c__Clostridia; o__Oscillospirales; f__Oscillospiraceae	0.9966368202006376
42faf7d863d94353e5c0619584cbd23d	d__Bacteria; p__Bacillota; c__Clostridia; o__Clostridiales; f__Clostridiaceae; g__Clostridium	0.9613399302924606
30ccb2f5044cad98974ac7b9b2ccb6b4	d__Bacteria; p__Bacillota; c__Clostridia; o__Peptostreptococcales-Tissierellales; f__Anaerovoracaceae; g__Family_XIII_AD3011_group	0.9539223011820529
25b19395c674403b107658c28f4499b2	d__Bacteria; p__Bacteroidota; c__Bacteroidia; o__Bacteroidales; f__Prevotellaceae; g__Leyella	0.9028716086654233
d9aa749c23927e7e989ab5c9afdaf2e3	d__Bacteria; p__Bacteroidota; c__Bacteroidia; o__Bacteroidales; f__Marinifilaceae; g__Butyricimonas	0.9999996669157682
701fc7134fd36391a6f74db1c58c86c6	d__Bacteria; p__Bacillota; c__Clostridia; o__Lachnospirales; f__Lachnospiraceae; g__Roseburia	0.7553485776136034
ab3a0ebc9ea5b32359f6e23d94be8863	d__Bacteria; p__Bacteroidota; c__Bacteroidia; o__Bacteroidales; f__Bacteroidaceae; g__Bacteroides	0.9999736693681573
1ccba71cb4a993e5623725f93d3a46bd	d__Bacteria; p__Bacillota; c__Clostridia; o__Oscillospirales; f__Ruminococcaceae; g__Negativibacillus	0.9990859562565099
966a41921ac73105e437b1ea646bf2e5	d__Bacteria; p__Bacillota; c__Clostridia; o__Peptostreptococcales-Tissierellales; f__Family_XI; g__Peptoniphilus	0.9999992917115129
55cddb4a796a59bb4a44ad158f1b200d	d__Bacteria; p__Bacillota; c__Clostridia; o__Lachnospirales; f__Lachnospiraceae	0.9999995351763897
8e42d1f36fa5abe1a582ba151ec24c5f	d__Bacteria; p__Bacteroidota; c__Bacteroidia; o__Bacteroidales; f__Rikenellaceae; g__Alistipes	0.999839802876979
06f74525ec66a1d04b5ff7b17c5679e7	d__Bacteria; p__Bacillota; c__Clostridia; o__Lachnospirales; f__Lachnospiraceae; g__Sellimonas	0.994774941167686
76b77cd1d964a78d9301628e3164a3d1	d__Bacteria; p__Bacillota; c__Clostridia; o__Lachnospirales; f__Lachnospiraceae; g__Howardella	0.9999999400497348
3e2ae345c3a6bad0a127a97655843b13	d__Bacteria; p__Bacillota; c__Clostridia; o__Peptostreptococcales-Tissierellales; f__Family_XI; g__Peptoniphilus	0.99999686000413
4db1be9628e7a923082f2b4f229ffafb	d__Bacteria; p__Bacillota; c__Clostridia; o__Oscillospirales; f__Ruminococcaceae; g__Faecalibacterium	0.9999952266378028
f56b5bc9c545f7baa55a803d1d58f7b4	d__Bacteria; p__Bacteroidota; c__Bacteroidia; o__Bacteroidales; f__Tannerellaceae; g__Parabacteroides	0.9881231482751949
7c7284550a84fb6fdc3667470920f565	d__Bacteria; p__Bacillota; c__Clostridia; o__Lachnospirales; f__Lachnospiraceae	0.9999999729709855
f542eedb2f50a8054c69807cdd2e42ca	d__Bacteria; p__Bacillota; c__Clostridia; o__Oscillospirales; f__[Eubacterium]_coprostanoligenes_group; g__Incertae_Sedis	0.9999737047498387
8d71a2dfce43bde9752d02891146bbd0	d__Bacteria; p__Bacteroidota; c__Bacteroidia; o__Bacteroidales; f__Bacteroidaceae; g__Bacteroides	0.9999966647544254
609541c7a5d2798c43f16b7e18274e8e	d__Bacteria; p__Bacillota; c__Clostridia; o__Lachnospirales; f__Lachnospiraceae; g__Enterocloster	0.8740613987180873
f16b55fdbea2b482ea68f3e259a1574c	d__Bacteria; p__Bacillota; c__Clostridia; o__Oscillospirales; f__Oscillospiraceae	0.9990090205363676
194daf1f99d84d8df1e28d69d2c428b2	d__Bacteria; p__Bacteroidota; c__Bacteroidia; o__Bacteroidales; f__Barnesiellaceae; g__Barnesiella	0.9999999990532871
d48c90527241879388cdb131794ff8cf	d__Bacteria; p__Pseudomonadota; c__Gammaproteobacteria; o__Enterobacterales; f__Enterobacteriaceae; g__Klebsiella	0.9245885440678671
5b46f9f3e50f266eaf57234ee9e2a94f	d__Bacteria; p__Bacillota; c__Clostridia; o__Oscillospirales; f__Ruminococcaceae; g__Ruminococcus	0.9866970024627165
375cdcf69a2dd647f23ef0f6521566ab	d__Bacteria; p__Bacillota; c__Clostridia; o__Oscillospirales; f__Oscillospiraceae; g__UCG-003	0.9940782320550203
75a31a2c45976b777726e537cf7eb10b	d__Bacteria; p__Bacillota; c__Bacilli; o__Lactobacillales; f__P5D1-392; g__Incertae_Sedis	0.8026090290719837
1a29ece702bba29b990cb8be5c113872	d__Bacteria; p__Bacteroidota; c__Bacteroidia; o__Bacteroidales; f__Prevotellaceae; g__Leyella	0.9585978378519681
dc6b9c472d3db42546677eb7f1c79b44	d__Bacteria; p__Bacteroidota; c__Bacteroidia; o__Bacteroidales; f__Bacteroidaceae; g__Bacteroides	0.9996512867132763
41dfdb96d18c0215e178178f720afab3	d__Bacteria; p__Pseudomonadota; c__Gammaproteobacteria; o__Burkholderiales; f__Sutterellaceae; g__Sutterella	0.999999746110735
defbe96c0fab0be1233ebadf721f5e7d	d__Bacteria; p__Bacillota; c__Clostridia; o__Oscillospirales; f__Ruminococcaceae; g__CAG-352	0.9957815521309699
db9404ea04776c12d5f5ba095f3c1683	d__Bacteria; p__Bacillota; c__Clostridia; o__Oscillospirales; f__[Eubacterium]_coprostanoligenes_group; g__Incertae_Sedis	0.9992326243945663
3902e6cd9e9ddfc9906ec3272e80ba6d	d__Bacteria; p__Bacteroidota; c__Bacteroidia; o__Bacteroidales; f__Prevotellaceae; g__Prevotellaceae_NK3B31_group	0.9965165593382864
5ccd75afb5bdb12a6e490430d6d93088	d__Bacteria; p__Bacillota; c__Clostridia; o__Lachnospirales; f__Lachnospiraceae	0.9999016564253791
aeaf8e070db887c9619f7e20edd03185	d__Bacteria; p__Bacillota; c__Negativicutes; o__Acidaminococcales; f__Acidaminococcaceae; g__Phascolarctobacterium	0.999999998778037
1b5b387f71e88ed595bb95124a4894d7	d__Bacteria; p__Bacteroidota; c__Bacteroidia; o__Bacteroidales; f__Prevotellaceae; g__Hoylesella	0.9123938983473446
a0bba0d3b995353b2c10ada96b97c621	d__Bacteria; p__Bacteroidota; c__Bacteroidia; o__Bacteroidales; f__Barnesiellaceae; g__Barnesiella	0.9999998527475322
07a74737ca4434dda3f93e84700cdb28	d__Bacteria; p__Bacteroidota; c__Bacteroidia; o__Bacteroidales; f__Bacteroidaceae; g__Bacteroides	0.9999379640494541
9bc83dd566db9c7739e0c4fc20bf12db	d__Eukaryota	0.750400115476415
d0f70663c11a2f76acd736c37fb0c86a	d__Bacteria; p__Bacillota; c__Clostridia; o__Lachnospirales; f__Lachnospiraceae	0.9999873506279081
6675cf9f900da7bb48704b375d2b5bcd	d__Bacteria; p__Bacillota; c__Clostridia; o__Lachnospirales; f__Lachnospiraceae; g__Anaerotignum	0.9569753135332475
2a6cc67bc21fd96510e57acad2d49cc5	d__Bacteria; p__Bacillota; c__Clostridia; o__Clostridiales; f__Clostridiaceae; g__Clostridium	0.9996924138868286
82d088572a5b89aa6b3585ef51300e54	d__Bacteria; p__Bacillota; c__Clostridia; o__Oscillospirales; f__Oscillospiraceae; g__Colidextribacter	0.786528361789598
d1bec9589718f926405b0df5c8a1e6ef	d__Bacteria; p__Bacillota; c__Clostridia; o__Oscillospirales; f__Ruminococcaceae; g__Ruminococcus	0.9913088527918417
aa72ae1df5f575ae182ca346965e5ecc	d__Bacteria; p__Bacillota; c__Bacilli; o__Erysipelotrichales; f__Erysipelotrichaceae; g__Holdemania	0.9999996415333573
ef1b101a72c87aeaa957bb2f090990b4	d__Bacteria; p__Pseudomonadota; c__Gammaproteobacteria; o__Enterobacterales; f__Enterobacteriaceae; g__Escherichia-Shigella	0.9991186345477588
3768e360fa82f32b122ef1155e2b60cc	d__Bacteria; p__Bacteroidota; c__Bacteroidia; o__Bacteroidales; f__Bacteroidaceae; g__Bacteroides	0.9999630467413136
c9540fb2d7585bd138bf03e8a4acbeee	d__Bacteria; p__Bacillota; c__Negativicutes; o__Veillonellales-Selenomonadales; f__Veillonellaceae; g__Negativicoccus	0.9999986326746151
9a1a3a24ace25b3c7281ebb45492d3c6	d__Bacteria; p__Bacteroidota; c__Bacteroidia; o__Bacteroidales; f__Bacteroidaceae; g__Bacteroides	0.9999126478084954
739e8cd3f6a51d509bce552a0b5735af	d__Bacteria; p__Bacillota; c__Bacilli; o__Lactobacillales; f__Lactobacillaceae; g__Pediococcus	0.9999843742117049
6170395c87d8bc2262f28740efedd82c	d__Bacteria; p__Bacillota; c__Clostridia; o__Lachnospirales; f__Lachnospiraceae; g__Lachnospira	0.9397820609119546
03926542aacf1b84db7a93124e9d6c2c	d__Bacteria; p__Pseudomonadota; c__Gammaproteobacteria; o__Burkholderiales; f__Sutterellaceae; g__Sutterella	0.9999999905304264
d89e9e320e449c1d27a66ff5157aef29	d__Bacteria; p__Bacillota; c__Clostridia; o__Oscillospirales; f__Ruminococcaceae; g__Negativibacillus	0.9998793785834736
6080c2303805b7f0be6f409af059ee62	d__Bacteria; p__Bacillota; c__Clostridia; o__Oscillospirales; f__Oscillospiraceae; g__UCG-005	0.9929331548989894
403fba0e906628e0d6b8b32b776549ab	d__Bacteria; p__Bacteroidota; c__Bacteroidia; o__Bacteroidales; f__Muribaculaceae; g__Incertae_Sedis	0.9997915126532004
758715ecc58bf8bdf65388370bff35c0	d__Bacteria; p__Bacillota; c__Negativicutes; o__Veillonellales-Selenomonadales; f__Veillonellaceae; g__Megasphaera	0.999999988165655
3a7e6c9e861ea75ecf2e5e43fb50049f	d__Bacteria; p__Bacillota; c__Clostridia; o__Peptostreptococcales-Tissierellales; f__Family_XI; g__Peptoniphilus	0.9999989912687796
9cb301bd1a86d258265c821e9276f810	d__Bacteria; p__Pseudomonadota; c__Gammaproteobacteria; o__Enterobacterales; f__Pasteurellaceae; g__Haemophilus	0.9999078207399286
9614dad2da977a0af2bd7145dddd98f3	d__Bacteria; p__Bacillota; c__Clostridia; o__Peptostreptococcales-Tissierellales; f__Peptostreptococcaceae	0.9998279676852069
43d36a8288e41064e9d7b0911a9022d3	d__Bacteria; p__Bacillota; c__Clostridia; o__Oscillospirales; f__Ruminococcaceae; g__Ruminococcus	0.9659518240999725
dcef7dfea22cae953a84bb462bf1ae22	d__Bacteria; p__Bacillota; c__Clostridia; o__Oscillospirales; f__Ruminococcaceae; g__Negativibacillus	0.999855091997239
ad24aec406ba27a2049d752714e5595f	d__Bacteria; p__Bacillota; c__Clostridia; o__Lachnospirales; f__Lachnospiraceae; g__Lachnospiraceae_UCG-004	0.9599072558973845
48142534caa3498e1ec38a02c5314f45	d__Bacteria; p__Bacillota; c__Clostridia; o__Lachnospirales; f__Lachnospiraceae; g__Blautia	0.9437596848347002
ea3d9303a74a854636ceac71216377ea	d__Bacteria; p__Pseudomonadota; c__Gammaproteobacteria; o__Enterobacterales; f__Pasteurellaceae; g__Haemophilus	0.9999841843897866
8d0db95391671d0780925343d4e1dd92	d__Bacteria; p__Bacteroidota; c__Bacteroidia; o__Bacteroidales	0.9999999330212772
e2b102f705c4d49607d7d7cec2b2e700	d__Bacteria; p__Bacillota; c__Clostridia; o__Oscillospirales; f__UCG-010; g__Incertae_Sedis	0.9997525133753467
1a8856d10062c4e3e83286525af8a952	d__Bacteria; p__Fusobacteriota; c__Fusobacteriia; o__Fusobacteriales; f__Fusobacteriaceae; g__Fusobacterium	0.9997840002351795
7ca3d11f15591e358541e99e9e4e7ed6	d__Bacteria; p__Bacillota; c__Clostridia; o__Lachnospirales; f__Lachnospiraceae; g__Tyzzerella	0.9998584860587926
ecbfd4bcbf2f6e83e729937d0467da61	d__Bacteria; p__Bacillota; c__Negativicutes; o__Acidaminococcales; f__Acidaminococcaceae; g__Phascolarctobacterium	0.9999989671220467
6715c6ffe23b9032fcbf1b951e2c9f03	d__Bacteria; p__Bacteroidota; c__Bacteroidia; o__Bacteroidales; f__Rikenellaceae; g__Alistipes	0.9999564190814495
02d79338d766f2a507e8e3e9b141291c	d__Bacteria; p__Bacillota; c__Clostridia; o__Lachnospirales; f__Lachnospiraceae	0.999985328933525
e8523b0d0fbd22900dd8581571b54b54	d__Bacteria; p__Bacillota; c__Clostridia; o__Lachnospirales; f__Lachnospiraceae; g__Blautia	0.9684906571065183
a17b2416cf3d55e67518fa8efeff27dd	d__Bacteria; p__Bacteroidota; c__Bacteroidia; o__Bacteroidales; f__Prevotellaceae; g__Leyella	0.9996831750367371
8c6847e9dc1c7cda48f3b940db715a2e	d__Bacteria; p__Bacteroidota; c__Bacteroidia; o__Bacteroidales; f__Bacteroidaceae; g__Bacteroides	0.8460678334284737
a68719c204477f22265c550d2971681d	d__Bacteria; p__Bacteroidota; c__Bacteroidia; o__Bacteroidales; f__Barnesiellaceae; g__Coprobacter	0.9999999997232294
4f13baa4002fd3e566ea2ceba9949022	d__Bacteria; p__Bacteroidota; c__Bacteroidia; o__Bacteroidales; f__Bacteroidaceae; g__Bacteroides	0.999999685695563
31d91b9a77bafe58d0fc9d7cbb1dd6c7	d__Bacteria; p__Bacillota; c__Clostridia; o__Lachnospirales; f__Lachnospiraceae	0.9999997616237889
426795c5ebd1b008543704494a9cbc9a	d__Bacteria; p__Bacteroidota; c__Bacteroidia; o__Bacteroidales; f__Rikenellaceae; g__Rikenellaceae_RC9_gut_group	0.9013384170582827
5a8e1a94c14f9f838007b64e875bfcf8	d__Bacteria; p__Bacteroidota; c__Bacteroidia; o__Bacteroidales; f__Bacteroidaceae; g__Bacteroides	0.9999998036505724
af3267fc1e5d8c7f98824465e53c27ec	d__Bacteria; p__Bacillota; c__Clostridia; o__Lachnospirales; f__Lachnospiraceae; g__Blautia	0.9690943897478768
ed009c6484e4f0dde1b582f042d4fa68	d__Bacteria; p__Bacteroidota; c__Bacteroidia; o__Bacteroidales; f__Tannerellaceae; g__Parabacteroides	0.9994431490189025
e792cce912f9a63f8a62789fef673693	d__Bacteria; p__Bacteroidota; c__Bacteroidia; o__Bacteroidales; f__Marinifilaceae; g__Odoribacter	0.9999984266116556
f524d6d8c8dada2f2e33456b9a979c17	d__Bacteria; p__Bacteroidota; c__Bacteroidia; o__Bacteroidales; f__Prevotellaceae	0.9999999859539751
0e093eabf9458a4adde38f34df6807f7	d__Bacteria; p__Bacteroidota; c__Bacteroidia; o__Bacteroidales; f__Prevotellaceae; g__Incertae_Sedis	0.9935168234264793
98ac24fefcc99376f71d5c30afa8c3d7	d__Bacteria; p__Bacillota; c__Clostridia; o__Lachnospirales; f__Lachnospiraceae	0.9999588309791456
395bc69b4a1654b3848aa4063fb857fb	d__Bacteria; p__Bacteroidota; c__Bacteroidia; o__Bacteroidales; f__Bacteroidaceae; g__Bacteroides	0.9999992693215032
67b28ab6a786df7c3992040fcedff6db	d__Bacteria; p__Bacillota; c__Clostridia; o__Oscillospirales; f__Oscillospiraceae	0.9985089064731931
222021eae1177740be80c8a7823b120c	d__Bacteria; p__Pseudomonadota; c__Gammaproteobacteria; o__Enterobacterales; f__Enterobacteriaceae; g__Escherichia-Shigella	0.9934600899266013
746c26e8e08137ec5546726e20155aa8	d__Bacteria; p__Bacillota; c__Bacilli; o__Erysipelotrichales; f__Erysipelatoclostridiaceae; g__Erysipelotrichaceae_UCG-003	0.9990865739713508
e06fb4f182deb2d904ef4852e3df919a	d__Bacteria; p__Bacteroidota; c__Bacteroidia; o__Bacteroidales; f__Prevotellaceae; g__Prevotellaceae_NK3B31_group	0.9597174055482273
77e8dd93ebb6cb3f4bea069719e73cd7	d__Bacteria; p__Bacteroidota; c__Bacteroidia; o__Bacteroidales; f__Prevotellaceae	0.9999536551958988
6c65e54a1cd98a6aeb22a3cde08764d7	d__Bacteria; p__Bacillota; c__Bacilli; o__Lactobacillales; f__Streptococcaceae; g__Streptococcus	0.9999637228982968
f5dec2252e82abc8370254ded49a302e	d__Bacteria; p__Bacillota; c__Clostridia; o__Oscillospirales; f__Ruminococcaceae; g__CAG-352	0.8310646577484774
83426f0d685ecb652c42c13fb5a3b107	Unassigned	0.5525957237564176
10a73975ac5778952cfb45ba1a3a8392	d__Bacteria; p__Pseudomonadota; c__Gammaproteobacteria; o__Burkholderiales; f__Sutterellaceae; g__Sutterella	0.9999999219347758
79deda12b546f04545bfa8df85cd8cc2	d__Bacteria; p__Bacteroidota; c__Bacteroidia; o__Bacteroidales; f__Bacteroidaceae; g__Bacteroides	0.9998751289568838
fa4cca15059b7bb8a474ec99b9917169	d__Bacteria; p__Bacillota; c__Negativicutes; o__Acidaminococcales; f__Acidaminococcaceae; g__Acidaminococcus	0.9999982368770812
f540d8f5b8455850258066b4406239c5	d__Bacteria; p__Bacillota; c__Clostridia; o__Lachnospirales; f__Lachnospiraceae; g__Anaerostipes	0.995311886608157
d3adfcc65ce4f2a4309cc4cec20bf00c	d__Bacteria; p__Bacteroidota; c__Bacteroidia; o__Bacteroidales; f__Bacteroidaceae; g__Bacteroides	0.9954662678491002
62841005493eb0d66f451a5974ae486f	d__Bacteria; p__Bacillota; c__Bacilli; o__Erysipelotrichales; f__Erysipelotrichaceae; g__Merdibacter	0.9999061235389191
15e6008110b8856395bf7c73d3cbd077	d__Bacteria; p__Bacteroidota; c__Bacteroidia; o__Bacteroidales; f__Prevotellaceae; g__Segatella	0.9997774813691722
a68dc22e044331b5f2c0eae981686dd6	d__Bacteria; p__Bacillota; c__Clostridia; o__Lachnospirales; f__Lachnospiraceae; g__Cellulosilyticum	0.9996014287264912
986ad8bd4aee43aa81e8dc8d97d41975	d__Bacteria; p__Bacillota; c__Clostridia; o__Lachnospirales; f__Lachnospiraceae	0.9999998162972759
521958324db2492e4a42bf60a3a427f8	d__Bacteria; p__Pseudomonadota; c__Gammaproteobacteria; o__Enterobacterales; f__Enterobacteriaceae; g__Citrobacter	0.7076484973915785
9702ad2f27550ab00670a141a97e472e	d__Bacteria; p__Actinomycetota; c__Coriobacteriia; o__Coriobacteriales; f__Eggerthellaceae; g__Eggerthella	0.9999860399787064
e97b11eb60edbb1638ef9c5623fac705	d__Bacteria; p__Bacteroidota; c__Bacteroidia; o__Bacteroidales; f__Bacteroidaceae; g__Bacteroides	0.9999995904177426
614b90f283161cdf53417f88c451c1d0	d__Bacteria; p__Bacillota; c__Clostridia; o__Peptostreptococcales-Tissierellales; f__Family_XI; g__Ezakiella	0.9999999999999432
507785c92f82d441156ba0da3c36cecc	d__Bacteria; p__Bacillota; c__Clostridia; o__Oscillospirales; f__Oscillospiraceae; g__NK4A214_group	0.9394006225129994
2e5bd2e4d6f2f330fd47723f6bb13f8d	d__Bacteria; p__Bacteroidota; c__Bacteroidia; o__Bacteroidales; f__Prevotellaceae	0.9999999969831698
e1fe724b4ea6ca6e7556fd032879f8c8	d__Bacteria; p__Bacillota; c__Clostridia; o__Oscillospirales; f__Ruminococcaceae; g__Fournierella	0.9992294394269192
00d583b698ef283895820d5139e90bcd	d__Bacteria; p__Bacillota; c__Clostridia; o__Oscillospirales; f__Ruminococcaceae; g__Faecalibacterium	0.9999988508778793
fc55fa78ee081213533bdeb597a1bcfd	d__Bacteria; p__Bacillota; c__Clostridia; o__Lachnospirales; f__Lachnospiraceae	0.9999752024286778
2344309a9c6106a87300b347da37c1ff	d__Bacteria; p__Pseudomonadota; c__Gammaproteobacteria; o__Burkholderiales; f__Sutterellaceae; g__Sutterella	0.9999965205801822
3b7bb8503a998026003631531a046a07	d__Bacteria; p__Bacillota; c__Clostridia; o__Lachnospirales; f__Lachnospiraceae	0.998282921661076
8720a79a22591ad768653ee93271e982	d__Bacteria; p__Bacillota; c__Negativicutes; o__Veillonellales-Selenomonadales; f__Veillonellaceae; g__Dialister	0.9999997388509086
50fb563a7a7c3f8cc32e71932e71db07	d__Bacteria; p__Bacillota; c__Clostridia; o__Lachnospirales; f__Lachnospiraceae; g__Enterocloster	0.9670427692518273
afbc1a68fd65cfb833ef3075b4923cca	d__Bacteria; p__Bacillota; c__Clostridia; o__Oscillospirales; f__Oscillospiraceae; g__NK4A214_group	0.9766890889154839
2f99c6dcf8cd90c01fce5e370947c74c	d__Bacteria; p__Bacteroidota; c__Bacteroidia; o__Bacteroidales; f__Bacteroidaceae; g__Bacteroides	0.9999993331088554
c4d8ea4ed8317d3b05da85848a444c6c	d__Bacteria; p__Bacillota; c__Negativicutes; o__Veillonellales-Selenomonadales; f__Veillonellaceae; g__Megasphaera	0.999999988556013
fb01a81c26e343dfd8ef7d75357b2b0f	d__Bacteria; p__Bacillota; c__Clostridia; o__Oscillospirales; f__Oscillospiraceae; g__UCG-005	0.9805676059415201
c73f9c0947ccaa61d3715e746fc551ab	d__Bacteria; p__Bacteroidota; c__Bacteroidia; o__Bacteroidales; f__Barnesiellaceae; g__Coprobacter	0.9999999999531894
9dd0edfbe73e5106bda5e4d33f83d39e	d__Bacteria; p__Fusobacteriota; c__Fusobacteriia; o__Fusobacteriales; f__Leptotrichiaceae; g__Sneathia	0.9999963373865767
d5905821daf39fde94c648c774e2e31f	d__Bacteria; p__Bacteroidota; c__Bacteroidia; o__Bacteroidales; f__Tannerellaceae; g__Parabacteroides	0.9999852510995131
6fdc90aac1d3ab64348e1b2b327b7d4a	d__Bacteria; p__Bacteroidota; c__Bacteroidia; o__Bacteroidales; f__Prevotellaceae; g__Paraprevotella	0.9999520345265837
b4549315019bc0a7bfa5ec09ce3678ec	d__Bacteria; p__Bacteroidota; c__Bacteroidia; o__Bacteroidales; f__Prevotellaceae; g__Massiliprevotella	0.9999998578742252
c3b2a320f89afadef48e395bbbb76915	d__Bacteria; p__Bacteroidota; c__Bacteroidia; o__Bacteroidales; f__Prevotellaceae; g__Segatella	0.9999396569306855
dfbaa6ed3065975aa29c255315cfb8ff	d__Bacteria; p__Pseudomonadota; c__Gammaproteobacteria; o__Burkholderiales; f__Sutterellaceae; g__Parasutterella	0.9922674284629447
07a63afe0cbfe5cadae0be943a879049	d__Bacteria; p__Pseudomonadota; c__Alphaproteobacteria; o__Rhodospirillales; f__Incertae_Sedis; g__Incertae_Sedis	0.9999999859967944
b774958beba3686abc13c906643e7a1c	d__Bacteria; p__Bacteroidota; c__Bacteroidia; o__Bacteroidales; f__Prevotellaceae; g__Prevotellaceae_NK3B31_group	0.9617749021399064
0c6326da07a044e4d1f007e294390691	d__Bacteria; p__Bacteroidota; c__Bacteroidia; o__Bacteroidales; f__Prevotellaceae; g__Incertae_Sedis	0.9999865733213219
06dea19fa080424e2af06bce2f1b9619	d__Bacteria; p__Bacteroidota; c__Bacteroidia; o__Bacteroidales; f__Bacteroidaceae; g__Bacteroides	0.9932681726560689
61abc6294b8ade3d519ba7e555763a09	d__Bacteria; p__Pseudomonadota; c__Gammaproteobacteria; o__Enterobacterales; f__Morganellaceae; g__Morganella	0.9998051189762591
b4c05e454d36a0ddc9fe8f8d3f0eff32	d__Bacteria; p__Bacteroidota; c__Bacteroidia; o__Bacteroidales; f__Prevotellaceae; g__Segatella	0.999810094501105
da02f8187c45f5b30b976ef41ec09bf5	d__Bacteria; p__Bacteroidota; c__Bacteroidia; o__Bacteroidales; f__Tannerellaceae; g__Parabacteroides	0.9995620977126359
87c172f3b2d271fcfc5bd98a17b9d856	d__Bacteria; p__Bacillota; c__Clostridia; o__Lachnospirales; f__Lachnospiraceae	0.9999986335855182
660f3066e7076c79f7a4cb9adff5cf3f	d__Bacteria; p__Bacteroidota; c__Bacteroidia; o__Bacteroidales; f__Tannerellaceae; g__Parabacteroides	0.9999999646559565
4d751cf6733d5a5ab7ccdaeff291565b	d__Bacteria; p__Bacillota; c__Clostridia; o__Lachnospirales; f__Lachnospiraceae; g__Anaerostipes	0.9104854400996698
f8395c72fcc58e1c8256d5db4631f108	d__Bacteria; p__Bacillota; c__Clostridia; o__Lachnospirales; f__Lachnospiraceae	0.9994936589515828
6d64ef4f6d3d5efd670b26350d4b3a37	d__Bacteria; p__Pseudomonadota; c__Gammaproteobacteria; o__Enterobacterales; f__Morganellaceae; g__Proteus	0.9906964616074544
e18e1566c9474b46299ee1724aca4413	d__Bacteria; p__Bacteroidota; c__Bacteroidia; o__Bacteroidales; f__Muribaculaceae; g__Incertae_Sedis	0.9529904330206213
0263c60c843ea3270a009a015ebb7812	d__Bacteria; p__Bacillota; c__Clostridia; o__Oscillospirales; f__Ruminococcaceae; g__Faecalibacterium	0.9999958268787414
08ca77d993c41d857c002465815d88a7	d__Bacteria; p__Bacillota; c__Clostridia; o__Lachnospirales; f__Lachnospiraceae	0.9999996432156856
df5bc945396f3c98cf090c774a2c4ca2	d__Bacteria; p__Bacillota; c__Clostridia; o__Lachnospirales; f__Lachnospiraceae	0.9998987425634324
de83384029d64eb76494c0350b1d4126	d__Bacteria; p__Bacteroidota; c__Bacteroidia; o__Bacteroidales; f__Tannerellaceae; g__Parabacteroides	0.9998322695977294
07a8c657ede3c1935fea9252fb08c007	d__Bacteria; p__Bacillota; c__Bacilli; o__Erysipelotrichales; f__Erysipelotrichaceae; g__Holdemanella	0.9996755930397676
b6bb019c2e9bd217a7b007a0fb390b56	d__Bacteria; p__Bacillota; c__Clostridia; o__Lachnospirales; f__Lachnospiraceae	0.9997082323318929
edeba398cc81e13c47e0f9eb488a4c0d	d__Bacteria; p__Bacteroidota; c__Bacteroidia; o__Bacteroidales; f__Prevotellaceae	0.9999999516212934
a23cebf03f0eb359eab657794b48af7b	d__Bacteria; p__Bacillota; c__Clostridia; o__Oscillospirales; f__Ruminococcaceae; g__Faecalibacterium	0.9999981269680154
dd0e7ead80668439f50d706be78b7326	d__Bacteria; p__Bacteroidota; c__Bacteroidia; o__Bacteroidales; f__Barnesiellaceae; g__Barnesiella	0.99999993138974
21bf847b3a947682c92aef982586f3da	d__Bacteria; p__Bacillota; c__Bacilli; o__Lactobacillales; f__Streptococcaceae; g__Streptococcus	0.9999482859335612
3a1d05c51262020b249aef820a111e1a	d__Bacteria; p__Bacteroidota; c__Bacteroidia; o__Bacteroidales; f__Prevotellaceae; g__Incertae_Sedis	0.9999740491991121
e68bae9b5315dbc0130afcf2aa61dd90	d__Bacteria; p__Bacillota; c__Clostridia; o__Lachnospirales; f__Lachnospiraceae	0.9998267428410034
8c2297f07d90de0a6b60701c8ea376cb	d__Bacteria; p__Bacillota; c__Clostridia; o__Lachnospirales; f__Lachnospiraceae	0.9883700017173992
b00c769ef6b7e843f53a0d24be143486	d__Bacteria; p__Bacillota; c__Negativicutes; o__Veillonellales-Selenomonadales; f__Veillonellaceae; g__Dialister	0.9926329354872038
890d123d85fbe925ed87da8ae7058244	d__Bacteria; p__Bacteroidota; c__Bacteroidia; o__Bacteroidales; f__Prevotellaceae	0.9999999689075225
c7cb6ccaac2d3c2763c5fa8f44cf75c7	d__Bacteria; p__Bacillota; c__Clostridia; o__Lachnospirales; f__Lachnospiraceae	0.9998070191106976
df0ec470adb90b1d579fba9587e55508	d__Bacteria; p__Bacillota; c__Bacilli; o__Erysipelotrichales; f__Erysipelatoclostridiaceae; g__Catenibacterium	0.9999999822618691
d7028d51d8f69c7811beebb49b013d70	d__Bacteria; p__Bacillota; c__Bacilli; o__Lactobacillales; f__Streptococcaceae; g__Streptococcus	0.9997608584332335
5471fdcc96beb816e2cb138e00fc7bce	d__Bacteria; p__Bacillota; c__Clostridia; o__Peptostreptococcales-Tissierellales; f__Family_XI; g__Anaerococcus	1.0
ba8deb5e0ad04c486429b7e3c1ed0a06	d__Bacteria; p__Bacteroidota; c__Bacteroidia; o__Bacteroidales	0.9999999583790344
f3392469dde7c27bf6717d174e599e0a	d__Bacteria; p__Bacillota; c__Clostridia; o__Oscillospirales; f__Ruminococcaceae; g__Angelakisella	0.9999608229443006
75b9e086425a07c51e5fb8a7a9eac93b	d__Bacteria; p__Bacteroidota; c__Bacteroidia; o__Bacteroidales; f__Bacteroidaceae; g__Bacteroides	0.998749431031604
a7ba0eee168f06c91f8ef1505af8350f	d__Bacteria; p__Bacteroidota; c__Bacteroidia; o__Bacteroidales; f__Rikenellaceae; g__Rikenellaceae_RC9_gut_group	0.8395880533285801
d42818b8f24f51c957011d129bbdbb20	d__Bacteria; p__Bacillota; c__Clostridia; o__Lachnospirales; f__Lachnospiraceae; g__Lachnospiraceae_UCG-004	0.9561602050059722
66d5a0e2d5d66c246901869146e521dc	d__Bacteria; p__Bacteroidota; c__Bacteroidia; o__Bacteroidales; f__Bacteroidaceae; g__Bacteroides	0.9999985831658852
d6be0aea1458a89e907ceb5e5b327f2e	d__Bacteria; p__Bacillota; c__Clostridia; o__Oscillospirales; f__Ruminococcaceae; g__Acutalibacter	0.9999985479695991
15ed33b3d3b46b1c464c513fab0c5b00	d__Bacteria; p__Bacteroidota; c__Bacteroidia; o__Bacteroidales; f__Prevotellaceae; g__Hoylesella	0.9306045725925166
d6f130d5aa5a3ba423f643dea0eb43ee	d__Bacteria; p__Bacteroidota; c__Bacteroidia; o__Bacteroidales; f__Prevotellaceae; g__Prevotella	0.9341236933695076
e3544dd93a8e03d9633bbb8b2553cd56	d__Bacteria; p__Bacillota; c__Clostridia; o__Lachnospirales; f__Lachnospiraceae	0.999999632576664
29b1d61a9630ff221a9bac1ebe2cdf14	d__Bacteria; p__Bacteroidota; c__Bacteroidia; o__Bacteroidales; f__Tannerellaceae; g__Parabacteroides	0.9992336929542567
9d5ed8d2b90c0b19cbe4d10c8e253da6	d__Bacteria; p__Bacillota; c__Clostridia; o__Lachnospirales; f__Lachnospiraceae	0.9999631104199043
276fc448138116f9767a694b500f23c8	d__Bacteria; p__Bacteroidota; c__Bacteroidia; o__Bacteroidales; f__Prevotellaceae; g__Leyella	0.7037470521354408
032979d3506e74d1561fb691f135a6b1	d__Bacteria; p__Bacteroidota; c__Bacteroidia; o__Bacteroidales; f__Bacteroidaceae; g__Bacteroides	0.9381801224618647
e09b095dbde6288dc65924fc9a831bd9	d__Bacteria; p__Pseudomonadota; c__Gammaproteobacteria; o__Enterobacterales; f__Pasteurellaceae; g__Haemophilus	0.9998454531732439
3913a0cb02e4039e84a82b194d0a0e86	d__Bacteria; p__Bacteroidota; c__Bacteroidia; o__Bacteroidales; f__Barnesiellaceae; g__Coprobacter	0.9999999995693116
3b036fa4ab9cfca097e1001c6811760e	d__Bacteria; p__Bacteroidota; c__Bacteroidia; o__Bacteroidales; f__Bacteroidaceae; g__Bacteroides	0.993864691519227
1bb6eedf03eb8824017624010b9ca066	d__Bacteria; p__Bacillota; c__Clostridia; o__Lachnospirales; f__Lachnospiraceae	0.9993046553890217
a5aed5284450a4c069834ba6d97f6508	d__Bacteria; p__Bacillota; c__Negativicutes; o__Veillonellales-Selenomonadales; f__Selenomonadaceae; g__Incertae_Sedis	0.8970986160071088
116d51d74c528ccf060153f256ea9723	d__Bacteria; p__Bacillota; c__Clostridia; o__Lachnospirales; f__Lachnospiraceae; g__Enterocloster	0.9475767358155077
3c057eeb0c877386b2305b853c52712e	d__Bacteria; p__Bacteroidota; c__Bacteroidia; o__Bacteroidales; f__Bacteroidaceae; g__Bacteroides	0.97012856608693
eb3fb3a399a70c2addbc053ce5750163	d__Bacteria; p__Pseudomonadota; c__Alphaproteobacteria; o__Rhodospirillales; f__Incertae_Sedis; g__Incertae_Sedis	0.999999881113645
f2a965b78a7913b6c9dbd4f025244236	d__Bacteria; p__Bacillota; c__Clostridia; o__Lachnospirales; f__Lachnospiraceae	0.9999913857882501
42504ee9ecc6f5e7e2fa388f5b5d438c	d__Bacteria; p__Actinomycetota; c__Actinobacteria; o__Mycobacteriales; f__Corynebacteriaceae; g__Corynebacterium	0.9987986527428656
bd96a07a68db62ac0ea1e3c4b3a5cd44	d__Bacteria; p__Bacteroidota; c__Bacteroidia; o__Bacteroidales; f__Rikenellaceae; g__Alistipes	0.9999513007622557
046c6beb3ac95f978fcea50a5a4986a0	d__Bacteria; p__Bacillota; c__Clostridia; o__Lachnospirales; f__Lachnospiraceae	0.9999995960934048
7c8a94bd8442b7a465b1eb5cf8207b07	d__Bacteria; p__Bacteroidota; c__Bacteroidia; o__Bacteroidales; f__Tannerellaceae; g__Parabacteroides	0.9945251897807026
f0ee86326610d8cf29bf4d38c45d69ab	d__Bacteria; p__Actinomycetota; c__Coriobacteriia; o__Coriobacteriales; f__Eggerthellaceae; g__Senegalimassilia	0.9999999996026787
e96331d4191c5a32f8d1347fc3d295e2	d__Bacteria; p__Bacillota; c__Clostridia; o__Oscillospirales; f__Ruminococcaceae	0.9956780042528323
4cbbc69780a3c97b66a9ccbdb6aadab8	d__Bacteria; p__Bacillota; c__Clostridia; o__Lachnospirales; f__Lachnospiraceae	0.9978324346151499
9d336ec11078573d01645c12d56b4457	d__Bacteria; p__Bacteroidota; c__Bacteroidia; o__Bacteroidales; f__Prevotellaceae	0.9999999615494208
ca25015cb2e3f6eefb064116bc501665	d__Bacteria; p__Bacillota; c__Clostridia; o__Oscillospirales; f__Ruminococcaceae; g__Faecalibacterium	0.9985691169915692
cf94e1577a60bd451de4540eeab906b3	d__Bacteria; p__Bacteroidota; c__Bacteroidia; o__Bacteroidales; f__Marinifilaceae; g__Butyricimonas	0.9999998077520516
93768df8ee49b57581dd516c01b40949	d__Bacteria; p__Bacillota; c__Clostridia; o__Peptostreptococcales-Tissierellales; f__Family_XI; g__Peptoniphilus	0.9986646369760985
07ccae8bac3a680457fc4d3325f06f1c	d__Bacteria; p__Bacteroidota; c__Bacteroidia; o__Bacteroidales; f__Bacteroidaceae; g__Bacteroides	0.999997072208538
33789edf6137b83e578f02d76f37322f	d__Bacteria; p__Bacteroidota; c__Bacteroidia; o__Bacteroidales; f__Bacteroidaceae; g__Bacteroides	0.9991165155335139
5a0a26019dd19f1efe988c66f3c5c9fd	d__Bacteria; p__Bacteroidota; c__Bacteroidia; o__Bacteroidales; f__Bacteroidaceae; g__Bacteroides	0.999998418163799
912d4dc58bc8fb0e357e6ed9399e1bf3	d__Bacteria; p__Bacteroidota; c__Bacteroidia; o__Bacteroidales; f__Prevotellaceae; g__Segatella	0.9986164465103331
8a225fdd8865c41d6a6b254ebf9cc37c	d__Bacteria; p__Bacteroidota; c__Bacteroidia; o__Bacteroidales; f__Bacteroidaceae; g__Bacteroides	0.9999805208863305
7769232f5b72ba313d7111ebf398dac3	d__Bacteria; p__Bacteroidota; c__Bacteroidia; o__Bacteroidales; f__Porphyromonadaceae; g__Porphyromonas	0.9987957194699086
9afe656d909fef6d4a5525fb7a719c1c	d__Bacteria; p__Bacteroidota; c__Bacteroidia; o__Bacteroidales; f__Tannerellaceae; g__Parabacteroides	0.9987993751321268
c6ad968eef0f2c68cb44aa1442e37541	d__Bacteria; p__Bacillota; c__Clostridia; o__Lachnospirales; f__Lachnospiraceae	0.9999991165235926
a10d61e7a0f0dccf1946bfa2c7e5cfac	d__Bacteria; p__Bacillota; c__Clostridia; o__Christensenellales; f__Christensenellaceae; g__Christensenellaceae_R-7_group	0.9997371798008077
6b0bf7573a795b3995e63d7f5db59097	d__Bacteria; p__Bacillota; c__Negativicutes; o__Veillonellales-Selenomonadales; f__Veillonellaceae; g__Dialister	0.9744769647893914
c93889962f893e78562fa6fa6da77c8d	d__Bacteria; p__Bacteroidota; c__Bacteroidia; o__Bacteroidales; f__Bacteroidaceae; g__Bacteroides	0.9999646638749015
edbe0d0c732421dc20bac9c10f98671c	d__Bacteria; p__Bacteroidota; c__Bacteroidia; o__Bacteroidales; f__Prevotellaceae; g__Massiliprevotella	0.9999974297422574
8aac6e9bb9195b4636bba6ebd88ef48d	d__Bacteria; p__Bacillota; c__Clostridia; o__Lachnospirales; f__Lachnospiraceae; g__Frisingicoccus	0.9998686355862694
d2bfab831983e2ef55f947f7d89298ce	d__Bacteria; p__Bacillota; c__Clostridia; o__Oscillospirales; f__Ruminococcaceae; g__Faecalibacterium	0.91111606067476
1f147743925ca5af63e1db4ebac0356e	d__Bacteria; p__Bacteroidota; c__Bacteroidia; o__Bacteroidales; f__Bacteroidaceae; g__Bacteroides	0.9999905409743388
fc4017627c9d8269073f73df877c3aab	d__Bacteria; p__Bacteroidota; c__Bacteroidia; o__Bacteroidales; f__Prevotellaceae	0.9999999976545609
18c6983bcb144fd494b8d07188cff085	d__Bacteria; p__Bacillota; c__Negativicutes; o__Veillonellales-Selenomonadales; f__Veillonellaceae; g__Megasphaera	0.9999999135790072
0f104bb5df64caaab82161c7417bc3c5	d__Bacteria; p__Bacillota; c__Clostridia; o__Peptostreptococcales-Tissierellales; f__Family_XI; g__Peptoniphilus	0.9999995538443329
ffdbf3eac41aa3e67bf4f00c1d50a44f	d__Bacteria; p__Bacillota; c__Clostridia; o__Oscillospirales; f__Ruminococcaceae; g__Ruminococcus	0.9835770536654466
f19d4b1d261e1a77d8a516a9491ea9c5	d__Bacteria; p__Bacteroidota; c__Bacteroidia; o__Bacteroidales; f__Bacteroidaceae; g__Bacteroides	0.9999998444255432
bb9a5759b730134dd82157248cefd54c	d__Bacteria; p__Bacillota; c__Clostridia; o__Lachnospirales; f__Lachnospiraceae	0.9993961888077164
e57c1139edbec728e9e092feedc69bd5	d__Bacteria; p__Bacillota; c__Clostridia; o__Peptostreptococcales-Tissierellales; f__Anaerovoracaceae; g__Family_XIII_AD3011_group	0.9075977440601247
f592589620c44bec3dd6eb6bc280f0ac	d__Bacteria; p__Bacteroidota; c__Bacteroidia; o__Bacteroidales; f__Marinifilaceae; g__Odoribacter	0.9999995990051453
2d31ec81643e1bd46b9eb7a96a9a8e35	d__Bacteria; p__Bacteroidota; c__Bacteroidia; o__Bacteroidales; f__Barnesiellaceae; g__Barnesiella	0.9999999976941751
101c0de9e0037f41722efdd1e3c9ffc1	d__Bacteria; p__Bacteroidota; c__Bacteroidia; o__Bacteroidales; f__Bacteroidaceae; g__Bacteroides	0.8535958586353943
9f85c42acfcf840ae15c9f95d483444a	d__Bacteria; p__Bacteroidota; c__Bacteroidia; o__Bacteroidales; f__Rikenellaceae; g__Alistipes	0.9999386996744842
ea7b4ce43d2c8a7c4b436fa4d248937c	d__Bacteria; p__Bacillota; c__Negativicutes; o__Veillonellales-Selenomonadales; f__Veillonellaceae; g__Veillonella	0.9999998773032464
1b3a61250cb73bdb021d96b07de060de	d__Bacteria; p__Bacteroidota; c__Bacteroidia; o__Bacteroidales; f__Prevotellaceae; g__Leyella	0.999890725255229
b3b6a03ea2647ed4ed81c793cfa813eb	d__Bacteria; p__Bacillota; c__Clostridia; o__Lachnospirales; f__Lachnospiraceae	0.9999998044630916
c8ebb7567b16f08ce34faa481eb6328f	d__Bacteria; p__Bacteroidota; c__Bacteroidia; o__Bacteroidales; f__Prevotellaceae; g__Segatella	0.9154619899823492
9f5c388b7b5aff86aa24ccbc87c005d6	d__Bacteria; p__Bacteroidota; c__Bacteroidia; o__Bacteroidales; f__Bacteroidaceae; g__Bacteroides	0.999998619857138
fd5e9103c3fa4ee2058fc5593ab78349	d__Bacteria; p__Bacillota; c__Bacilli; o__Acholeplasmatales; f__Acholeplasmataceae; g__Anaeroplasma	0.9999998676623622
753eafae1c83f2b163884789fb129b38	d__Bacteria; p__Bacillota; c__Clostridia; o__Lachnospirales; f__Lachnospiraceae	0.9999986193257762
80d330270efa6ce451b98e56bece2e9f	d__Bacteria; p__Bacteroidota; c__Bacteroidia; o__Bacteroidales; f__Prevotellaceae	0.9995753888805434
510a04f48215ec0bbcba840ee2d0bd73	d__Bacteria; p__Bacteroidota; c__Bacteroidia; o__Bacteroidales; f__Prevotellaceae; g__Segatella	0.999362405208489
ca19fc7c3c9e57dad386ae50c2ee77e0	d__Bacteria; p__Bacillota; c__Clostridia; o__Lachnospirales; f__Lachnospiraceae	0.9999997992669121
aa988971b9218f2cdc96505b50368d73	d__Bacteria; p__Fusobacteriota; c__Fusobacteriia; o__Fusobacteriales; f__Fusobacteriaceae; g__Fusobacterium	0.8439806449871532
a746b69f789e52233952b36b37cc83c7	d__Bacteria; p__Bacillota; c__Clostridia; o__Lachnospirales; f__Lachnospiraceae; g__Blautia	0.9261701336378779
e83bca48e6f44e6c4e13e18ca00ebaad	d__Bacteria; p__Bacillota; c__Clostridia; o__Oscillospirales; f__Ruminococcaceae; g__Faecalibacterium	0.9666589688303389
8ae9fa155c3d97dde430dd3625a603dc	d__Bacteria; p__Bacillota; c__Clostridia; o__Christensenellales; f__Christensenellaceae; g__Christensenellaceae_R-7_group	0.9993590541361839
325a2be47390a294346605dd63a37acb	d__Bacteria; p__Bacillota; c__Clostridia; o__Lachnospirales; f__Lachnospiraceae; g__Blautia	0.7420788134530429
403dbfc930fe9805760c25cbd98ab7b1	d__Bacteria; p__Bacteroidota; c__Bacteroidia; o__Bacteroidales; f__Tannerellaceae; g__Parabacteroides	0.9985398706151105
01200c8bb365a6c1000e51f64568da24	d__Bacteria; p__Bacillota; c__Clostridia; o__Peptostreptococcales-Tissierellales; f__Peptostreptococcaceae	0.9064863212095553
1c59b4231a6d8b22c5e1d62046eff7c2	d__Bacteria; p__Bacteroidota; c__Bacteroidia; o__Bacteroidales; f__Bacteroidaceae; g__Bacteroides	0.9998822712210537
95f62b3aaa47a4b4476b1202105c7a8b	d__Bacteria; p__Bacteroidota; c__Bacteroidia; o__Bacteroidales; f__Prevotellaceae; g__Segatella	0.9994075575574717
45bcf1e7f54cef0fc834e24d0affc48c	d__Bacteria; p__Bacillota; c__Clostridia; o__Lachnospirales; f__Lachnospiraceae	0.9998137009148513
85c1f3db8e31354fe6fa4cb71c665d54	d__Bacteria; p__Bacillota; c__Clostridia; o__Lachnospirales; f__Lachnospiraceae; g__Faecalicatena	0.9325483707161615
126624ff1d881189a9a8bc5fedc0d62e	d__Bacteria; p__Bacillota; c__Negativicutes; o__Veillonellales-Selenomonadales; f__Veillonellaceae; g__Veillonella	0.9999995400548648
df49d4b4079c196e8cd7b1cb220668db	d__Bacteria; p__Bacillota; c__Clostridia; o__Lachnospirales; f__Lachnospiraceae	0.9999883644636218
e827cf2596d98e94b6989547760206d8	d__Bacteria; p__Bacillota; c__Clostridia; o__Lachnospirales; f__Lachnospiraceae; g__Lachnospiraceae_UCG-004	0.7393654161000928
dde9df78fce10ca25beb252e10368fbc	d__Bacteria; p__Bacillota; c__Clostridia; o__Lachnospirales; f__Lachnospiraceae; g__Anaerostipes	0.7530808058147259
9745e0d54a179fc9ead42ce9d72a0370	d__Bacteria; p__Bacillota; c__Clostridia; o__Lachnospirales; f__Lachnospiraceae; g__Anaerostipes	0.998295461490974
68ee9aa630a714bb8e050e47a4c81b53	d__Bacteria; p__Bacillota; c__Bacilli; o__Erysipelotrichales; f__Erysipelotrichaceae; g__[Clostridium]_innocuum_group	0.9988230149701085
169d75adc31e5d0beab599fe3edee93b	d__Bacteria; p__Bacillota; c__Negativicutes; o__Acidaminococcales; f__Acidaminococcaceae; g__Phascolarctobacterium	0.9167702252398552
007515255bdb7e3fcf290acecb575c46	d__Bacteria; p__Bacillota; c__Clostridia; o__Lachnospirales; f__Lachnospiraceae; g__Blautia	0.9696165717754275
0add7f79d4ab68907d04d51de6c236d3	d__Bacteria; p__Bacteroidota; c__Bacteroidia; o__Bacteroidales; f__Bacteroidaceae; g__Bacteroides	0.9999452664570584
acc58d6ccbd9358ecf68d67070840287	d__Bacteria; p__Bacteroidota; c__Bacteroidia; o__Bacteroidales; f__Bacteroidaceae; g__Bacteroides	0.9999982267914708
4dec1c21dfc2b2590d82244fe83977e5	d__Bacteria; p__Bacteroidota; c__Bacteroidia; o__Bacteroidales; f__Porphyromonadaceae; g__Porphyromonas	0.9999999727930348
cb8f69860a31cb3c919e1dd9bc76e452	d__Bacteria; p__Bacillota; c__Bacilli; o__Lactobacillales; f__Lactobacillaceae; g__Lactobacillus	0.9999936758934947
6f1bb488d124a6e154f130c451b269f5	d__Bacteria; p__Bacillota; c__Clostridia; o__Oscillospirales; f__Oscillospiraceae; g__Oscillospira	0.7516886385875209
28dc42e39a0d8eb9bb6910ab2b1aa9ce	d__Bacteria; p__Bacillota; c__Clostridia; o__Oscillospirales; f__Oscillospiraceae; g__UCG-002	0.8669884240437358
6d65c67522aa2d4e0eb21a6e478923d3	d__Bacteria; p__Bacillota; c__Clostridia; o__Oscillospirales; f__Ruminococcaceae; g__Faecalibacterium	0.9999937491169075
4627529eb4f26057a1f9a4a58918a6a0	d__Bacteria; p__Bacillota; c__Clostridia; o__Oscillospirales; f__Ruminococcaceae; g__Faecalibacterium	0.9999968366943089
9cdaeaba6066dbf688aae64b4b812128	d__Bacteria; p__Pseudomonadota; c__Gammaproteobacteria; o__Enterobacterales; f__Enterobacteriaceae	0.9950359307409614
7f7f555efe2fc98f90f2f7b783c28811	d__Bacteria; p__Bacillota; c__Clostridia; o__Lachnospirales; f__Lachnospiraceae; g__Lachnospiraceae_UCG-004	0.7911306480182129
c6d96d0b54e81f8502f240da8b77d33c	d__Bacteria; p__Bacteroidota; c__Bacteroidia; o__Bacteroidales; f__Tannerellaceae; g__Parabacteroides	0.9999988168544753
da23a5e69486f00733774d14d3122889	d__Bacteria; p__Pseudomonadota; c__Gammaproteobacteria; o__Enterobacterales; f__Enterobacteriaceae; g__Escherichia-Shigella	0.9993354070459581
73b9fdbe8693d77267e89d75241a823c	d__Bacteria; p__Bacillota; c__Clostridia; o__Lachnospirales; f__Lachnospiraceae; g__Lachnospiraceae_UCG-004	0.7817303959984815
39b86886e8a7c127ff2efb92548705da	d__Bacteria; p__Bacillota; c__Bacilli; o__Erysipelotrichales; f__Erysipelotrichaceae; g__Faecalitalea	0.9936405628225683
295d4367a68fbcee702e566d7c1af527	d__Bacteria; p__Bacillota; c__Clostridia; o__Lachnospirales; f__Lachnospiraceae	0.9999256263405052
2d1e10bff45ed56d036952fe3be31ba3	d__Bacteria; p__Bacillota; c__Clostridia; o__Oscillospirales; f__Ruminococcaceae	0.9999514621665477
7b9e4cbf616ca83cff074a9ce3a4de6a	d__Bacteria; p__Bacteroidota; c__Bacteroidia; o__Bacteroidales; f__Prevotellaceae; g__Massiliprevotella	0.9999982818421226
e0ef22e30897beb9109c4f736c247ced	d__Bacteria; p__Bacillota; c__Clostridia; o__Oscillospirales; f__Ruminococcaceae; g__Faecalibacterium	0.9282976486038523
84b907f7a664529e5baa45122305e4a7	d__Bacteria; p__Bacillota; c__Clostridia; o__Peptostreptococcales-Tissierellales; f__Family_XI; g__Parvimonas	0.999999692390195
f82446958e211a9572da9547a66f4be8	d__Bacteria; p__Bacillota; c__Clostridia; o__Peptostreptococcales-Tissierellales; f__Family_XI; g__Peptoniphilus	0.989817366731367
1538a77086b3ef975a239084eb376943	d__Bacteria; p__Bacillota; c__Clostridia; o__Lachnospirales; f__Lachnospiraceae; g__Lachnospiraceae_UCG-004	0.9493195020525158
231aa67d697d11ff9f9301aa18bd7b7d	d__Bacteria; p__Bacillota; c__Clostridia; o__Lachnospirales; f__Lachnospiraceae; g__[Eubacterium]_ruminantium_group	0.9950432085674453
7b5089e48b34005c152ac0a046ce2039	d__Bacteria; p__Bacteroidota; c__Bacteroidia; o__Bacteroidales; f__Tannerellaceae; g__Parabacteroides	0.9988814472470507
5cf99f74c2d6f2d8169b4ae4792721db	d__Bacteria; p__Pseudomonadota; c__Gammaproteobacteria; o__Burkholderiales; f__Sutterellaceae; g__Sutterella	0.9999614616656386
dfda34e33e1409c52be9e8924cc6d3fd	d__Bacteria; p__Bacteroidota; c__Bacteroidia; o__Bacteroidales; f__Bacteroidaceae; g__Bacteroides	0.9962363527614704
91bd0aa175b50c3153bc909c0e29150c	d__Bacteria; p__Bacteroidota; c__Bacteroidia; o__Bacteroidales; f__Tannerellaceae; g__Parabacteroides	0.9977309477515328
926f95461963ddac4c2606c498c8fa89	d__Bacteria; p__Bacillota; c__Clostridia; o__Oscillospirales; f__Ruminococcaceae; g__DTU089	0.9999914373379071
71acca039d5f4268a6759d1f766709c2	d__Bacteria; p__Pseudomonadota; c__Gammaproteobacteria; o__Burkholderiales; f__Sutterellaceae; g__Sutterella	0.9997141829181765
29f997115f9f0f3e48f320cdf6c128af	d__Bacteria; p__Bacillota; c__Clostridia; o__Lachnospirales; f__Lachnospiraceae	0.9966957444422379
3e05b035c014a12bc16d84a8dd32b3e5	d__Bacteria; p__Bacteroidota; c__Bacteroidia; o__Bacteroidales; f__Barnesiellaceae; g__Barnesiella	0.9999999602913058
168f7732f444e5e6a562b2f372a74026	d__Bacteria; p__Bacillota; c__Clostridia; o__Lachnospirales; f__Lachnospiraceae	0.9999959907670724
41f49d58297526d40e8c99a7c27a1432	d__Bacteria; p__Bacillota; c__Clostridia; o__Lachnospirales; f__Lachnospiraceae	0.9997662692418597
157af331d30bd3642dd2ac0851d0e911	d__Bacteria; p__Bacillota; c__Clostridia; o__Lachnospirales; f__Lachnospiraceae	0.9999997309193949
9c5095a44a3293088a1cbb5baea9f0f1	d__Bacteria; p__Bacillota; c__Clostridia; o__Peptostreptococcales-Tissierellales; f__Anaerovoracaceae; g__Family_XIII_AD3011_group	0.9981396509689204
73b1392b10052015f8636de544443db9	d__Bacteria; p__Bacillota; c__Clostridia; o__Lachnospirales; f__Lachnospiraceae; g__Agathobacter	0.8740240839957799
4f8c05e2084cc20a783eec46dd21777d	d__Bacteria; p__Bacillota; c__Clostridia; o__Lachnospirales; f__Lachnospiraceae; g__Blautia	0.9409563934939071
e99f8fffc64501c0910d01d02edec0c5	d__Bacteria; p__Bacillota; c__Clostridia; o__Oscillospirales; f__Ruminococcaceae; g__Faecalibacterium	0.9999980828260578
cb87418eb95ae78bae07b615de92e2b4	d__Bacteria; p__Bacillota; c__Bacilli; o__Erysipelotrichales; f__Erysipelotrichaceae; g__Holdemanella	0.9999968202370688
f08630b3a42835b82664fcd336b48e3d	d__Bacteria; p__Bacteroidota; c__Bacteroidia; o__Bacteroidales; f__Muribaculaceae; g__Incertae_Sedis	0.9997189773905714
c52e306d044762b4cf2f2f265ba6a402	d__Bacteria; p__Pseudomonadota; c__Gammaproteobacteria; o__Enterobacterales; f__Pasteurellaceae; g__Haemophilus	0.9999544395260417
c23b6a7457f4e3026bb4153a237a17aa	d__Bacteria; p__Bacteroidota; c__Bacteroidia; o__Bacteroidales; f__Barnesiellaceae; g__Barnesiella	0.9999998221610882
e78ef820776997ebd5945f73466d0c20	d__Bacteria; p__Bacteroidota; c__Bacteroidia; o__Bacteroidales; f__Barnesiellaceae; g__Coprobacter	0.9999999998440217
cf93cfa40437030bf0c1c511f1b0f228	d__Bacteria; p__Bacteroidota; c__Bacteroidia; o__Bacteroidales; f__Rikenellaceae; g__Alistipes	0.9999137414937199
3ec013c03b2ea4cdc1902476d9a0379b	d__Bacteria; p__Bacillota; c__Clostridia; o__Lachnospirales; f__Lachnospiraceae	0.9999998057577775
e784756bb95899b77e6a72713719d962	d__Bacteria; p__Bacillota; c__Clostridia; o__Lachnospirales; f__Lachnospiraceae	0.9883494560080208
3ec2ce59b1620f2dffb6c4dcb95700d4	d__Bacteria; p__Bacteroidota; c__Bacteroidia; o__Bacteroidales; f__Marinifilaceae; g__Butyricimonas	0.9999997458587057
fe69743788640c67b00e4c435990b354	d__Bacteria; p__Bacteroidota; c__Bacteroidia; o__Bacteroidales; f__Bacteroidaceae; g__Bacteroides	0.9967633512752383
cb3a9645cd8252d038cb2fd7147a1865	d__Bacteria; p__Bacteroidota; c__Bacteroidia; o__Bacteroidales; f__Barnesiellaceae; g__Incertae_Sedis	0.9999989779652871
76f79d179450c9599c937e0fd337f6ca	d__Bacteria; p__Pseudomonadota; c__Gammaproteobacteria; o__Pseudomonadales; f__Pseudomonadaceae; g__Pseudomonas	0.9773254436861167
800acbe555895cf9ee38f6f81bd6e522	d__Bacteria; p__Bacillota; c__Clostridia; o__Clostridiales; f__Clostridiaceae; g__Clostridium	0.9988297894846124
edcf56ae5aaa938db3033be76f09025c	d__Bacteria; p__Bacillota; c__Clostridia; o__Lachnospirales; f__Lachnospiraceae	0.9999995032492512
c87398f0efcaa34b70c0af3d1032d7da	d__Eukaryota	0.8264395327589469
a500f7ec479d9b26967bcdc12ee47bf0	d__Bacteria; p__Bacillota; c__Clostridia; o__Oscillospirales; f__Oscillospiraceae	0.9997677674195004
089453d68ac12ec9594446afb090df6d	d__Bacteria; p__Bacillota; c__Clostridia; o__Oscillospirales; f__[Eubacterium]_coprostanoligenes_group; g__Incertae_Sedis	0.9999932528527714
97d0ec93c4f50d8c6a112ab34f6cec57	d__Bacteria; p__Pseudomonadota; c__Gammaproteobacteria; o__Enterobacterales; f__Enterobacteriaceae; g__Escherichia-Shigella	0.9996791644309503
9ab4b7752d05abcb4de799a09e83056b	d__Bacteria; p__Bacillota; c__Clostridia; o__Lachnospirales; f__Lachnospiraceae; g__Lachnospiraceae_ND3007_group	0.9954293565405525
9b246935038e05f1c46e4f6fee4d799b	d__Bacteria; p__Pseudomonadota; c__Gammaproteobacteria; o__Burkholderiales; f__Sutterellaceae; g__Sutterella	0.9997254520710134
18ceb9de68eead09a7fcf8e2b0cd6cfb	d__Bacteria; p__Bacillota; c__Clostridia; o__Lachnospirales; f__Lachnospiraceae	0.999919717035532
b475176c6f790c4045023f7913d2969c	d__Bacteria; p__Bacillota; c__Bacilli; o__Erysipelotrichales; f__Erysipelatoclostridiaceae; g__Catenibacterium	0.9999999878282325
42f0354198a6a991706d29a2175632d0	d__Bacteria; p__Bacillota; c__Clostridia; o__Clostridiales; f__Clostridiaceae; g__Sarcina	0.7920186537409012
236dda0b1268d8d4ce9fe90d10995e2b	d__Bacteria; p__Bacteroidota; c__Bacteroidia; o__Bacteroidales; f__Bacteroidaceae; g__Bacteroides	0.99999576973317
d934f5245bbd7a3b7a968abfbfc5beb8	d__Bacteria; p__Bacteroidota; c__Bacteroidia; o__Bacteroidales; f__Tannerellaceae; g__Parabacteroides	0.999561240560708
49e9750de87c8cbe94d62b1a1ec2af0f	d__Bacteria; p__Bacteroidota; c__Bacteroidia; o__Bacteroidales; f__Bacteroidaceae; g__Bacteroides	0.9919970352171119
a3630ad1c4b34e7bb5759496ade42b5e	d__Bacteria; p__Bacteroidota; c__Bacteroidia; o__Bacteroidales; f__Barnesiellaceae; g__Barnesiella	0.9999999964592661
8e70a22f139ad4b868b3fa012bf789e3	d__Bacteria; p__Bacillota; c__Clostridia; o__Lachnospirales; f__Lachnospiraceae; g__Lachnospiraceae_UCG-004	0.834445167568835
2018b9b45f6f7e2f05e0c735a1d3af22	d__Bacteria; p__Pseudomonadota; c__Gammaproteobacteria; o__Burkholderiales; f__Sutterellaceae; g__Sutterella	0.9673271823095785
491bf12f83b6a7cc160ab898463a1245	d__Bacteria; p__Pseudomonadota; c__Gammaproteobacteria; o__Enterobacterales; f__Enterobacteriaceae	0.9940253622502837
d323a8dd9563c9186ad600a44c002f46	d__Bacteria; p__Bacillota; c__Clostridia; o__Lachnospirales; f__Lachnospiraceae	0.9999737442795095
f2922e765a8fdc0d5922768a66a0044a	d__Bacteria; p__Bacteroidota; c__Bacteroidia; o__Bacteroidales	0.999999933959556
172a1eb83efbf67473f2ab21ca55385f	d__Bacteria; p__Bacteroidota; c__Bacteroidia; o__Bacteroidales; f__Bacteroidaceae; g__Bacteroides	0.9999514113640503
6a5fead661df5d42cf55d3ba8abf68a6	d__Bacteria; p__Bacteroidota; c__Bacteroidia; o__Bacteroidales; f__Prevotellaceae; g__Hoylesella	0.8937706399565385
5f0a3f912e149017a7497eeb4e5ecaec	d__Bacteria; p__Bacteroidota; c__Bacteroidia; o__Bacteroidales; f__Tannerellaceae; g__Parabacteroides	0.9986514102859131
82aaf380df388fb3e2e2e75b4a0a931c	d__Bacteria; p__Bacillota; c__Clostridia; o__Lachnospirales; f__Lachnospiraceae	0.999953003451147
8489614f0af8a9a8af17737353f9f5de	d__Bacteria; p__Bacillota; c__Clostridia; o__Lachnospirales; f__Lachnospiraceae	0.9999559791839416
aba2a415e4b51a81a08d9bb3fd7022d1	d__Bacteria; p__Bacillota; c__Bacilli; o__Erysipelotrichales; f__Erysipelotrichaceae; g__Merdibacter	0.9938952838609059
ecdbf356fc0fd5485374568f6a87f68b	d__Bacteria; p__Pseudomonadota; c__Gammaproteobacteria; o__Enterobacterales; f__Pasteurellaceae; g__Haemophilus	0.9999753912594351
e1f41f14957a1c54a743dab339865849	d__Bacteria; p__Bacillota; c__Clostridia; o__Oscillospirales; f__Oscillospiraceae; g__UCG-005	0.9554170157441236
b6d11b4fe0a2abb4607c61238667d961	d__Bacteria; p__Pseudomonadota; c__Gammaproteobacteria; o__Pseudomonadales; f__Pseudomonadaceae; g__Pseudomonas	0.9995200763347319
5ea862e6f959397a7681f906c1538448	d__Bacteria; p__Bacillota; c__Clostridia; o__Lachnospirales; f__Lachnospiraceae	0.9998954929995981
350476753d21a30928c75dc52f519c11	d__Bacteria; p__Bacteroidota; c__Bacteroidia; o__Bacteroidales; f__Bacteroidaceae; g__Bacteroides	0.9999853849026649
85061a6b27de8150b680df60250c6445	d__Bacteria; p__Bacillota; c__Bacilli; o__Erysipelotrichales; f__Erysipelatoclostridiaceae; g__Thomasclavelia	0.9999841826942596
d4be64281cbfdcdf9423ae79c097c6ef	d__Bacteria; p__Bacillota; c__Clostridia; o__Oscillospirales; f__[Eubacterium]_coprostanoligenes_group; g__Incertae_Sedis	0.998990370122854
4e7f4d480b42b50cb372874f66479b53	d__Bacteria; p__Bacillota; c__Clostridia; o__Lachnospirales; f__Lachnospiraceae	0.9999996413198364
e72a542400705832ba38fc5940d3a4b5	d__Bacteria; p__Actinomycetota; c__Actinobacteria; o__Actinomycetales; f__Actinomycetaceae; g__Schaalia	0.9999999853012868
8f48151f9233e07e84c235c2b833c6b6	d__Bacteria; p__Bacillota; c__Bacilli; o__Lactobacillales; f__Enterococcaceae; g__Enterococcus	0.99961666661872
57f7a7146ee5c1a9fa33c750c14db13c	d__Bacteria; p__Bacillota; c__Clostridia; o__Lachnospirales; f__Lachnospiraceae; g__Anaerostipes	0.7179091610628805
adcb12de60dc9c2adf2e9d09afb04092	d__Bacteria; p__Bacillota; c__Clostridia; o__Lachnospirales; f__Lachnospiraceae; g__Mediterraneibacter	0.9706727811582586
858fbef06505740c9947b36b27a1e117	d__Bacteria; p__Bacteroidota; c__Bacteroidia; o__Bacteroidales; f__Bacteroidaceae; g__Bacteroides	0.9997702156558889
83eaaca1e624f5407c66ad0aaec16971	d__Bacteria; p__Pseudomonadota; c__Gammaproteobacteria; o__Burkholderiales; f__Sutterellaceae; g__Sutterella	0.999999946549751
e8bc67de58ed99ce5889ba985dabdac6	d__Bacteria; p__Bacillota; c__Clostridia; o__Clostridia_UCG-014; f__Incertae_Sedis; g__Incertae_Sedis	0.9999999999992752
ed02c7d21463e9db7cbb24b16e3e7323	d__Bacteria; p__Bacillota; c__Clostridia; o__Lachnospirales; f__Lachnospiraceae; g__Enterocloster	0.9297228604865795
feb10afe21910b4aff3c28f72b993b76	d__Bacteria; p__Bacillota; c__Clostridia; o__Lachnospirales; f__Lachnospiraceae; g__Lachnospiraceae_UCG-004	0.9146202774570994
1ceeac876bf2f646afa296cd201099e7	d__Bacteria; p__Bacillota; c__Clostridia; o__Clostridia_UCG-014; f__Incertae_Sedis; g__Incertae_Sedis	0.9999999999995168
0337b5374a594c19964970ec3b313d34	d__Bacteria; p__Bacteroidota; c__Bacteroidia; o__Bacteroidales; f__Prevotellaceae; g__Segatella	0.9997837189092944
c5bd5414eccda7dfeaa853a879e75817	d__Bacteria; p__Bacillota; c__Clostridia; o__Clostridia_UCG-014; f__Incertae_Sedis; g__Incertae_Sedis	0.9999999999969162
a0995a98e12793799b5d0da630ac2752	d__Bacteria; p__Bacteroidota; c__Bacteroidia; o__Bacteroidales; f__Prevotellaceae; g__Segatella	0.9998741481687985
6acb1a0db5b9d43e75a5985cad5e3c02	d__Bacteria; p__Bacillota; c__Clostridia; o__Oscillospirales; f__Ruminococcaceae; g__Ruminococcus	0.9816334786041301
f475731ea3b64c42a2b60f408d706d2a	d__Bacteria; p__Bacillota; c__Clostridia	0.9985503807859681
56f10d943308ffa56657f7a161b8a529	d__Bacteria; p__Pseudomonadota; c__Gammaproteobacteria; o__Burkholderiales; f__Sutterellaceae; g__Sutterella	0.9999999021685019
362019d1378172f4703e220d46348a44	d__Bacteria; p__Pseudomonadota; c__Alphaproteobacteria; o__Rhodospirillales; f__Incertae_Sedis; g__Incertae_Sedis	0.999739477430962
f24b63089357c274bcbe5d7b354e8a18	d__Bacteria; p__Bacillota; c__Bacilli; o__Lactobacillales; f__Streptococcaceae; g__Streptococcus	0.9043026585155707
69d6c9da00b74c03922d9b0ed4d6e5b9	d__Bacteria; p__Bacillota; c__Clostridia; o__Clostridiales; f__Clostridiaceae; g__Clostridium	0.9976933696530297
b26c4d5b24fd222837c7cdd6ec416192	d__Bacteria; p__Bacillota; c__Negativicutes; o__Veillonellales-Selenomonadales; f__Veillonellaceae; g__Dialister	0.9999882397346649
3442dab296c8913b9ac03b9617689a43	d__Bacteria; p__Bacillota; c__Clostridia; o__Oscillospirales; f__Oscillospiraceae; g__Intestinimonas	0.9106971358555799
d1a139eef56fcfabd8130779ee0db63b	d__Bacteria; p__Bacillota; c__Clostridia; o__Oscillospirales; f__Oscillospiraceae; g__Intestinimonas	0.7126243321805096
4052a4596d9b2053fa313ea8e8c3b8a1	d__Bacteria; p__Bacteroidota; c__Bacteroidia; o__Bacteroidales; f__Tannerellaceae; g__Parabacteroides	0.9936902048930178
8e2358e5fb83de436193dbdb6a9ae524	d__Bacteria; p__Bacteroidota; c__Bacteroidia; o__Bacteroidales; f__Prevotellaceae; g__Hoylesella	0.8051036018607002
de51d6043dbc81688d48374d278629a2	d__Bacteria; p__Bacillota; c__Clostridia; o__Oscillospirales; f__Oscillospiraceae; g__Flavonifractor	0.9675892652039019
82c14c1c495c3ac669489ac31e557247	d__Bacteria; p__Bacillota; c__Clostridia; o__Oscillospirales; f__Ruminococcaceae; g__Faecalibacterium	0.9060441746364809
b0ad1a62fd9ea4caa0ab6813458daf03	d__Bacteria; p__Bacillota; c__Clostridia; o__Lachnospirales; f__Lachnospiraceae; g__Agathobacter	0.8919652574148542
9d6a24def97a4821753f0f43ddc447c2	d__Bacteria; p__Pseudomonadota; c__Gammaproteobacteria; o__Enterobacterales; f__Enterobacteriaceae; g__Escherichia-Shigella	0.9995906538051761
48b0a7aa505a484ace92449be9d20582	d__Bacteria; p__Bacillota; c__Clostridia; o__Oscillospirales; f__Ruminococcaceae; g__Faecalibacterium	0.9999980779299873
cb1036a9dd8313ddaca7192e5e5a7da4	d__Bacteria; p__Bacillota; c__Clostridia; o__Oscillospirales; f__Oscillospiraceae; g__Oscillibacter	0.954431342902307
6b9ed0738e07bbe18593e5b406aa5856	d__Bacteria; p__Bacteroidota; c__Bacteroidia; o__Bacteroidales; f__Muribaculaceae; g__Incertae_Sedis	0.9999993398806357
2f941377586aeeebde11fb1430048498	d__Bacteria; p__Bacillota; c__Clostridia; o__Lachnospirales; f__Lachnospiraceae; g__Butyrivibrio	0.8598490095250595
d5ffb2081fe57494adfd1f0c3555fe21	d__Bacteria; p__Bacteroidota; c__Bacteroidia; o__Bacteroidales; f__Porphyromonadaceae; g__Porphyromonas	0.9999999468424662
acfc0c4dea1f92c625a74435978fa3d9	d__Bacteria; p__Bacteroidota; c__Bacteroidia; o__Bacteroidales; f__Prevotellaceae; g__Segatella	0.9314540803452084
580b5f779082b51be06a9105b223921d	d__Bacteria; p__Bacillota; c__Clostridia; o__Lachnospirales; f__Lachnospiraceae	0.9998901051661157
a27acd0ab66fffbf5e289a28be9ea3b3	d__Bacteria; p__Bacteroidota; c__Bacteroidia; o__Bacteroidales; f__Bacteroidaceae; g__Bacteroides	0.8617775794896361
bd5bdff4d4667d4dba90c5d15d1a3a4e	d__Bacteria; p__Bacillota; c__Clostridia; o__Lachnospirales; f__Lachnospiraceae; g__Dorea	0.9196125138632631
840285c1193ad1f8fb0e006ae608a44b	d__Bacteria; p__Bacillota; c__Clostridia; o__Lachnospirales; f__Lachnospiraceae; g__Enterocloster	0.9698821614528413
a9dadce984287e7469c897e17bf96e8f	d__Bacteria; p__Bacillota; c__Clostridia; o__Peptostreptococcales-Tissierellales; f__Peptostreptococcaceae; g__Paeniclostridium	0.7719472920115318
20a2a758fdb9dc0b5a46b927c3963e0e	d__Bacteria; p__Pseudomonadota; c__Gammaproteobacteria; o__Enterobacterales; f__Enterobacteriaceae; g__Escherichia-Shigella	0.9987006524009361
00bd22af20352b4d12b94faff3bce7ac	d__Bacteria; p__Bacteroidota; c__Bacteroidia; o__Bacteroidales; f__Prevotellaceae; g__Segatella	0.999351398084547
51b902f1a52401ae5fb506ec73e5f67a	d__Bacteria; p__Bacillota; c__Clostridia; o__Lachnospirales; f__Lachnospiraceae	0.999995799195004
dffb3692e74235c0c382111a836fb6f8	d__Bacteria; p__Bacillota; c__Negativicutes; o__Veillonellales-Selenomonadales; f__Veillonellaceae; g__Incertae_Sedis	0.9999977526975626
10f8a432c2ca4ba971b383d6404dd87a	d__Bacteria; p__Bacillota; c__Clostridia; o__Oscillospirales; f__Ruminococcaceae; g__Ruminococcus	0.9874587955881264
d5a348b1d39c8478d5a19222b0d2c7ff	d__Bacteria; p__Pseudomonadota; c__Gammaproteobacteria; o__Enterobacterales; f__Enterobacteriaceae; g__Escherichia-Shigella	0.9970699770290906
0977577b627951ead68b0409eec2c83f	d__Bacteria; p__Bacillota; c__Clostridia; o__Lachnospirales; f__Lachnospiraceae	0.9999998480323478
c34dca90e29024f5bb3bec27eec5440c	Unassigned	0.43176764607731855
c2e5da28e5f1fbb9a7d150700480af88	d__Bacteria; p__Bacillota; c__Clostridia; o__Lachnospirales; f__Lachnospiraceae; g__Agathobacter	0.7931919896350663
a076bab7f2d25065611ae7ac3369df40	d__Bacteria; p__Bacteroidota; c__Bacteroidia; o__Bacteroidales; f__Bacteroidaceae; g__Bacteroides	0.9999603998701694
db3ebdad8ab973a2c06855c6026279e8	d__Bacteria; p__Bacillota; c__Clostridia; o__Lachnospirales; f__Lachnospiraceae; g__Blautia	0.8868743384798696
377eb22f789a8c13ef2f72cdaafed4e6	d__Bacteria; p__Bacillota; c__Clostridia; o__Lachnospirales; f__Lachnospiraceae; g__Blautia	0.8213862598702674
7e46aca65d5eb53f1c0bf82ec1cd85d1	d__Bacteria; p__Bacillota; c__Clostridia; o__Lachnospirales; f__Lachnospiraceae; g__[Ruminococcus]_gnavus_group	0.9514900065890401
f70a9532d45d9664af19f2a39d93f0e1	d__Bacteria; p__Bacillota; c__Negativicutes; o__Acidaminococcales; f__Acidaminococcaceae; g__Phascolarctobacterium	0.9999999999287041
8b350c0acdb21732b2e64e58156f94ac	d__Bacteria; p__Bacillota; c__Clostridia; o__Lachnospirales; f__Lachnospiraceae	0.9999992771439402
5b874d987b175bdc59d0942f85ad7ee6	d__Bacteria; p__Pseudomonadota; c__Gammaproteobacteria; o__Burkholderiales; f__Sutterellaceae; g__Sutterella	0.9959464228054538
d5945d79be7c6e0db40d05ac3872c087	d__Bacteria; p__Pseudomonadota; c__Gammaproteobacteria; o__Burkholderiales; f__Sutterellaceae; g__Sutterella	0.9999242936135728
8b7f0ba9cd44f73173a5d88e539fc49b	d__Bacteria; p__Bacillota; c__Clostridia; o__Lachnospirales; f__Lachnospiraceae	0.9998088740443938
8e24204fca1dac3ce1c96715afda01b9	d__Bacteria; p__Bacteroidota; c__Bacteroidia; o__Bacteroidales; f__Bacteroidaceae; g__Bacteroides	0.9999957324811785
9b2475c23443e3887c5964c3e9aadfa9	d__Bacteria; p__Bacillota; c__Clostridia; o__Peptostreptococcales-Tissierellales; f__Family_XI; g__Murdochiella	0.9998874830127579
f53c0db644d57d00dcf207c18447ce8b	d__Bacteria; p__Bacillota; c__Clostridia; o__Oscillospirales; f__Ruminococcaceae; g__Ruthenibacterium	0.9999757381145036
9afe177ea20c1fe46dba6db7a77ccc6f	d__Bacteria; p__Bacillota; c__Clostridia; o__Oscillospirales; f__Butyricicoccaceae; g__Butyricicoccus	0.9948580737016455
5ab62f19c1d181f865aa774a390c63cc	d__Bacteria; p__Bacillota; c__Negativicutes; o__Veillonellales-Selenomonadales; f__Selenomonadaceae; g__Megamonas	0.9999938627069479
c843976a7eab13fab5004016e2293782	d__Bacteria; p__Bacteroidota; c__Bacteroidia; o__Bacteroidales; f__Bacteroidaceae; g__Bacteroides	0.9946133425497059
8099c33a26cefe08d367efea98d9a4f1	d__Bacteria; p__Bacillota; c__Clostridia; o__Oscillospirales; f__Ruminococcaceae; g__Ruminococcus	0.9959523935695502
b4351ff4c267cd16744fecc065001c0f	d__Bacteria; p__Bacteroidota; c__Bacteroidia; o__Bacteroidales; f__Rikenellaceae; g__Alistipes	0.9998095434705769
983338efb22f0012b90be6da1234f722	d__Bacteria; p__Bacillota; c__Clostridia; o__Lachnospirales; f__Lachnospiraceae; g__Sellimonas	0.9263598866992737
5b003f854802d6f7c260b3ddd2a886aa	d__Bacteria; p__Bacillota; c__Clostridia; o__Lachnospirales; f__Lachnospiraceae; g__Lachnospiraceae_UCG-004	0.9389405904245224
bef6a297476166aca4ab662a31182379	d__Bacteria; p__Bacillota; c__Clostridia; o__Lachnospirales; f__Lachnospiraceae; g__Lachnospiraceae_UCG-004	0.8122664611997003
d72a467d42404f1de609a793f644fc2d	d__Bacteria; p__Actinomycetota; c__Actinobacteria; o__Bifidobacteriales; f__Bifidobacteriaceae; g__Bifidobacterium	0.9999999849404021
121e3e1699d1b697283643117f434d21	d__Bacteria; p__Bacillota; c__Negativicutes; o__Veillonellales-Selenomonadales; f__Veillonellaceae; g__Veillonella	0.9999989226632925
edff6dac954208c0d92a4bd2bc573d31	d__Bacteria; p__Bacillota; c__Clostridia; o__Lachnospirales; f__Lachnospiraceae	0.9999376588789441
54cb884b6966a7ea2f6b9cf2b42870ad	d__Bacteria; p__Bacteroidota; c__Bacteroidia; o__Bacteroidales; f__Prevotellaceae; g__Prevotellaceae_NK3B31_group	0.9999775658470504
e01b79d281f6e86a0c03c3204de41067	d__Bacteria; p__Bacteroidota; c__Bacteroidia; o__Bacteroidales; f__Prevotellaceae; g__Segatella	0.9993932934115967
57cfa5dd6fdb63b3f897b103ccc64a57	d__Bacteria; p__Bacillota; c__Negativicutes; o__Veillonellales-Selenomonadales; f__Veillonellaceae; g__Veillonella	0.999980871348261
9520ed1cc14138358955a8a620faa15b	d__Bacteria; p__Bacillota; c__Clostridia; o__Lachnospirales; f__Lachnospiraceae; g__Incertae_Sedis	0.7255164644443536
cd52111efeae9246b3ef0400a9e8bc5f	d__Bacteria; p__Actinomycetota; c__Actinobacteria; o__Mycobacteriales; f__Corynebacteriaceae; g__Corynebacterium	0.9999287190715089
a903d17537fb4800d17a6dd857a2afcd	d__Bacteria; p__Pseudomonadota; c__Gammaproteobacteria; o__Burkholderiales; f__Sutterellaceae; g__Parasutterella	0.9999569095954061
44414698b2d640512dd4e1db4e6208b4	d__Bacteria; p__Bacteroidota; c__Bacteroidia; o__Bacteroidales; f__Rikenellaceae; g__Rikenellaceae_RC9_gut_group	0.9999259563532447
c2f96b7c1870317605c0adefd56bc70b	d__Bacteria; p__Bacteroidota; c__Bacteroidia; o__Bacteroidales; f__Bacteroidaceae; g__Bacteroides	0.999754368631637
16aed3f9cc3e7b579c6891c543600401	d__Bacteria; p__Bacillota; c__Clostridia; o__Oscillospirales; f__Ruminococcaceae; g__Faecalibacterium	0.9999972906522497
f6dd41bd42ece83cdc44efcdc6fac962	d__Bacteria; p__Bacillota; c__Bacilli; o__Erysipelotrichales; f__Erysipelotrichaceae; g__Holdemanella	0.9999160763830659
2109d67b610ecc997b909874422f07d9	d__Bacteria; p__Bacillota; c__Clostridia; o__Oscillospirales; f__Oscillospiraceae; g__Colidextribacter	0.9595580496719618
89f170aff3f570222aabfab93a4ebd27	d__Bacteria; p__Bacillota; c__Clostridia; o__Lachnospirales; f__Lachnospiraceae	0.999999160096657
c2bcbe13333a18c8946742ba7265589d	Unassigned	0.5100624398157776
b985cc3fadd126db4c74d5d3b1dd35de	d__Bacteria; p__Bacillota; c__Negativicutes; o__Veillonellales-Selenomonadales; f__Veillonellaceae; g__Dialister	0.9999455050335353
23c05b279ff1241018f3de45451e83d0	d__Bacteria; p__Bacillota; c__Clostridia; o__Lachnospirales; f__Lachnospiraceae; g__Blautia	0.9300340151362299
76ff6eafe3234e10d1be35dd8ef24368	d__Bacteria; p__Bacteroidota; c__Bacteroidia; o__Bacteroidales; f__Prevotellaceae; g__Incertae_Sedis	0.961198358844244
7332beffdc6ed0fd80629ce9672c3ffb	d__Bacteria; p__Bacillota; c__Clostridia; o__Lachnospirales; f__Lachnospiraceae	0.9769434643687269
fdc731e6e5db868eb8263c1d96ab20ea	d__Bacteria; p__Bacteroidota; c__Bacteroidia; o__Bacteroidales; f__Prevotellaceae; g__Hoylesella	0.9436175350294714
2ffcf05df0e98b32e08fd9e822b34103	d__Bacteria; p__Bacillota; c__Clostridia; o__Christensenellales; f__Christensenellaceae; g__Christensenellaceae_R-7_group	0.9936233288581671
cd4682aa30186fef7ff08022279332cb	d__Bacteria; p__Bacteroidota; c__Bacteroidia; o__Bacteroidales; f__Rikenellaceae; g__Rikenellaceae_RC9_gut_group	0.9994849424114624
5e054bfdf9f081c081d88495711991b2	d__Bacteria; p__Bacillota; c__Clostridia; o__Lachnospirales; f__Lachnospiraceae	0.9999763142189297
ad7719bc35ee06e97a8061ebfbdeef3a	d__Bacteria; p__Bacillota; c__Negativicutes; o__Acidaminococcales; f__Acidaminococcaceae; g__Phascolarctobacterium	0.9999999998346425
e4f1bc310898b0fb8891c74d48612cc9	d__Bacteria; p__Bacteroidota; c__Bacteroidia; o__Bacteroidales; f__Bacteroidaceae; g__Bacteroides	0.9999960535946282
d59299fba11de420ffa81e3c4141ab50	d__Bacteria; p__Bacillota; c__Clostridia; o__Lachnospirales; f__Lachnospiraceae; g__Blautia	0.7597333201236012
8933df228671927556786209f9b8261b	d__Bacteria; p__Bacteroidota; c__Bacteroidia; o__Bacteroidales; f__Bacteroidaceae; g__Bacteroides	0.999840109820948
bfdfbeba34aede55473f735b05aec98b	d__Bacteria; p__Bacillota; c__Clostridia; o__Lachnospirales; f__Lachnospiraceae	0.99999655879884
a36db192226fe486a040e7b48b0e59f3	d__Bacteria; p__Bacteroidota; c__Bacteroidia; o__Bacteroidales; f__Prevotellaceae; g__Massiliprevotella	0.9999996830836371
ea69b5bc627df1e73aa9b90772c054b0	d__Bacteria; p__Bacteroidota; c__Bacteroidia; o__Bacteroidales; f__Marinifilaceae; g__Butyricimonas	0.9999999842709714
073b638144916701245cab1f54d2fa5b	d__Bacteria; p__Bacteroidota; c__Bacteroidia; o__Bacteroidales; f__Tannerellaceae; g__Parabacteroides	0.9994683520701827
242d650fd314bc8cc7ad48f6c1b97001	d__Bacteria; p__Bacillota; c__Clostridia; o__Lachnospirales; f__Lachnospiraceae	0.9999997303151875
b112ec264c2f83015235309bc6bfde9e	d__Bacteria; p__Bacillota; c__Clostridia; o__Lachnospirales; f__Lachnospiraceae	0.9999588558394445
f69b6c3ef754ae6d34f9d9d70a04f432	d__Bacteria; p__Bacteroidota; c__Bacteroidia; o__Bacteroidales; f__Tannerellaceae; g__Parabacteroides	0.9999976234926281
e6288f9679130bdefc00129965ed357d	d__Bacteria; p__Bacillota; c__Clostridia; o__Lachnospirales; f__Lachnospiraceae	0.9973665749374497
fa5d7bac0ae9227ba5094457e1752340	d__Bacteria; p__Bacteroidota; c__Bacteroidia; o__Bacteroidales; f__Rikenellaceae; g__Alistipes	0.9954788215658942
8d8620c8f4dca56559d8a3421459a5a7	d__Bacteria; p__Bacteroidota; c__Bacteroidia; o__Bacteroidales; f__Tannerellaceae; g__Parabacteroides	0.986687775968407
253704a11f74036a98a8cf6225197c1d	d__Bacteria; p__Pseudomonadota; c__Gammaproteobacteria; o__Burkholderiales; f__Sutterellaceae; g__Sutterella	0.9999924378995365
236c8722a9bd9bf33cf18729e7e371fc	d__Bacteria; p__Bacillota; c__Clostridia; o__Lachnospirales; f__Lachnospiraceae; g__Blautia	0.8796651780541804
c310aa82bb95b3f586201f5e3a5738d3	d__Bacteria; p__Bacillota; c__Clostridia; o__Lachnospirales; f__Lachnospiraceae; g__Anaerostipes	0.9885202813985565
443e7c4ef3d4ce220897d69baf63f41c	d__Bacteria; p__Bacillota; c__Clostridia; o__Lachnospirales; f__Lachnospiraceae	0.9999835038724402
7e45b376e598d8f6c827acf99a7ac835	d__Bacteria; p__Bacteroidota; c__Bacteroidia; o__Bacteroidales; f__Bacteroidaceae; g__Bacteroides	0.9596430635822527
14600893f371895376e8918735d8b869	d__Bacteria; p__Bacteroidota; c__Bacteroidia; o__Bacteroidales; f__Bacteroidaceae; g__Bacteroides	0.9985411951081179
eaef0341d739348679e65a66aa331b2a	d__Bacteria; p__Bacteroidota; c__Bacteroidia; o__Bacteroidales; f__Tannerellaceae; g__Parabacteroides	0.9847533656111702
2e79269cce57eb8b577851a0b4a55e24	d__Bacteria; p__Bacteroidota; c__Bacteroidia; o__Bacteroidales; f__Prevotellaceae	0.9999999985495625
4dbffd3c307e97fc00730bee7d8bcd23	d__Bacteria; p__Bacteroidota; c__Bacteroidia; o__Bacteroidales; f__Bacteroidaceae; g__Bacteroides	0.999733246716314
6b5f8cb70f0e5f0085bb1be1536b57ea	d__Bacteria; p__Bacillota; c__Clostridia; o__Oscillospirales; f__Ruminococcaceae; g__Faecalibacterium	0.9998295501331038
58bff1b84b2f3dcd6c82fc130ff4e815	d__Bacteria; p__Bacillota; c__Clostridia; o__Lachnospirales; f__Lachnospiraceae; g__Mediterraneibacter	0.9426535599117454
31fd5b976e29d5a63f0c9958dd5ea534	d__Bacteria; p__Bacillota; c__Clostridia; o__Lachnospirales; f__Lachnospiraceae; g__Sellimonas	0.9873590004918515
5f4f4aa0cb0d1b0789f24f1d1d4d3901	d__Bacteria; p__Bacteroidota; c__Bacteroidia; o__Bacteroidales; f__Tannerellaceae; g__Parabacteroides	0.9999993183926015
7c13ad6ff6690d7c8876d3d70d4a5771	d__Bacteria; p__Bacillota; c__Clostridia; o__Lachnospirales; f__Lachnospiraceae	0.999999159334783
653453c44733581e3cad650355593bd0	d__Bacteria; p__Bacillota; c__Clostridia; o__Oscillospirales; f__Ruminococcaceae; g__Faecalibacterium	0.9999700266683262
1446edc40fa70e5b5bca4d33a67f2a94	d__Bacteria; p__Pseudomonadota; c__Gammaproteobacteria; o__Burkholderiales; f__Comamonadaceae; g__Acidovorax	0.805467733645066
ab01b92290a62dcf8a7137f845a804fa	d__Bacteria; p__Bacillota; c__Clostridia; o__Lachnospirales; f__Lachnospiraceae; g__Lachnospiraceae_NC2004_group	0.9959480382279403
cc1f9efa45daa3be29c2db3521f2d44b	d__Bacteria; p__Bacillota; c__Negativicutes; o__Veillonellales-Selenomonadales; f__Veillonellaceae; g__Dialister	0.9934957017816939
db918a7453955d50d3595beec88d9a59	d__Bacteria; p__Bacillota; c__Clostridia; o__Oscillospirales; f__Ruminococcaceae; g__Faecalibacterium	0.9996510093855802
f771a3b256b4b046989c2a9290d22dcb	d__Bacteria; p__Bacteroidota; c__Bacteroidia; o__Bacteroidales; f__Bacteroidaceae; g__Bacteroides	0.999972104152636
06c7e29a5a6f95f9a980764c52af65f5	d__Bacteria; p__Bacteroidota; c__Bacteroidia; o__Bacteroidales; f__Bacteroidaceae; g__Bacteroides	0.9974677274162376
8fd8fb72db313a9eebd0b7566b2154a6	d__Bacteria; p__Bacteroidota; c__Bacteroidia; o__Bacteroidales; f__Bacteroidaceae; g__Bacteroides	0.9997375174791551
0f688e8fed47934bb31b5f463d41569d	d__Bacteria; p__Bacillota; c__Bacilli; o__Erysipelotrichales; f__Erysipelotrichaceae; g__[Clostridium]_innocuum_group	0.9993837744304844
bd01b7c6cda47133e8de993537b244c5	d__Bacteria; p__Bacillota; c__Clostridia; o__Lachnospirales; f__Lachnospiraceae; g__Mediterraneibacter	0.9172922203902414
70477faf55fb6d1152bb6b25415f531e	d__Bacteria; p__Bacteroidota; c__Bacteroidia; o__Bacteroidales; f__Bacteroidaceae; g__Bacteroides	0.9999763382500686
25d1353cdac2280907e483e0728413f5	d__Bacteria; p__Bacteroidota; c__Bacteroidia; o__Bacteroidales; f__Bacteroidaceae; g__Bacteroides	0.930855229392529
4bd816cb8db341748eb38b1fcc22cadf	d__Bacteria; p__Bacteroidota; c__Bacteroidia; o__Bacteroidales; f__Prevotellaceae	0.9999999949811266
4319cc4ee06c02bf37946991fb1be4a6	d__Bacteria; p__Bacteroidota; c__Bacteroidia; o__Bacteroidales; f__Tannerellaceae; g__Parabacteroides	0.9999989338641483
58c1dd6bf3b4d1524c6548aa6938f429	d__Bacteria; p__Bacillota; c__Clostridia; o__Oscillospirales; f__Oscillospiraceae; g__UCG-002	0.9932621383933705
0169340926d4a6d87c88bbf3ed53a6fd	d__Bacteria; p__Bacillota; c__Clostridia; o__Lachnospirales; f__Lachnospiraceae	0.9999994453580878
d7f3e9eb4207472b74cdff7003226626	d__Bacteria; p__Bacteroidota; c__Bacteroidia; o__Bacteroidales; f__Bacteroidaceae; g__Bacteroides	0.9956045069605648
85f0eca4459deb8edf73700164833e9b	d__Bacteria; p__Bacteroidota; c__Bacteroidia; o__Bacteroidales; f__Rikenellaceae; g__Rikenellaceae_RC9_gut_group	0.9999455796566663
da8aa8bfab0c0b1099359e9ccccc8ea9	d__Bacteria; p__Bacillota; c__Negativicutes; o__Veillonellales-Selenomonadales; f__Selenomonadaceae; g__Megamonas	0.9999999997136797
4670d4d1a378385491135dc600661439	d__Bacteria; p__Bacillota; c__Clostridia; o__Oscillospirales; f__Oscillospiraceae; g__UCG-005	0.9914278830839068
d4690f1df8f1d0406d4f3360dcba7e4f	d__Bacteria; p__Bacillota; c__Clostridia; o__Lachnospirales; f__Lachnospiraceae	0.9999990163822654
acfd7a79f9fa889c1156d336c1e05f98	d__Bacteria; p__Bacillota; c__Clostridia; o__Lachnospirales; f__Lachnospiraceae	0.9999960192494498
3b5973c7fdd49610c1eb20c6d7e72af6	d__Bacteria; p__Bacteroidota; c__Bacteroidia; o__Bacteroidales; f__Bacteroidaceae; g__Bacteroides	0.9999957721658022
bbe1cec894a2b8b42196b40a1f45668b	d__Bacteria; p__Bacteroidota; c__Bacteroidia; o__Bacteroidales; f__Rikenellaceae; g__Rikenellaceae_RC9_gut_group	0.9968121953001662
c7d78a224ba554948f6ffd6f9791cefd	d__Bacteria; p__Bacteroidota; c__Bacteroidia; o__Bacteroidales; f__Prevotellaceae	0.9999998992367092
879026100ee372683138cab1da06acf3	d__Bacteria; p__Bacillota; c__Negativicutes; o__Veillonellales-Selenomonadales; f__Veillonellaceae; g__Dialister	0.9999990026724106
cb2a2c9699d380b76dd1bb904ad629a0	d__Bacteria; p__Bacillota; c__Clostridia; o__Peptostreptococcales-Tissierellales; f__Peptostreptococcaceae; g__Clostridioides	0.9939896799027972
fabb3c9fcaa369048996d92732eb88fc	d__Bacteria; p__Bacillota; c__Clostridia; o__Oscillospirales; f__Oscillospiraceae; g__Oscillospira	0.8812470098470585
4c218d75ae34ec8a504027d7cbc80b85	d__Bacteria; p__Bacillota; c__Clostridia; o__Peptostreptococcales-Tissierellales; f__Family_XI; g__Peptoniphilus	0.9660509646851665
f785d5645eb1f985610c45f87f1da56b	d__Bacteria; p__Bacillota; c__Clostridia; o__Lachnospirales; f__Lachnospiraceae	0.9999988960160068
f98d5e5f0e258aef132380ae69df1539	d__Bacteria; p__Bacillota; c__Clostridia; o__Lachnospirales; f__Lachnospiraceae; g__Lachnospiraceae_UCG-010	0.999766821427042
ba8552bdfbd3abb315ca7f559378f99c	d__Bacteria; p__Bacillota; c__Clostridia; o__Lachnospirales; f__Lachnospiraceae	0.9994533824141322
d4ad67565c3c836d4ae658087c7d256e	d__Bacteria; p__Bacteroidota; c__Bacteroidia; o__Bacteroidales; f__Prevotellaceae; g__Segatella	0.9996532539284724
cb1946b698ea3d9ffb62341ba60e6435	d__Bacteria; p__Bacillota; c__Negativicutes; o__Acidaminococcales; f__Acidaminococcaceae; g__Acidaminococcus	0.999999516015368
7aef106ef94b09155c3f36713748e424	d__Bacteria; p__Bacillota; c__Clostridia; o__Clostridiales; f__Clostridiaceae; g__Clostridium	0.9951588135298874
2b7c4e3be370af090160fbfcc66e87be	d__Bacteria; p__Bacillota; c__Clostridia; o__Oscillospirales; f__Ruminococcaceae	0.999999956411013
66e997e7e12d2eae22bf0dcb269f63ff	d__Bacteria; p__Bacillota; c__Clostridia; o__Oscillospirales; f__Oscillospiraceae; g__Oscillospira	0.8174666006130049
9daaa69a177878f70b2da287729d9256	d__Bacteria; p__Bacteroidota; c__Bacteroidia; o__Bacteroidales; f__Bacteroidaceae; g__Bacteroides	0.7129530633365467
95ba0d98afc06491d566a0c43c826e27	d__Bacteria; p__Pseudomonadota; c__Gammaproteobacteria; o__Enterobacterales; f__Enterobacteriaceae; g__Klebsiella	0.9816516048846197
b828be4aa4b5162f7b805d7225dee004	d__Bacteria; p__Bacteroidota; c__Bacteroidia; o__Bacteroidales; f__Tannerellaceae; g__Parabacteroides	0.9572332752744571
cba0b9841020ae03284b592aa6a9def3	d__Bacteria; p__Bacillota; c__Clostridia; o__Lachnospirales; f__Lachnospiraceae	0.9999938155721344
e30e0b734497a226597063903229417b	d__Bacteria; p__Pseudomonadota; c__Gammaproteobacteria; o__Enterobacterales; f__Pasteurellaceae; g__Aggregatibacter	0.9652354744929439
cfa5db552a43194d36656bd0a79ecea0	d__Bacteria; p__Actinomycetota; c__Actinobacteria; o__Mycobacteriales; f__Corynebacteriaceae; g__Corynebacterium	0.9999888789906851
4ba066531d09faab7735cdfa1d1eea91	d__Bacteria; p__Bacillota; c__Clostridia; o__Lachnospirales; f__Lachnospiraceae	0.9994595476746789
9cc08824da03af166d4a7229956b0854	d__Bacteria; p__Pseudomonadota; c__Gammaproteobacteria; o__Enterobacterales; f__Succinivibrionaceae; g__Succinivibrio	0.8980744896588642
0c1ab5bd6c73cb360b899e7aa35ccb97	d__Bacteria; p__Bacillota; c__Clostridia; o__Lachnospirales; f__Lachnospiraceae; g__Enterocloster	0.9424977813057561
ef65cc2c744ecaa52913fcd35d402395	d__Bacteria; p__Pseudomonadota; c__Gammaproteobacteria; o__Burkholderiales; f__Sutterellaceae; g__Sutterella	0.9964758056983575
f966ebe8c6cc3cf4e2019417dfe1c149	d__Bacteria; p__Bacillota; c__Negativicutes; o__Veillonellales-Selenomonadales; f__Veillonellaceae; g__Anaeroglobus	0.9999999999087663
d9d0901a85571d519f72012b9bf3d889	d__Bacteria; p__Bacteroidota; c__Bacteroidia; o__Bacteroidales; f__Incertae_Sedis; g__Phocaeicola	0.999999999999261
8e5ca9e5d116a2e320fb84eda3802b28	d__Bacteria; p__Bacteroidota; c__Bacteroidia; o__Bacteroidales; f__Barnesiellaceae; g__Coprobacter	0.9999999907392692
05f86f2ccff5bf8aab4e92a3b5f7c849	d__Bacteria; p__Bacteroidota; c__Bacteroidia; o__Bacteroidales; f__Marinifilaceae; g__Butyricimonas	0.9999999129555628
be9f5bbe8c65a875561e599fb5a9642d	d__Bacteria; p__Bacillota; c__Clostridia; o__Lachnospirales; f__Lachnospiraceae	0.9999459580769839
6f16e62f1235e1a6fef634304c73b517	d__Bacteria; p__Actinomycetota; c__Actinobacteria; o__Mycobacteriales; f__Corynebacteriaceae; g__Corynebacterium	0.9999819460817928
52871f4068706dd22c911819c670eea0	d__Bacteria; p__Bacteroidota; c__Bacteroidia; o__Bacteroidales; f__Prevotellaceae; g__Segatella	0.9989941454355613
b79ee9958f603ba02094ca2abe69f140	d__Bacteria; p__Bacillota; c__Clostridia; o__Oscillospirales; f__Ruminococcaceae; g__Faecalibacterium	0.9674166648565918
ba730ceebc57c7816d0e61366213c911	d__Bacteria; p__Bacillota; c__Clostridia; o__Clostridia_UCG-014; f__Incertae_Sedis; g__Incertae_Sedis	0.9999999999990052
82554e23e674b8b2f70e1841903d580a	d__Bacteria; p__Pseudomonadota; c__Gammaproteobacteria; o__Enterobacterales; f__Succinivibrionaceae; g__Succinivibrio	0.8319848426922244
50edb89a6c83b8dc0d76d21dcb321d39	d__Bacteria; p__Bacillota; c__Bacilli; o__Erysipelotrichales; f__Erysipelotrichaceae; g__Holdemanella	0.999371484471827
48cafad3330c0adf306681b9f6ff7418	d__Bacteria; p__Bacillota; c__Clostridia; o__Lachnospirales; f__Lachnospiraceae; g__Lachnospiraceae_UCG-004	0.8127414340566917
46c56e1cf5d922345badeeb6866b5455	d__Bacteria; p__Bacillota; c__Negativicutes; o__Veillonellales-Selenomonadales; f__Veillonellaceae; g__Dialister	0.9999994026608271
85e3499af98e6f276ab28539524dbb11	d__Bacteria; p__Bacteroidota; c__Bacteroidia; o__Bacteroidales; f__Prevotellaceae; g__Prevotellaceae_UCG-001	0.9198771437489289
c3bbd4050c2490d6c3fa9080cdded36c	d__Bacteria; p__Pseudomonadota; c__Gammaproteobacteria; o__Enterobacterales; f__Enterobacteriaceae; g__Escherichia-Shigella	0.9974552882340144
78982a46cf229c1de73a211801243d78	d__Bacteria; p__Bacillota; c__Clostridia; o__Oscillospirales; f__Oscillospiraceae; g__UCG-005	0.9908489489820383
9bb5aa49e37a962ca186c94433fb10ec	d__Bacteria; p__Bacillota; c__Clostridia; o__Lachnospirales; f__Lachnospiraceae; g__Blautia	0.9579354855320112
ba5e95c8a6bbff4268f3bf2fff04eea4	d__Bacteria; p__Bacteroidota; c__Bacteroidia; o__Bacteroidales; f__Bacteroidaceae; g__Bacteroides	0.9929397735652329
fd1cfbcf01d2ac6d75f693710ee17e4c	d__Bacteria; p__Pseudomonadota; c__Gammaproteobacteria; o__Burkholderiales; f__Sutterellaceae; g__Sutterella	0.9999999133912676
fcc2e38c383eab6de06172d48ffd239c	d__Bacteria; p__Bacillota; c__Clostridia; o__Oscillospirales; f__Oscillospiraceae; g__Colidextribacter	0.7363741236815788
57a7ce5c23ceadfd32c7325118bd7fc2	d__Bacteria; p__Bacillota; c__Clostridia; o__Lachnospirales; f__Lachnospiraceae	0.9999997318613474
01af1bf5aad82efaaa437a3af23feea1	d__Bacteria; p__Pseudomonadota; c__Gammaproteobacteria; o__Burkholderiales; f__Sutterellaceae; g__Sutterella	0.9999988773573896
f8020af7647298e80fd0e5994a0bb18f	d__Bacteria; p__Bacillota; c__Clostridia; o__Lachnospirales; f__Lachnospiraceae; g__Anaerostipes	0.9234328758544811
44a8f44465641c4d4973fe397509833a	d__Bacteria; p__Actinomycetota; c__Coriobacteriia; o__Coriobacteriales; f__Eggerthellaceae; g__Incertae_Sedis	0.999743257118539
58bad0c1a408b968e0ddd658427f3ec1	d__Bacteria; p__Bacillota; c__Negativicutes; o__Acidaminococcales; f__Acidaminococcaceae; g__Phascolarctobacterium	0.9999999996694413
f07094ed11ec5dd298ce105e2ce866cc	d__Bacteria; p__Bacillota; c__Bacilli; o__Lactobacillales; f__Lactobacillaceae; g__Ligilactobacillus	0.9998098486557071
b52a315e0f3cdd462b16e6aefc5c814a	d__Bacteria; p__Bacillota; c__Bacilli; o__Lactobacillales; f__Streptococcaceae; g__Streptococcus	0.9999925427249913
3473136d0686888331bd984020ddbf35	d__Bacteria; p__Bacillota; c__Negativicutes; o__Acidaminococcales; f__Acidaminococcaceae; g__Phascolarctobacterium	0.9999999999436255
9accc4bad3d8a393c1f3416eafb2995a	d__Bacteria; p__Bacteroidota; c__Bacteroidia; o__Bacteroidales; f__Rikenellaceae; g__Rikenellaceae_RC9_gut_group	0.999942236375858
2d9dbc537ac4cd56151a35ec4d30867f	d__Eukaryota	0.7965455748223473
3bbbc84754b4bad3cf07c2d9a0943c00	d__Bacteria; p__Bacteroidota; c__Bacteroidia; o__Bacteroidales; f__Bacteroidaceae; g__Bacteroides	0.9899557525792188
0730e2d2d83f473fefe329af5f4f4c00	d__Bacteria; p__Bacteroidota; c__Bacteroidia; o__Bacteroidales	0.9999999927046235
318b7b7a575fc8bb2fd51e6c43709c43	d__Bacteria; p__Bacillota; c__Clostridia; o__Oscillospirales; f__Ruminococcaceae; g__Faecalibacterium	0.9999874671825851
7e7a00542b9ec1638a1dd1aab53e7b71	d__Bacteria; p__Bacillota; c__Clostridia; o__Lachnospirales; f__Lachnospiraceae; g__Lachnospiraceae_UCG-004	0.9492177682482699
103b94a5a4df5795821d9d800b779ba4	d__Bacteria; p__Bacillota; c__Negativicutes; o__Veillonellales-Selenomonadales; f__Veillonellaceae; g__Dialister	0.9999812271591368
36f8ee536256611288ba9f3eabcb0552	d__Bacteria; p__Bacillota; c__Bacilli; o__Erysipelotrichales; f__Erysipelatoclostridiaceae; g__Massiliomicrobiota	0.9999213301650584
4675a1725ac3b0f459e964a7353d1b0a	d__Bacteria; p__Bacillota; c__Clostridia; o__Oscillospirales; f__Ruminococcaceae	0.999999259239341
9c5ba2af63c564cb8f16f69ae0740691	d__Bacteria; p__Bacillota; c__Clostridia; o__Lachnospirales; f__Lachnospiraceae	0.9999997335865387
4cf0a193f221b7e09578adc4de7db999	d__Bacteria; p__Bacillota; c__Bacilli; o__Staphylococcales; f__Staphylococcaceae; g__Staphylococcus	0.9607860175061982
9d07b817984c86d2c2cb3932a9937d78	d__Bacteria; p__Bacillota; c__Negativicutes; o__Acidaminococcales; f__Acidaminococcaceae; g__Phascolarctobacterium	0.9999999996952909
6a9a80c0b955a1700c2a73f792bfb971	d__Bacteria; p__Bacillota; c__Clostridia; o__Oscillospirales; f__Ruminococcaceae; g__Acutalibacter	0.9998613742478861
867a01af0330c269ec80621ecbbb39ff	d__Bacteria; p__Bacillota; c__Clostridia; o__Lachnospirales; f__Lachnospiraceae; g__Lachnospiraceae_UCG-008	0.7281570722035806
77a8088ce9ed7a52c3c6a2999d52cc27	d__Bacteria; p__Bacillota; c__Clostridia; o__Lachnospirales; f__Lachnospiraceae; g__Lachnospiraceae_UCG-004	0.8526126572916011
03f93e973d55d46d3b81bcce3a7b53cf	d__Eukaryota	0.9040706120028974
6b905cff66cb234aa7614730026d3ded	d__Bacteria; p__Bacteroidota; c__Bacteroidia; o__Bacteroidales	0.9999999660137753
a187cf61289d72d8277f25c5069f2ee1	d__Bacteria; p__Fusobacteriota; c__Fusobacteriia; o__Fusobacteriales; f__Leptotrichiaceae	0.9999999974222584
4ded8573e746f4c8bf369240b68a6b87	d__Bacteria; p__Bacillota; c__Bacilli; o__Erysipelotrichales; f__Erysipelotrichaceae; g__Holdemanella	0.9999892241203927
238fdbf4f3ca3a269b7c4c7e4a6a69b0	d__Bacteria; p__Fusobacteriota; c__Fusobacteriia; o__Fusobacteriales; f__Fusobacteriaceae; g__Fusobacterium	0.9999999999403286
2a451639140994268f0782a719ebd90c	d__Bacteria; p__Bacillota; c__Clostridia; o__Clostridia_UCG-014; f__Incertae_Sedis; g__Incertae_Sedis	0.9999999999969589
4dee5722c5ec26023a45df8ba2e32d03	d__Bacteria; p__Bacteroidota; c__Bacteroidia; o__Bacteroidales; f__Tannerellaceae; g__Parabacteroides	0.999990965449042
257982a9a8f8cdfde20b39ee44ce9d98	d__Bacteria; p__Thermodesulfobacteriota; c__Desulfovibrionia; o__Desulfovibrionales; f__Desulfovibrionaceae; g__Desulfovibrio	0.9973794430699515
c1d9be21d3877f21e7a1dc46e7eb0024	d__Bacteria; p__Bacillota; c__Clostridia; o__Lachnospirales; f__Lachnospiraceae	0.9999996308194787
a4369fc13e2b4a7c89f53474fd28289b	d__Bacteria; p__Bacteroidota; c__Bacteroidia; o__Bacteroidales; f__Bacteroidaceae; g__Bacteroides	0.9999969072055642
95ff3f19169178d87381e60307fc6431	d__Bacteria; p__Bacteroidota; c__Bacteroidia; o__Bacteroidales; f__Muribaculaceae; g__Incertae_Sedis	0.9723778707886731
2a27342b363eea2346b30cc959ef35fe	d__Bacteria; p__Pseudomonadota; c__Gammaproteobacteria; o__Burkholderiales; f__Sutterellaceae; g__Parasutterella	0.9996305948872501
195233af820be8b14d48faf9579586d4	d__Bacteria; p__Bacteroidota; c__Bacteroidia; o__Bacteroidales; f__Bacteroidaceae; g__Bacteroides	0.9995527521095212
26aa39a095929bc493d0655998c4e72f	d__Bacteria; p__Bacteroidota; c__Bacteroidia; o__Bacteroidales; f__Bacteroidaceae; g__Bacteroides	0.9989172983666976
e85d8e25cf27a1161c83b7f5d249d8a4	d__Bacteria; p__Fusobacteriota; c__Fusobacteriia; o__Fusobacteriales; f__Fusobacteriaceae; g__Fusobacterium	0.9999964199807457
fa31fdfcc037ea7c50011d07a94e06f1	d__Bacteria; p__Bacillota; c__Clostridia; o__Lachnospirales; f__Lachnospiraceae	0.9999863655715636
cb852a3a4acf44dc3158878edb97993a	d__Bacteria; p__Bacillota; c__Clostridia; o__Lachnospirales; f__Lachnospiraceae	0.9999989853476297
d200b514c6c1a46c43d63b5274b4814b	d__Bacteria; p__Fusobacteriota; c__Fusobacteriia; o__Fusobacteriales; f__Fusobacteriaceae; g__Fusobacterium	0.9998015574188177
2f24e9192c2dcd541dcd111fb27d61e4	d__Bacteria; p__Bacillota; c__Clostridia; o__Lachnospirales; f__Lachnospiraceae; g__[Eubacterium]_xylanophilum_group	0.7358499675743783
1f251fde550410755ede4416b9413f79	d__Bacteria; p__Bacillota; c__Clostridia; o__Lachnospirales; f__Lachnospiraceae	0.9984487448277835
43e8533ecf4c28d1152cca6443490e19	d__Bacteria; p__Bacillota; c__Clostridia; o__Lachnospirales; f__Lachnospiraceae	0.9875906298554968
33ba82ae9348d078d886dec84d3b18dc	d__Bacteria; p__Bacillota; c__Clostridia; o__Lachnospirales; f__Lachnospiraceae	0.931373583768135
009297dad9e7cdab8426cf7f08ad8acb	d__Bacteria; p__Bacillota; c__Clostridia; o__Lachnospirales; f__Lachnospiraceae; g__GCA-900066575	0.973751882399344
8d3289b62fbeb9926e2ac27a8330e6d1	d__Bacteria; p__Bacteroidota; c__Bacteroidia; o__Bacteroidales; f__Bacteroidaceae; g__Bacteroides	0.9959699670926002
515c5828e1256d6f2bb702eea007d542	d__Bacteria; p__Bacillota; c__Negativicutes; o__Acidaminococcales; f__Acidaminococcaceae; g__Phascolarctobacterium	0.9999999985384846
e84d4246803a880cb7d986a60132c569	d__Bacteria; p__Bacillota; c__Clostridia; o__Oscillospirales; f__Ruminococcaceae; g__Hydrogenoanaerobacterium	0.7379144849071466
6fc5eb00e9c812c716d57654aac0158a	d__Bacteria; p__Bacillota; c__Clostridia; o__Peptococcales; f__Peptococcaceae; g__Peptococcus	0.9999999992032542
ca01b0e20f116c244bb51a3cb0844a5b	d__Bacteria; p__Pseudomonadota; c__Gammaproteobacteria; o__Burkholderiales; f__Sutterellaceae; g__Sutterella	0.9999924988195481
2c2d8a9511e9fbd5b18dec5742d26dc0	d__Bacteria; p__Bacillota; c__Clostridia; o__Clostridia_UCG-014; f__Incertae_Sedis; g__Incertae_Sedis	0.9999999999981384
c1c2e16cca1293873e88df5abfe5367c	d__Bacteria; p__Bacillota; c__Clostridia; o__Lachnospirales; f__Lachnospiraceae; g__Agathobacter	0.9529799448889833
1d13daf36ee1fa2cb5e5c68cfd395c17	d__Bacteria; p__Bacillota; c__Clostridia; o__Lachnospirales; f__Lachnospiraceae; g__Lachnospiraceae_UCG-004	0.847108723319822
e5ac971638fc2ab27b85181ddd88c6b8	d__Bacteria; p__Pseudomonadota; c__Gammaproteobacteria; o__Enterobacterales; f__Pasteurellaceae; g__Haemophilus	0.9999825015731916
d431762b62ed4786facaf27c8115d4f1	d__Bacteria; p__Bacillota; c__Clostridia; o__Lachnospirales; f__Lachnospiraceae	0.9766694806868991
b282f66e46749c4dda296f480eca3f08	Unassigned	0.46663000972715407
10043b886629f1beb86caf23b7a56588	d__Bacteria; p__Bacillota; c__Clostridia; o__Oscillospirales; f__Oscillospiraceae; g__Intestinimonas	0.9346945060711911
748f694d916ffa88a97ed82bc0b6e23c	d__Bacteria; p__Bacillota; c__Clostridia; o__Lachnospirales; f__Lachnospiraceae	0.9948082639412933
8a381fc4415f3d1224d5b9c1b6e62921	d__Bacteria; p__Bacillota; c__Clostridia; o__Oscillospirales; f__Ruminococcaceae; g__DTU089	0.924448517404182
8877de488f5ff620009c77807fcc72a0	d__Bacteria; p__Bacteroidota; c__Bacteroidia; o__Bacteroidales; f__Prevotellaceae; g__Segatella	0.9999353452213807
7f8cfa8f31513fcd8e9a177a31f65ca9	d__Bacteria; p__Bacillota; c__Clostridia; o__Oscillospirales; f__Ruminococcaceae; g__Faecalibacterium	0.9993151521164171
0c31243e65435d518edd6935b708aa11	d__Bacteria; p__Bacillota; c__Clostridia; o__Peptostreptococcales-Tissierellales; f__Peptostreptococcaceae; g__Peptoclostridium	0.9133174467516475
fc8729c25725f5ee6eced4312d47b6b2	d__Bacteria; p__Bacteroidota; c__Bacteroidia; o__Bacteroidales; f__Prevotellaceae; g__Segatella	0.8405751429923606
75851e2d0118c5684e88087c949a694a	d__Bacteria; p__Bacteroidota; c__Bacteroidia; o__Bacteroidales; f__Tannerellaceae; g__Parabacteroides	0.9988120134067906
871ef445e07fe060edbfb0118ffa1b60	d__Bacteria; p__Bacteroidota; c__Bacteroidia; o__Bacteroidales; f__Tannerellaceae; g__Parabacteroides	0.9999784325978616
fea40459db41adf1489875fe813b4cf3	d__Bacteria; p__Bacillota; c__Clostridia; o__Lachnospirales; f__Lachnospiraceae	0.9999802791648316
c16b3637f66141ead6cb95c67e71fcf5	d__Bacteria; p__Bacillota; c__Clostridia; o__Lachnospirales; f__Lachnospiraceae; g__Anaerostipes	0.8950963478417472
0c6a12f2b6d68643968f43f7ed12a9f2	d__Bacteria; p__Bacillota; c__Clostridia; o__Oscillospirales; f__Oscillospiraceae; g__UCG-005	0.9987162828243434
76c687291842f2edf69db2f052acb6f2	d__Bacteria; p__Bacillota; c__Negativicutes; o__Veillonellales-Selenomonadales; f__Veillonellaceae; g__Dialister	0.9999719249604214
46d41dbeb3254abc9517245084ef4b34	d__Bacteria; p__Bacteroidota; c__Bacteroidia; o__Bacteroidales; f__Prevotellaceae	0.9992914939074911
4b88120e5e216004c88363010617a8aa	d__Bacteria; p__Bacillota; c__Bacilli; o__Erysipelotrichales; f__Erysipelotrichaceae; g__Solobacterium	0.9927262602662087
c1e4aab9e483b85f8bd477a63a1843e9	d__Bacteria; p__Bacillota; c__Clostridia; o__Lachnospirales; f__Lachnospiraceae	0.9999487638559656
82c88468e1371881b545628d459ea8a1	d__Bacteria; p__Actinomycetota; c__Actinobacteria; o__Mycobacteriales	0.848087306438452
936503beb3b3d99c0b1e76e2997c7e40	d__Bacteria; p__Bacteroidota; c__Bacteroidia; o__Bacteroidales; f__Prevotellaceae; g__Prevotellaceae_NK3B31_group	0.993355853105602
cb4710ab2bcc3a20b4f20f34f4a2c512	d__Bacteria; p__Pseudomonadota; c__Gammaproteobacteria; o__Enterobacterales; f__Enterobacteriaceae; g__Escherichia-Shigella	0.9980507495186322
388c1cca2e0945a74b55d1308ee07c67	d__Bacteria; p__Bacillota; c__Clostridia; o__Lachnospirales; f__Lachnospiraceae; g__Blautia	0.9747804134770635
6bd0de210ff2361512b63a239a269149	d__Bacteria; p__Bacillota; c__Clostridia; o__Clostridia_vadinBB60_group; f__Incertae_Sedis; g__Incertae_Sedis	0.9999983318783152
607ecc8eebbf199f515b62a758a0f90c	d__Bacteria; p__Bacillota; c__Clostridia; o__Lachnospirales; f__Lachnospiraceae	0.9999694153327094
96db41f0bdc6cd2ee0739307e19bc7dd	d__Bacteria; p__Pseudomonadota; c__Gammaproteobacteria; o__Burkholderiales	0.9999999287202492
cc58ea578c075f662d97fa7a00524fff	d__Bacteria; p__Bacillota; c__Clostridia; o__Oscillospirales; f__Ruminococcaceae; g__Faecalibacterium	0.9999978565584037
ed43f450b32809cae65b1c8c044962e4	d__Bacteria; p__Bacillota; c__Clostridia; o__Peptostreptococcales-Tissierellales; f__Family_XI; g__Peptoniphilus	0.9889388135562629
378c85bb3564e66906e35db3ac1a35c5	d__Bacteria; p__Bacteroidota; c__Bacteroidia; o__Bacteroidales; f__Tannerellaceae; g__Parabacteroides	0.9957813911830529
ab81f87b9dec518b681d1c282b336da9	d__Bacteria; p__Bacteroidota; c__Bacteroidia; o__Bacteroidales; f__Marinifilaceae; g__Butyricimonas	0.9999997166457153
643e12a05e26ae92b8479449f30bdd39	d__Bacteria; p__Bacteroidota; c__Bacteroidia; o__Bacteroidales; f__Bacteroidaceae; g__Bacteroides	0.9828428470607394
f0c32ffe8d1e4fb12075f8ca21c8d100	d__Bacteria; p__Bacillota; c__Clostridia; o__Lachnospirales; f__Lachnospiraceae; g__[Ruminococcus]_gnavus_group	0.9316137540089051
d353822d0d524fb96c3c4beca3320af3	d__Bacteria; p__Bacillota; c__Negativicutes; o__Veillonellales-Selenomonadales; f__Veillonellaceae; g__Dialister	0.986145181996044
ab4651f7f76985484f9dda6ec7237f24	d__Bacteria; p__Bacillota; c__Clostridia; o__Lachnospirales; f__Lachnospiraceae; g__Anaerostipes	0.9904400840001912
ace9010d6e8ad8bf5acd762a09fffea0	d__Bacteria; p__Bacillota; c__Clostridia; o__Lachnospirales; f__Lachnospiraceae	0.9999993159764653
bcbe8b8f529d563437cec4cd883ddc30	d__Bacteria; p__Bacteroidota; c__Bacteroidia; o__Bacteroidales; f__Prevotellaceae; g__Leyella	0.9838185254198905
2e57de0cd9c90a226a20c42bb0527c26	d__Bacteria; p__Bacteroidota; c__Bacteroidia; o__Bacteroidales; f__Porphyromonadaceae; g__Porphyromonas	0.9999999738315356
4b6f12ab5255d62af1f3eaa21c3161a1	d__Bacteria; p__Actinomycetota; c__Rubrobacteria; o__Rubrobacterales; f__Rubrobacteriaceae; g__Rubrobacter	0.9999997865380493
01abc954346bb6cc0dfbf382b0028938	d__Bacteria; p__Bacillota; c__Clostridia; o__Peptococcales; f__Peptococcaceae; g__Peptococcus	0.8512149309601269
f827728de2d307bd037b3084512c8d5e	d__Bacteria; p__Bacteroidota; c__Bacteroidia; o__Bacteroidales; f__Bacteroidaceae; g__Bacteroides	0.9989476181194679
fe4db8d48b8dd4deadcf698d228f49d5	d__Bacteria; p__Bacillota; c__Clostridia; o__Peptostreptococcales-Tissierellales; f__Peptostreptococcaceae; g__Peptostreptococcus	0.999999919715339
7c4809f282ab14139ef0eddbd5f446a5	d__Bacteria; p__Bacteroidota; c__Bacteroidia; o__Bacteroidales; f__Tannerellaceae; g__Parabacteroides	0.9983751042199035
19cc6693f841a14d880fe27cf13b2515	d__Bacteria; p__Bacillota; c__Clostridia; o__Lachnospirales; f__Lachnospiraceae	0.9999553990419773
2962255239ea650972f46d74ba1a7204	d__Bacteria; p__Bacillota; c__Clostridia; o__Oscillospirales; f__Ruminococcaceae; g__Anaerotruncus	0.9999367859342003
acae108d1a7e54b5a44555dcf4ce94c6	d__Bacteria; p__Bacteroidota; c__Bacteroidia; o__Bacteroidales; f__Bacteroidaceae; g__Bacteroides	0.9999989940146123
085052c2d97b729102b44b0a22b79932	d__Bacteria; p__Bacillota; c__Clostridia; o__Oscillospirales; f__Ruminococcaceae; g__Ruminococcus	0.990373762838779
ea97e1040b8a4e883aa54b41184ddff7	d__Bacteria; p__Bacteroidota; c__Bacteroidia; o__Bacteroidales; f__Prevotellaceae	0.9999999746935062
8574d3e834f4124742c0dac60d08f64d	d__Bacteria; p__Actinomycetota; c__Coriobacteriia; o__Coriobacteriales; f__Eggerthellaceae; g__Eggerthella	0.999992016846638
68f4003a7ebb7003de80f915eea958e0	d__Bacteria; p__Bacillota; c__Clostridia; o__Lachnospirales; f__Lachnospiraceae	0.9999976226490409
9ee29b7b617a03d708f787c01456f26f	d__Bacteria; p__Bacillota; c__Negativicutes; o__Veillonellales-Selenomonadales; f__Veillonellaceae; g__Veillonella	0.9999940248725517
96e4570a5fce50a14206002cd9928773	d__Bacteria; p__Bacillota; c__Clostridia; o__Peptostreptococcales-Tissierellales; f__Family_XI; g__Fenollaria	0.9999999989470325
4a46fffec7b1712ef88e39ba7f5e48c5	d__Bacteria; p__Bacillota; c__Clostridia; o__Lachnospirales; f__Lachnospiraceae	0.9999200001459707
53c1b2f8f4bfa88ac8a9107d20c36c4f	d__Bacteria; p__Thermodesulfobacteriota; c__Desulfovibrionia; o__Desulfovibrionales; f__Desulfovibrionaceae; g__Desulfovibrio	0.9991250668273306
e78fbe8bf48ab99f723348d3fd12cab7	d__Bacteria; p__Thermodesulfobacteriota; c__Desulfovibrionia; o__Desulfovibrionales; f__Desulfovibrionaceae; g__Desulfovibrio	0.999491982909877
211a3b21a454db6f4350223ce27de127	d__Bacteria; p__Bacillota; c__Clostridia; o__Oscillospirales; f__Oscillospiraceae; g__NK4A214_group	0.9989198002420743
16803b35ae7d33673a01b70f7cb8bd15	d__Bacteria; p__Bacillota; c__Clostridia; o__Oscillospirales; f__Oscillospiraceae; g__Colidextribacter	0.8778027911676595
b9a149aae52b664ae30e5f134be4665b	d__Bacteria; p__Bacteroidota; c__Bacteroidia; o__Bacteroidales; f__Prevotellaceae; g__Incertae_Sedis	0.9972932190150171
9ac026abc5cec1d41ee044c1b874386c	d__Bacteria; p__Actinomycetota; c__Coriobacteriia; o__Coriobacteriales; f__Eggerthellaceae; g__Slackia	0.9927692198611953
42be9d6df1e3d58d4bb6d9ba7de80989	d__Bacteria; p__Pseudomonadota; c__Gammaproteobacteria; o__Burkholderiales; f__Comamonadaceae	0.9213165516649484
1a1d82a117c9a42ce9890fde6c2a5f97	d__Bacteria; p__Bacillota; c__Clostridia; o__Lachnospirales; f__Lachnospiraceae; g__Agathobacter	0.961943683662164
d43d15f084fa0a6ffa3c81b45e523a1b	d__Bacteria; p__Bacillota; c__Clostridia; o__Lachnospirales; f__Lachnospiraceae	0.9917550927548531
cbfbae4941734c588c41610a5c837a82	d__Bacteria; p__Bacteroidota; c__Bacteroidia; o__Bacteroidales; f__Bacteroidaceae; g__Bacteroides	0.9999888214800684
df3a690872317c557beb3a429766e8f9	d__Bacteria; p__Bacillota; c__Clostridia; o__Lachnospirales; f__Lachnospiraceae	0.9995344086574269
652ebd794bbb99afa1bdbdbc930af1e5	d__Bacteria; p__Bacillota; c__Clostridia; o__Oscillospirales; f__Ruminococcaceae	0.9989478178995914
d74d94a8cbaae13503463d0533c1bfd4	d__Bacteria; p__Bacillota; c__Clostridia; o__Lachnospirales; f__Lachnospiraceae; g__Extibacter	0.724591102253137
9afd75972ff4a6e06df7a25149661417	d__Bacteria; p__Bacillota; c__Clostridia; o__Lachnospirales; f__Lachnospiraceae; g__Mediterraneibacter	0.977252415773747
3766c23018822d74c33e8ab6b1c51111	d__Bacteria; p__Bacillota; c__Clostridia; o__Lachnospirales; f__Lachnospiraceae	0.9999985943481102
f5e6f23365a0e3ccb249d07fad04232f	d__Bacteria; p__Bacillota; c__Clostridia; o__Lachnospirales; f__Lachnospiraceae	0.9998605103797358
82f3df7039ccbdd85adf354b01165b09	d__Bacteria; p__Bacillota; c__Clostridia; o__Lachnospirales; f__Lachnospiraceae; g__Anaerostipes	0.785801001158855
3ee4afa7c8cd331e6940f1d23edc25c0	d__Bacteria; p__Bacteroidota; c__Bacteroidia; o__Bacteroidales; f__Bacteroidaceae; g__Bacteroides	0.989121551789617
1921ce890fb2ffefbc013de96d23db23	d__Bacteria; p__Bacteroidota; c__Bacteroidia; o__Bacteroidales; f__Prevotellaceae; g__Prevotellaceae_UCG-001	0.9959398417686027
420aeb51a121a38c96fbb71c38a0b3ca	d__Bacteria; p__Bacillota; c__Clostridia; o__Lachnospirales; f__Lachnospiraceae; g__Marvinbryantia	0.803269785634112
f5ab43c7ba84bd2e9cc206853ecf27e5	d__Bacteria; p__Bacteroidota; c__Bacteroidia; o__Bacteroidales; f__Prevotellaceae; g__Incertae_Sedis	0.9958107371871141
e136e7f1ce2f876765240901218a9ee3	d__Bacteria; p__Bacillota; c__Clostridia; o__Peptococcales; f__Peptococcaceae; g__Peptococcus	0.9999999989208987
2c76f40b4651c8956cdfa586672e65ee	d__Bacteria; p__Bacteroidota; c__Bacteroidia; o__Bacteroidales; f__Rikenellaceae; g__Alistipes	0.9998588762797528
46070f39bc52367a97af00e2fbfbfaa3	d__Bacteria; p__Bacillota; c__Clostridia; o__Lachnospirales; f__Lachnospiraceae	0.9992094573250776
7dc1049471f7ed896a4edb0cc530527d	d__Bacteria; p__Bacteroidota; c__Bacteroidia; o__Bacteroidales; f__Barnesiellaceae; g__Coprobacter	0.9856985818329249
583800d3872938ff0324faef67da1db5	d__Bacteria; p__Bacillota; c__Clostridia; o__Oscillospirales; f__Oscillospiraceae	0.9960320845850833
0cb690d1b777c1caf6cf62adb00d0d41	d__Bacteria; p__Bacillota; c__Clostridia; o__Lachnospirales; f__Lachnospiraceae; g__Epulopiscium	0.9997485060844327
31f48fc666843827fa9c4b1fa3fc597f	d__Bacteria; p__Bacillota; c__Bacilli; o__Lactobacillales; f__Lactobacillaceae; g__Lactobacillus	0.9998469064825215
d4cf341409b5343f66d52130e3fbce57	d__Bacteria; p__Bacillota; c__Clostridia; o__Oscillospirales; f__Ruminococcaceae; g__Faecalibacterium	0.9999913179700731
7f3d5cb81b7461d516f4778cd6c4d4c6	d__Bacteria; p__Bacillota; c__Negativicutes; o__Veillonellales-Selenomonadales; f__Veillonellaceae; g__Megasphaera	0.9999999978132053
3e3a3571311b16a0bb4d9cc717fc9b45	d__Bacteria; p__Pseudomonadota; c__Gammaproteobacteria; o__Enterobacterales; f__Enterobacteriaceae; g__Escherichia-Shigella	0.999616845189725
09d3dcc523a4bba7c6c78415af07f38d	d__Bacteria; p__Bacillota; c__Bacilli; o__Erysipelotrichales; f__Erysipelatoclostridiaceae; g__Thomasclavelia	0.9971549888296196
3baa1e3aaf34270c09198c142149e4d2	d__Bacteria; p__Bacteroidota; c__Bacteroidia; o__Bacteroidales; f__Rikenellaceae; g__Rikenellaceae_RC9_gut_group	0.9999532139047721
09d45bc719e39e34b3dc641bbf6492d8	d__Bacteria; p__Pseudomonadota; c__Gammaproteobacteria; o__Burkholderiales; f__Sutterellaceae; g__Sutterella	0.9999999597808519
e3ac11b73553188b4b41d93483c3012f	d__Bacteria; p__Bacillota; c__Clostridia; o__Oscillospirales; f__Oscillospiraceae; g__Colidextribacter	0.9085229945745983
75da9de6625257bd132a69174062d569	d__Bacteria; p__Bacteroidota; c__Bacteroidia; o__Bacteroidales; f__Bacteroidaceae; g__Bacteroides	0.9931209782362892
95cb23a9bdbca9e60d3c38e0f3bd69dc	d__Bacteria; p__Bacillota; c__Clostridia; o__Lachnospirales; f__Lachnospiraceae	0.9998631823939204
846913e69535cedfff6d86b7c77850eb	d__Bacteria; p__Bacillota; c__Clostridia; o__Oscillospirales; f__Oscillospiraceae; g__Intestinimonas	0.881933511778506
898397f379b2577501506d21a51e919c	Unassigned	0.9761519899412561
146e9c861570575b2441bb4b8c084111	d__Bacteria; p__Actinomycetota; c__Actinobacteria; o__Actinomycetales; f__Actinomycetaceae; g__Varibaculum	0.9999999991149195
de24f4b890ee75c1374971988dca1d54	d__Bacteria; p__Bacteroidota; c__Bacteroidia; o__Bacteroidales; f__Rikenellaceae; g__Alistipes	0.9946001705744965
e07bfe9b7b0b406440c1e282f49cd438	d__Bacteria; p__Bacillota; c__Clostridia; o__Oscillospirales; f__Ruminococcaceae; g__Ruminococcus	0.9441751929519708
428cf55c5bf771bb3d502b97bcdceaae	d__Bacteria; p__Bacillota; c__Bacilli; o__Erysipelotrichales; f__Erysipelotrichaceae; g__[Clostridium]_innocuum_group	0.9978027089071345
616c85a445be82b2be99f518c41e9f70	d__Bacteria; p__Bacillota; c__Clostridia; o__Lachnospirales; f__Lachnospiraceae	0.9999252809140656
b70a1e967fe41195337789deac37f2ce	d__Bacteria; p__Bacteroidota; c__Bacteroidia; o__Bacteroidales; f__Tannerellaceae; g__Parabacteroides	0.9985019352347202
340effa93d0abdc94a3ac1c229aa58ec	d__Bacteria; p__Bacillota; c__Negativicutes; o__Veillonellales-Selenomonadales; f__Veillonellaceae; g__Allisonella	0.9999109366919414
73a34837d2a6231db4af296479c42dd8	d__Bacteria; p__Bacteroidota; c__Bacteroidia; o__Bacteroidales; f__Bacteroidaceae; g__Bacteroides	0.9999690622674561
32a3c3f8fb9bc286a239880f1e439cfd	d__Bacteria; p__Bacteroidota; c__Bacteroidia; o__Bacteroidales; f__Prevotellaceae	0.9998636597958401
55bde437ce457c4772d3c08043d6974e	d__Bacteria; p__Bacillota; c__Clostridia; o__Oscillospirales; f__Ruminococcaceae; g__Faecalibacterium	0.999995779522759
3280f9f7c5e2cf4c8ebf29afb60910ec	d__Bacteria; p__Bacteroidota; c__Bacteroidia; o__Bacteroidales; f__Marinifilaceae; g__Butyricimonas	0.9999999748302603
b35e72c682b2382639d9992ef16644ad	d__Bacteria; p__Bacillota; c__Clostridia; o__Lachnospirales; f__Lachnospiraceae; g__Blautia	0.7395636868702875
a74250662bc353d22648f4ea0b59e046	d__Bacteria; p__Bacillota; c__Clostridia; o__Christensenellales; f__Christensenellaceae; g__Christensenellaceae_R-7_group	0.9291198764261877
5b335f7e7cbbb787e636300717fc53a3	d__Bacteria; p__Bacteroidota; c__Bacteroidia; o__Bacteroidales; f__Marinifilaceae; g__Butyricimonas	0.99999978093508
9275e8ecacab62a41c494d22dcac23a9	d__Bacteria; p__Bacillota; c__Clostridia; o__Oscillospirales; f__Ruminococcaceae; g__Ruminococcus	0.9869807636780512
744467b5a9e598ea47cba186898ba7ac	d__Bacteria; p__Bacillota; c__Clostridia; o__Oscillospirales; f__Oscillospiraceae; g__Intestinimonas	0.8233051745389292
599d38952bb23a17165083b4cb91c6a2	d__Bacteria; p__Actinomycetota; c__Actinobacteria; o__Bifidobacteriales; f__Bifidobacteriaceae; g__Bifidobacterium	0.9996190785129035
cc909a4e213bf0432080725668133f33	d__Bacteria; p__Bacillota; c__Clostridia; o__Lachnospirales; f__Lachnospiraceae	0.9999922798030223
8533abe8d71241c271b4611c03783964	d__Bacteria; p__Bacillota; c__Clostridia; o__Oscillospirales; f__Ruminococcaceae; g__Hydrogenoanaerobacterium	0.7993537047244733
dc9c816f006be319ec4ca642d0942753	d__Bacteria; p__Bacillota; c__Clostridia; o__Oscillospirales; f__Oscillospiraceae; g__Colidextribacter	0.7773014216855536
dc03b5e9ae21637dba0faf03dad5af11	d__Bacteria; p__Bacillota; c__Clostridia; o__Lachnospirales; f__Lachnospiraceae; g__Blautia	0.86858212420007
c2fe57717188a4b7280ac3f8c5318b7b	d__Bacteria; p__Bacillota; c__Clostridia; o__Clostridia_UCG-014; f__Incertae_Sedis; g__Incertae_Sedis	0.9999999999991473
4ec5add8217efd2f2dd3d7b419bd2547	d__Bacteria; p__Bacteroidota; c__Bacteroidia; o__Bacteroidales; f__Prevotellaceae; g__Segatella	0.9978727052992487
5e283a03bd0e73b8342fb818e72a486e	d__Bacteria; p__Pseudomonadota; c__Gammaproteobacteria; o__Burkholderiales; f__Sutterellaceae; g__Sutterella	0.9908739657236809
479830d9f5f344a207b29911bcfbb1d2	d__Bacteria; p__Bacillota; c__Clostridia; o__Lachnospirales; f__Lachnospiraceae	0.9999982011586219
60b3aa1e46b140ce9dead670defe190f	d__Bacteria; p__Bacillota; c__Clostridia; o__Peptostreptococcales-Tissierellales; f__Family_XI; g__Fenollaria	0.9999999868935846
e226a1fb33ad19f7ae76792116fca9c9	d__Bacteria; p__Bacillota; c__Clostridia; o__Lachnospirales; f__Lachnospiraceae	0.9999830097839004
00acb43138059c2fb846cef9bdd82944	d__Bacteria; p__Bacillota; c__Clostridia; o__Peptostreptococcales-Tissierellales; f__Family_XI; g__Incertae_Sedis	0.9615754978658432
bd65ad9d17ea7f6b633591220b69113f	d__Bacteria; p__Bacillota; c__Bacilli; o__Erysipelotrichales; f__Erysipelotrichaceae; g__Dielma	0.9986912080520378
99495cded0f8a661cd6b934be5cb28a5	d__Bacteria; p__Bacillota; c__Clostridia; o__Oscillospirales; f__Ruminococcaceae; g__Hydrogenoanaerobacterium	0.7397202937222904
55d27d3d453bfb5b7e550a278390404d	d__Bacteria; p__Campylobacterota; c__Campylobacteria; o__Campylobacterales; f__Campylobacteraceae; g__Campylobacter	0.999999980816469
92cc3e25754cced8f2c1a79de6444915	d__Bacteria; p__Synergistota; c__Synergistia; o__Synergistales; f__Synergistaceae; g__Rarimicrobium	0.998925978627988
0f1af0fc24da91966ee50cf6eb4069cc	d__Bacteria; p__Pseudomonadota; c__Gammaproteobacteria; o__Enterobacterales; f__Pasteurellaceae; g__Haemophilus	0.9688490991227668
cb2e59f8151ed664dea9a7ffff06125c	d__Bacteria; p__Bacteroidota; c__Bacteroidia; o__Bacteroidales; f__Muribaculaceae; g__Incertae_Sedis	0.99967715949081
9dc15012b03db809c68bee79d4d9746c	d__Bacteria; p__Bacillota; c__Negativicutes; o__Acidaminococcales; f__Acidaminococcaceae; g__Phascolarctobacterium	0.9999999998738645
6a39818a2e37d3df5a81a24d588088eb	d__Bacteria; p__Bacillota; c__Negativicutes; o__Veillonellales-Selenomonadales; f__Veillonellaceae; g__Megasphaera	0.999999869741083
f9ffa1cc42400fa0c76dc4b24c2902f5	d__Bacteria; p__Bacillota; c__Negativicutes; o__Veillonellales-Selenomonadales; f__Selenomonadaceae; g__Megamonas	0.9952743394200235
d548d26d08c2a69559bbefa055c8aab0	d__Bacteria; p__Bacillota; c__Clostridia; o__Lachnospirales; f__Lachnospiraceae	0.9999804019208887
3509af7819ea3e22189e66a353e201e8	d__Bacteria; p__Bacillota; c__Clostridia; o__Clostridia_vadinBB60_group; f__Incertae_Sedis; g__Incertae_Sedis	0.9999469043036362
1e34e4e26d337e0e7c6f5b3080ac3e68	d__Bacteria; p__Bacillota; c__Negativicutes; o__Acidaminococcales; f__Acidaminococcaceae; g__Phascolarctobacterium	0.9999999641751323
4f9efb7e1ac0ff4da10bf4f51572b85b	d__Bacteria; p__Bacillota; c__Clostridia; o__Oscillospirales; f__Ruminococcaceae; g__Faecalibacterium	0.9999933722876412
d3fc3c024c0afdb056a60da7832080d3	d__Bacteria; p__Bacteroidota; c__Bacteroidia; o__Bacteroidales; f__Bacteroidaceae; g__Bacteroides	0.999994589115177
c67084cc3c42d17d35b776dc2774e2e8	d__Bacteria; p__Bacillota; c__Clostridia; o__Lachnospirales; f__Lachnospiraceae	0.9999991991100823
4328398b25adea3b56ca120115806fef	d__Bacteria; p__Bacillota; c__Clostridia; o__Clostridiales; f__Clostridiaceae; g__Clostridium	0.9991120093709904
e3231a503d48f70b15599f16f4a8b28d	d__Bacteria; p__Pseudomonadota; c__Gammaproteobacteria; o__Burkholderiales; f__Sutterellaceae; g__Sutterella	0.9999966774072166
27d01918f002c7d9a6c87c5f99d906f5	d__Bacteria; p__Bacillota; c__Negativicutes; o__Veillonellales-Selenomonadales; f__Veillonellaceae; g__Veillonella	0.9999993848321269
30753be97d9d33c8c68f245f6c0466e1	d__Bacteria; p__Bacillota; c__Clostridia; o__Peptostreptococcales-Tissierellales; f__Anaerovoracaceae; g__Family_XIII_UCG-001	0.999998838282387
f30c7e31a6f5bdbbba729112e9ebefdf	d__Bacteria; p__Bacteroidota; c__Bacteroidia; o__Bacteroidales; f__Bacteroidaceae; g__Bacteroides	0.9999409518896052
11e000e7ef3dad672c32aefcb0731019	d__Bacteria; p__Bacillota; c__Negativicutes; o__Veillonellales-Selenomonadales; f__Veillonellaceae; g__Dialister	0.9999849839522384
36d2cc6d6d23e7b89c9a4e986352970c	d__Bacteria; p__Bacteroidota; c__Bacteroidia; o__Bacteroidales; f__Marinifilaceae; g__Odoribacter	0.9996060653705325
4b68ae3814c905a4f07374d79f12fe16	d__Bacteria; p__Bacillota; c__Bacilli; o__Erysipelotrichales; f__Erysipelotrichaceae; g__Holdemanella	0.9999955584273593
49f19bf550ef2fb741f739a2c947b9e2	d__Bacteria; p__Bacillota; c__Clostridia; o__Lachnospirales; f__Lachnospiraceae; g__Epulopiscium	0.9999338173585577
94ad73855c60f98dc922e4a4ac149e3c	d__Bacteria; p__Bacillota; c__Clostridia; o__Lachnospirales; f__Lachnospiraceae; g__Roseburia	0.9052447814643783
446fbf63e8c0686a14983c5eb2deb6d9	d__Bacteria; p__Bacillota; c__Clostridia; o__Lachnospirales; f__Lachnospiraceae; g__Agathobacter	0.9385332053736293
dc736e3a78ee5f68c11d791c4c93647b	d__Bacteria; p__Bacillota; c__Clostridia; o__Peptostreptococcales-Tissierellales; f__Peptostreptococcaceae	0.9999988545140408
535159618ffd8447aa43bf76aecd4c0a	d__Bacteria; p__Bacillota; c__Negativicutes; o__Veillonellales-Selenomonadales; f__Veillonellaceae; g__Incertae_Sedis	0.9901642666515974
5c62361c0524dd7382013d5d0db9e247	d__Bacteria; p__Bacteroidota; c__Bacteroidia; o__Bacteroidales; f__Bacteroidaceae; g__Bacteroides	0.9997361313183019
460928a0746083570b86681bca5f6a0a	d__Bacteria; p__Bacteroidota; c__Bacteroidia; o__Bacteroidales; f__Prevotellaceae; g__Paraprevotella	0.9993584345618448
a447db48391377556b29ed10fe7ed458	d__Bacteria; p__Bacillota; c__Clostridia; o__Lachnospirales; f__Lachnospiraceae; g__Lachnospiraceae_UCG-004	0.9769386291292148
4077995a9a662b9ea845ac618f3875d8	d__Bacteria; p__Bacillota; c__Clostridia; o__Clostridia_UCG-014; f__Incertae_Sedis; g__Incertae_Sedis	0.9999999999982805
941d662bba379381cf33af1178fd84c0	d__Bacteria; p__Bacillota; c__Clostridia; o__Lachnospirales; f__Lachnospiraceae; g__Lachnospiraceae_UCG-004	0.9295738245607239
d8f3069188ae6f042c087e226d1733f0	d__Bacteria; p__Bacillota; c__Clostridia; o__Lachnospirales; f__Lachnospiraceae	0.9999083885971665
acaf424bc7665336ef169b7d7555d7b8	d__Bacteria; p__Bacteroidota; c__Bacteroidia; o__Bacteroidales; f__Bacteroidaceae; g__Bacteroides	0.9999076696856727
32954fd05c81c6ceabf1153e939524e1	d__Bacteria; p__Bacillota; c__Clostridia; o__Peptostreptococcales-Tissierellales; f__Anaerovoracaceae; g__Mogibacterium	0.9999515626234443
0aab912d8b02306fbda15128bf397c7a	d__Bacteria; p__Bacillota; c__Clostridia; o__Clostridia_vadinBB60_group; f__Incertae_Sedis; g__Incertae_Sedis	0.9999147878018194
64b0e7d6f2d71691614a38a6dd4492e1	d__Bacteria; p__Bacillota; c__Bacilli; o__Erysipelotrichales; f__Erysipelotrichaceae; g__Incertae_Sedis	0.9999999912010793
109ed13c15cd61258e706fa7d2db7116	d__Bacteria; p__Bacillota; c__Clostridia	0.9923751559905205
37175cca39aebc74c7a49892425d6494	d__Bacteria; p__Pseudomonadota; c__Gammaproteobacteria; o__Enterobacterales; f__Pasteurellaceae; g__Haemophilus	0.9999026062275175
652aeacb34f4f92bc431b0e3485f9c29	d__Bacteria; p__Bacillota; c__Clostridia; o__Oscillospirales; f__Ruminococcaceae; g__Faecalibacterium	0.943441860749339
6d215b2671c1a2187ef2427f18a82846	d__Bacteria; p__Actinomycetota; c__Actinobacteria; o__Propionibacteriales; f__Propionibacteriaceae; g__Cutibacterium	0.9999992809152217
ca15bea580eebb7c70450b474c25cfcc	d__Bacteria; p__Bacillota; c__Negativicutes; o__Veillonellales-Selenomonadales; f__Veillonellaceae; g__Veillonella	0.9999972621809224
9c4d8b80163bd906a1520dddf7a9f9fd	d__Bacteria; p__Bacteroidota; c__Bacteroidia; o__Bacteroidales; f__Prevotellaceae; g__Incertae_Sedis	0.9994960728709545
96e48c433df26b31de484aed138e12c7	d__Bacteria; p__Bacteroidota; c__Bacteroidia; o__Bacteroidales; f__Muribaculaceae; g__Incertae_Sedis	0.9999993909966356
002e155c8068c6b59d1a249c409bdbaa	d__Bacteria; p__Bacillota; c__Clostridia; o__Oscillospirales; f__Ruminococcaceae; g__Faecalibacterium	0.999777208097812
7f20e12fe4457221df30236975d8422e	d__Bacteria; p__Bacteroidota; c__Bacteroidia; o__Bacteroidales; f__Marinifilaceae; g__Odoribacter	0.9999999947031171
233e5bd50d0968363d2d3f526a409f22	d__Bacteria; p__Bacillota; c__Clostridia; o__Lachnospirales; f__Lachnospiraceae; g__GCA-900066575	0.7377081128889706
19a116389a4c7c5a812b3d28d9de461c	d__Bacteria; p__Actinomycetota; c__Coriobacteriia; o__Coriobacteriales; f__Eggerthellaceae; g__Senegalimassilia	0.9999999985689811
f65c7d57c08656de3de1d3ad9febd471	d__Bacteria; p__Bacillota; c__Clostridia; o__Lachnospirales; f__Lachnospiraceae; g__Blautia	0.8453524166039604
faf28dfbda8996eec3a4ed747c30ae09	d__Bacteria; p__Bacteroidota; c__Bacteroidia; o__Bacteroidales; f__Bacteroidaceae; g__Bacteroides	0.9999843120422496
e62a578b1c2f8d12a4d122bd0202d454	d__Bacteria; p__Bacillota; c__Negativicutes; o__Acidaminococcales; f__Acidaminococcaceae; g__Phascolarctobacterium	0.9999999998006928
5833d0ce0afd84a1f7d6f455914d86d1	d__Bacteria; p__Pseudomonadota; c__Gammaproteobacteria; o__Enterobacterales; f__Enterobacteriaceae; g__Escherichia-Shigella	0.9991873647046332
12b316c179b88606afa0a5fd2afef761	d__Bacteria; p__Thermodesulfobacteriota; c__Desulfovibrionia; o__Desulfovibrionales; f__Desulfovibrionaceae; g__Incertae_Sedis	0.8939663370322003
d3c8dbb7ef092cc5e1883a06d9713ac7	d__Bacteria; p__Bacillota; c__Clostridia; o__Lachnospirales; f__Lachnospiraceae	0.9961715957248551
719747e78bda180f5567cf84aebc77f9	d__Bacteria; p__Bacteroidota; c__Bacteroidia; o__Bacteroidales; f__Bacteroidaceae; g__Bacteroides	0.9870369462548754
a590337dbacfcd6adf49eb847a9c6d5f	d__Bacteria; p__Bacillota; c__Clostridia; o__Oscillospirales; f__Ruminococcaceae; g__Faecalibacterium	0.9999967717725677
f282d717a26bf6fb7f139b5869aba44b	d__Bacteria; p__Bacillota; c__Bacilli; o__Erysipelotrichales; f__Erysipelatoclostridiaceae; g__Coprobacillus	0.9999947291645197
ee929c6f1d7943811771006ac1b382c8	d__Bacteria; p__Bacteroidota; c__Bacteroidia; o__Bacteroidales; f__Rikenellaceae; g__Alistipes	0.9995040704410362
8cb8a152e7fb86e3d5b42f90b7c11fab	d__Bacteria; p__Bacillota; c__Clostridia; o__Clostridia_UCG-014; f__Incertae_Sedis; g__Incertae_Sedis	0.999999999991033
1314fbf254dc492cabcb473840ae7227	d__Bacteria; p__Bacillota; c__Clostridia; o__Oscillospirales; f__Ruminococcaceae; g__Ruminococcus	0.985529271286222
99592bda0d1c930db4e2d612d616ce41	d__Bacteria; p__Bacillota; c__Clostridia; o__Clostridiales; f__Clostridiaceae; g__Sarcina	0.8358704372303558
816f4711932a3f1c18f1189dbe41128a	d__Eukaryota	0.8857924469310243
5d1d76ed9d97d7e1c78326cdc3ae86c0	d__Bacteria; p__Bacillota; c__Clostridia; o__Lachnospirales; f__Lachnospiraceae; g__Blautia	0.9139169520722055
b55ee85b008fdd9fa25996838fd06335	d__Bacteria; p__Bacillota; c__Clostridia; o__Lachnospirales; f__Lachnospiraceae; g__Lachnospiraceae_UCG-008	0.8205463411240302
9e1af754af982504067f662f9647d3b6	d__Bacteria; p__Bacteroidota; c__Bacteroidia; o__Bacteroidales	0.9999999675177074
87c781a49cbd81ba7374d2326da6e966	d__Bacteria; p__Bacillota; c__Negativicutes; o__Veillonellales-Selenomonadales; f__Selenomonadaceae; g__Megamonas	0.9999999998930207
473e8f273ed0d5876e538ea997f1bcfe	d__Bacteria; p__Bacteroidota; c__Bacteroidia; o__Bacteroidales; f__Marinifilaceae; g__Butyricimonas	0.9999999498040791
8849248e2a076648b00782ffad5f7e02	d__Bacteria; p__Bacillota; c__Clostridia; o__Lachnospirales; f__Lachnospiraceae; g__Lachnospiraceae_UCG-004	0.9817006614277793
eab6579061c43ebca3d3d22ebb031d90	d__Bacteria; p__Bacillota; c__Clostridia; o__Oscillospirales; f__Ruminococcaceae; g__Faecalibacterium	0.9999563959016001
9bf68e5bd534e06cf7cef4cd1e561822	d__Bacteria; p__Bacteroidota; c__Bacteroidia; o__Bacteroidales; f__Bacteroidaceae; g__Bacteroides	0.9997390363049564
2941385fcc9362a2e7343c9f5190a0e3	d__Bacteria; p__Bacillota; c__Clostridia; o__Lachnospirales; f__Lachnospiraceae; g__Lachnospiraceae_UCG-008	0.8857350065535794
e1aac550e98375036c95d43d5e12481f	d__Bacteria; p__Bacillota; c__Clostridia; o__Clostridia_vadinBB60_group; f__Incertae_Sedis; g__Incertae_Sedis	0.9999998757033175
c71a92072af8176fc594ce8401861f74	d__Bacteria; p__Bacillota; c__Clostridia; o__Lachnospirales; f__Lachnospiraceae; g__Lachnospiraceae_UCG-004	0.7549843646452253
78ed2f7f95970ab951c6baa2ec8b9c79	d__Bacteria; p__Bacillota; c__Clostridia; o__Lachnospirales; f__Lachnospiraceae	0.9999479737111414
022a2015fecefc8409fc75f863a2a46b	d__Bacteria; p__Bacteroidota; c__Bacteroidia; o__Bacteroidales; f__Rikenellaceae; g__Rikenellaceae_RC9_gut_group	0.9995208285524066
ec36602609c3b8bf7a437a7c35ca123f	d__Bacteria; p__Bacteroidota; c__Bacteroidia; o__Bacteroidales; f__Marinifilaceae; g__Odoribacter	0.9999999960454886
eaa7cd31fa78be2f96b8c638c04f51bf	d__Bacteria; p__Bacteroidota; c__Bacteroidia; o__Bacteroidales; f__Tannerellaceae; g__Parabacteroides	0.9961608829684718
4f6880b5e412fe301d1fb92c83dc758b	d__Bacteria; p__Bacillota; c__Negativicutes; o__Veillonellales-Selenomonadales; f__Veillonellaceae; g__Megasphaera	0.9999827490451001
e47d3379cee9aaf12157777f47cd6205	d__Bacteria; p__Bacillota; c__Clostridia; o__Oscillospirales; f__Ruminococcaceae; g__Faecalibacterium	0.9987398391683344
32b93ccacbde2bae181e140eed06fdef	d__Bacteria; p__Bacteroidota; c__Bacteroidia; o__Bacteroidales; f__Bacteroidaceae; g__Bacteroides	0.9999482805644806
b083af624d3e72191a158bebf96afab6	d__Bacteria; p__Actinomycetota; c__Coriobacteriia; o__Coriobacteriales; f__Eggerthellaceae; g__Slackia	0.9999999581767023
30327a42dad7ced5de43d52c4dc1723a	d__Bacteria; p__Bacillota; c__Negativicutes; o__Veillonellales-Selenomonadales; f__Veillonellaceae; g__Dialister	0.9999955825576107
380427e125c6663743ae2aaaab0e2f21	d__Bacteria; p__Actinomycetota; c__Coriobacteriia; o__Coriobacteriales; f__Coriobacteriales_Incertae_Sedis; g__Incertae_Sedis	0.9995557965941883
af33f675bc2c83c70e7bce594a6ec430	d__Bacteria; p__Bacillota; c__Clostridia; o__Lachnospirales; f__Lachnospiraceae	0.9999202170962216
afa31e4f415be2e0c86b13a1ed4eeac6	d__Bacteria; p__Bacteroidota; c__Bacteroidia; o__Bacteroidales; f__Porphyromonadaceae; g__Porphyromonas	0.9956064797403485
ec8d7927c4da77db2c1d27f0aa3fc489	d__Bacteria; p__Bacteroidota; c__Bacteroidia; o__Bacteroidales; f__Tannerellaceae; g__Parabacteroides	0.999988566745178
c20518d0ef0835b8a517591404ee7ad1	d__Bacteria; p__Verrucomicrobiota; c__Lentisphaeria; o__Victivallales; f__Victivallaceae; g__Victivallis	0.9999966730286821
05835df66551852256dc317068a2b0fe	d__Bacteria; p__Bacillota; c__Clostridia; o__Lachnospirales; f__Lachnospiraceae; g__Fusicatenibacter	0.8806185200227532
0fde0fb842e1f4ab7f0ba9167f7d92d7	d__Bacteria; p__Bacillota; c__Clostridia; o__Oscillospirales; f__Ruminococcaceae; g__Incertae_Sedis	0.7307554140889957
b8fb99c1b11f6ef231abb859c862657f	d__Bacteria; p__Pseudomonadota; c__Gammaproteobacteria; o__Enterobacterales; f__Pasteurellaceae; g__Aggregatibacter	0.9997950534018392
2febe6fedbe6e0675e6978537d158a97	d__Bacteria; p__Bacillota; c__Clostridia; o__Oscillospirales; f__Oscillospiraceae	0.999893658182482
61fff69d51ae036f7ab547fee0e25210	d__Bacteria; p__Bacillota; c__Clostridia; o__Lachnospirales; f__Lachnospiraceae	0.9938151209697281
05f129afecc0b23a6b112d69e00abc82	d__Bacteria; p__Bacillota; c__Clostridia; o__Lachnospirales; f__Lachnospiraceae	0.9999990189708197
5d72017d3932b14e195778d317f13ada	d__Bacteria; p__Bacillota; c__Clostridia; o__Lachnospirales; f__Lachnospiraceae	0.9991202434946787
a316c4d4c0df0504d5900696a5c397b5	d__Bacteria; p__Bacillota; c__Clostridia; o__Lachnospirales; f__Lachnospiraceae	0.9999311411175302
26db71cdde1076e46b1a77fc938e332b	d__Bacteria; p__Bacillota; c__Clostridia; o__Oscillospirales; f__Ruminococcaceae; g__Acutalibacter	0.9809526161206059
c5f3b1430551261bd390d729a9b63b49	d__Bacteria; p__Bacillota; c__Clostridia; o__Lachnospirales; f__Lachnospiraceae; g__Blautia	0.9158302971987501
2e3228b942dffdb06ec3ee64f91025f8	d__Bacteria; p__Bacillota; c__Bacilli; o__Lactobacillales; f__Lactobacillaceae; g__Limosilactobacillus	0.9791553999367374
7ebd38a1fcc8cfd704eb55729a944eb6	d__Bacteria; p__Bacillota; c__Clostridia; o__Christensenellales; f__Christensenellaceae; g__Christensenellaceae_R-7_group	0.998616632396363
75b1a986042b62d0908f2c5168009b13	d__Bacteria; p__Bacillota; c__Clostridia; o__Lachnospirales; f__Lachnospiraceae; g__Sellimonas	0.7421326522694018
fd4e3c26254d8e726475b5e7b371e22d	d__Bacteria; p__Bacillota; c__Clostridia; o__Oscillospirales; f__Ruminococcaceae; g__Incertae_Sedis	0.8626258987760691
40c4b6b8cd3e8cdd07e42f44ca2055e3	d__Bacteria; p__Bacteroidota; c__Bacteroidia; o__Bacteroidales; f__Prevotellaceae; g__Segatella	0.9993700680997714
e2464cec08af535a2311c1d51353a3b3	d__Bacteria; p__Pseudomonadota; c__Gammaproteobacteria; o__Enterobacterales; f__Enterobacteriaceae; g__Escherichia-Shigella	0.9995768724949542
136346d4f9a9ed974926960ecb5a6e35	d__Bacteria; p__Bacteroidota; c__Bacteroidia; o__Bacteroidales; f__Bacteroidaceae; g__Bacteroides	0.9999366631913187
96b365a6e42421f8d3f86ce6f2c3e52b	d__Bacteria; p__Bacillota; c__Clostridia; o__Lachnospirales; f__Lachnospiraceae; g__Blautia	0.9579859467770513
ed995de2872df21637e1cfe6acc5c736	d__Bacteria; p__Bacillota; c__Negativicutes; o__Veillonellales-Selenomonadales; f__Veillonellaceae; g__Allisonella	0.9999814640387947
dbac9552ca8a5a89bcf6b3ce3c5b2636	d__Bacteria; p__Bacteroidota; c__Bacteroidia; o__Bacteroidales; f__Marinifilaceae; g__Butyricimonas	0.9999998692303308
b79fb86fb5aaba4cbef8c67f68ccce18	d__Bacteria; p__Bacteroidota; c__Bacteroidia; o__Bacteroidales; f__Tannerellaceae; g__Parabacteroides	0.9999972221198236
0a4320c9a290c44ad932080797d2656e	d__Bacteria; p__Bacillota; c__Clostridia; o__Lachnospirales; f__Lachnospiraceae; g__Anaerostipes	0.7232565169341354
7b8ba444f441c84789ba7aa0007470c8	Unassigned	0.48675145797894137
63ec627e2ab30875662f32bc44efcaea	d__Bacteria; p__Bacillota; c__Negativicutes; o__Acidaminococcales; f__Acidaminococcaceae; g__Phascolarctobacterium	0.9999999999812985
3431f3b936ede3f42c3e2f10212057af	d__Bacteria; p__Bacillota; c__Clostridia; o__Lachnospirales; f__Lachnospiraceae	0.9998889222864851
f34ed22bf76ce5608a1f7200afe49e4e	d__Bacteria; p__Actinomycetota; c__Actinobacteria; o__Bifidobacteriales; f__Bifidobacteriaceae; g__Bifidobacterium	0.999999708967891
5b52bcc30b1baafd9892dfa307cbab86	d__Bacteria; p__Bacillota; c__Negativicutes; o__Acidaminococcales; f__Acidaminococcaceae; g__Phascolarctobacterium	0.9999999996995825
7ba4f98a90ee16bd123dd80d03a4be58	d__Bacteria; p__Bacteroidota; c__Bacteroidia; o__Bacteroidales; f__Bacteroidaceae; g__Bacteroides	0.9999588004444705
d32523f4ac06cc97fb33a117cf7fa193	d__Bacteria; p__Fusobacteriota; c__Fusobacteriia; o__Fusobacteriales; f__Fusobacteriaceae; g__Fusobacterium	0.9997902858706684
a7b2d595f39b5e95a60aec91c27ee5a4	d__Bacteria; p__Bacillota; c__Clostridia; o__Lachnospirales; f__Lachnospiraceae	0.9977752771387178
8d21a8d8c818b2e389b6868ac2ff49de	d__Bacteria; p__Bacteroidota; c__Bacteroidia; o__Bacteroidales; f__Bacteroidaceae; g__Bacteroides	0.9999696177991181
236197043e51b61d2d9d0f36dde31239	d__Bacteria; p__Bacteroidota; c__Bacteroidia; o__Bacteroidales; f__Rikenellaceae; g__Alistipes	0.9998068392678134
d8d87c97cf4a31c54416690d3eb4a6f8	d__Bacteria; p__Bacillota; c__Clostridia	0.9998956595826726
e43959e5b53dda20aeb52a7b12ced06f	d__Bacteria; p__Bacillota; c__Negativicutes; o__Veillonellales-Selenomonadales; f__Veillonellaceae; g__Dialister	0.9836471249727287
3b8b2ccbb725fd442342b75658d831c6	d__Bacteria; p__Bacteroidota; c__Bacteroidia; o__Bacteroidales; f__Tannerellaceae; g__Parabacteroides	0.9907717433118678
70595d24f0e55aacc9815991324b6f96	d__Bacteria; p__Bacillota; c__Clostridia; o__Oscillospirales; f__Ruminococcaceae; g__Ruminococcus	0.9659003294837037
11d9795b3a007c7d014a95ba4a80f405	Unassigned	0.33001677656623407
be8cee19e9b21e9d6060b4472dadc74c	d__Bacteria; p__Bacillota; c__Clostridia; o__Lachnospirales; f__Lachnospiraceae	0.8110524759054731
a371bfdc341f29ad2fd03ad750565095	d__Bacteria; p__Bacteroidota; c__Bacteroidia; o__Bacteroidales; f__Marinifilaceae; g__Butyricimonas	0.9999999795497134
5cb7e9d81be2d291233d7659525ec1c0	d__Archaea; p__Methanobacteriota; c__Methanobacteria; o__Methanobacteriales; f__Methanobacteriaceae; g__Methanobrevibacter	0.99999473280778
f555c3d734e1b95e746ee1eb552d5478	d__Bacteria; p__Bacillota; c__Clostridia; o__Oscillospirales; f__Oscillospiraceae; g__NK4A214_group	0.9998194065642977
12cd0ab3f0d2da20d4e5055b0cefbd9d	d__Bacteria; p__Bacillota; c__Clostridia; o__Lachnospirales; f__Lachnospiraceae	0.9999043142618838
842e650f6bf8dae5128be446bd8048b2	d__Bacteria; p__Pseudomonadota; c__Gammaproteobacteria; o__Burkholderiales; f__Neisseriaceae; g__Eikenella	0.9974959823147016
e06006bf047531fb6ff32ddb1368b5ea	d__Bacteria; p__Bacillota; c__Clostridia; o__Lachnospirales; f__Lachnospiraceae	0.9999995615873758
320a72b33ab2e2d71fb5306c54908c79	d__Bacteria; p__Bacillota; c__Clostridia; o__Clostridiales; f__Clostridiaceae; g__Clostridium	0.9972267433426072
c2a88acec30e100de30eb963b4d9a8e0	d__Bacteria; p__Bacillota; c__Clostridia; o__Oscillospirales; f__Ruminococcaceae; g__Acutalibacter	0.9997934416664026
0870c2947c257f0c7acc46404cc114a7	d__Bacteria; p__Bacteroidota; c__Bacteroidia; o__Bacteroidales; f__Barnesiellaceae; g__Coprobacter	0.999999997214104
c91ab84709206523a3bf108340a7c286	d__Bacteria; p__Pseudomonadota; c__Gammaproteobacteria; o__Enterobacterales; f__Enterobacteriaceae; g__Escherichia-Shigella	0.9991755801182365
95fbd86f60def5b7c04cb330b470ca81	d__Bacteria; p__Bacteroidota; c__Bacteroidia; o__Bacteroidales; f__Barnesiellaceae; g__Incertae_Sedis	0.9999946218042156
106f2409a11d3422955be80c23ba3a66	d__Bacteria; p__Bacteroidota; c__Bacteroidia; o__Bacteroidales; f__Prevotellaceae	0.9999999325398654
61cb0682dd28fc7f38f8c402f380ec50	d__Bacteria; p__Bacillota; c__Bacilli; o__Erysipelotrichales; f__Erysipelotrichaceae; g__Holdemania	0.9999797703065108
8b4df54634b55c5c2f3216e344cced4a	d__Bacteria; p__Bacillota; c__Bacilli; o__Lactobacillales; f__Lactobacillaceae; g__Lactobacillus	0.980812401454722
1a7760a7b901ab69e3b456c3f34f3bed	d__Bacteria; p__Bacteroidota; c__Bacteroidia; o__Bacteroidales; f__Prevotellaceae; g__Prevotella	0.9762616424993164
4bbb99fe50535005aed8b067fa246fdf	d__Bacteria; p__Bacillota; c__Clostridia; o__Lachnospirales; f__Lachnospiraceae; g__Lachnospiraceae_UCG-004	0.7386296794010939
02e0daa033d5c801f32e0156ef474b89	d__Bacteria; p__Bacillota; c__Clostridia; o__Lachnospirales; f__Lachnospiraceae	0.9999912832968634
311577ae7a4298a967d118ff85c1a0e8	d__Bacteria; p__Bacillota; c__Clostridia; o__Lachnospirales; f__Lachnospiraceae	0.9999994529358792
b25a4d61a28307f7e2fe8fe3729125bd	d__Bacteria; p__Bacillota; c__Bacilli; o__Staphylococcales; f__Gemellaceae; g__Gemella	0.9999998685779532
06128c90d08b93ab3b69ad376a302484	d__Bacteria; p__Bacteroidota; c__Bacteroidia; o__Bacteroidales; f__Prevotellaceae; g__Incertae_Sedis	0.9999549317639199
7b271824cb54c6f595c3d7ba8b6f8909	d__Bacteria; p__Bacteroidota; c__Bacteroidia; o__Bacteroidales; f__Bacteroidaceae; g__Bacteroides	0.9978272351404712
9b8727b84946df7e0cde1697004eb913	d__Bacteria; p__Bacillota; c__Clostridia; o__Peptostreptococcales-Tissierellales; f__Peptostreptococcaceae; g__Peptostreptococcus	0.9999999828520744
0f0630ec7b34571ae282dc72c1094f37	d__Bacteria; p__Bacteroidota; c__Bacteroidia; o__Bacteroidales; f__Prevotellaceae	0.9999999544143838
3d38db977dbe6eefd69a8bfb306570ba	d__Bacteria; p__Bacillota; c__Clostridia; o__Lachnospirales; f__Lachnospiraceae	0.9991790605195977
72330ad987e0b1fb3ea5c02b7fb126de	d__Bacteria; p__Bacillota; c__Bacilli; o__Lactobacillales; f__Streptococcaceae; g__Streptococcus	0.9997332802911868
903038aff4cd95301e0fe5a396791382	d__Bacteria; p__Bacteroidota; c__Bacteroidia; o__Bacteroidales; f__Bacteroidaceae; g__Bacteroides	0.9998380675490124
36103b7fd1489cb94107c55d7403eb84	d__Bacteria; p__Bacillota; c__Clostridia; o__Lachnospirales; f__Lachnospiraceae	0.9999874852507388
070b3011d8bbf32561e77a19882f97e1	d__Bacteria; p__Bacillota; c__Clostridia; o__Oscillospirales; f__Oscillospiraceae; g__UCG-005	0.9928390011805521
5b329eeaaaa32fd7bb0e530c02ca8bda	d__Bacteria; p__Bacillota; c__Clostridia; o__Lachnospirales; f__Lachnospiraceae	0.9946557315093233
c782fca408e43b9b1fa4b7de75b3054d	d__Bacteria; p__Bacillota; c__Clostridia; o__Clostridia_UCG-014; f__Incertae_Sedis; g__Incertae_Sedis	0.9999999999974705
f27bd88fadd63cf0cb1c0dbbf43ea435	d__Bacteria; p__Verrucomicrobiota; c__Lentisphaeria; o__Victivallales; f__vadinBE97; g__Incertae_Sedis	0.9999999999896119
29b7a09c1c2d166682068306cea8bfd9	d__Bacteria; p__Bacteroidota; c__Bacteroidia; o__Bacteroidales; f__Prevotellaceae; g__Prevotellaceae_UCG-001	0.9914082806633902
a4791ae0a45ba4cb1449a14df84ce310	d__Bacteria; p__Bacteroidota; c__Bacteroidia; o__Bacteroidales; f__Marinifilaceae; g__Butyricimonas	0.9999999193496084
466e728bb681350d0b94a9e504fc4b58	d__Eukaryota	0.7973314661472557
8b9143a0b9198007ca9168ccd3b36cc6	d__Bacteria; p__Bacillota; c__Clostridia; o__Lachnospirales; f__Lachnospiraceae	0.9999956142327115
e73bfae924256eb12739fa800952f2d8	d__Bacteria; p__Bacillota; c__Clostridia; o__Lachnospirales; f__Lachnospiraceae; g__[Eubacterium]_ventriosum_group	0.9999029446404845
b639f298eb129f2d761404819ba184d8	d__Bacteria; p__Bacteroidota; c__Bacteroidia; o__Bacteroidales; f__Prevotellaceae; g__Prevotellaceae_UCG-003	0.999858967453552
751568b6f3a1af1075bf156a86a2744f	d__Bacteria; p__Bacteroidota; c__Bacteroidia; o__Bacteroidales; f__Prevotellaceae	0.999999966423511
3956f985c14eb02ddbd468c6d8ee51a7	d__Bacteria; p__Bacillota; c__Clostridia; o__Oscillospirales; f__Ruminococcaceae; g__[Eubacterium]_siraeum_group	0.9999997558225019
6a5a2f426db379499e2dc9214f03997a	d__Bacteria; p__Bacillota; c__Clostridia; o__Peptostreptococcales-Tissierellales; f__Family_XI; g__Peptoniphilus	0.9897249367095482
60dfc32c2eeab170a5e0309daeda7fe2	d__Bacteria; p__Bacillota; c__Bacilli; o__Lactobacillales; f__Lactobacillaceae; g__Limosilactobacillus	0.9907582082195401
e5949d0b63c9a446737f3840b7bcecf6	d__Bacteria; p__Bacillota; c__Clostridia; o__Clostridiales; f__Clostridiaceae; g__Clostridium	0.9528071302709761
1bd8e3b91ec99000e7b124ec04646e02	d__Bacteria; p__Bacillota; c__Clostridia; o__Lachnospirales; f__Lachnospiraceae	0.9999861970797845
98c3bc4133db7218d28e54212eca9306	d__Bacteria; p__Bacillota; c__Clostridia; o__Lachnospirales; f__Lachnospiraceae; g__Blautia	0.9395688582579473
8351be0dcd86d91720adecef28c65697	d__Bacteria; p__Bacillota; c__Clostridia; o__Oscillospirales; f__Ruminococcaceae	0.9998363622654358
363a6424c59cb506f1357cbf6f375e4d	d__Bacteria; p__Bacillota; c__Clostridia; o__Lachnospirales; f__Lachnospiraceae; g__Enterocloster	0.9109306924995225
9928e80cb6ef4b3663bf47928b4ae636	d__Bacteria; p__Bacteroidota; c__Bacteroidia; o__Bacteroidales; f__Rikenellaceae; g__Rikenellaceae_RC9_gut_group	0.9999888261557568
eae3c359e106a5c2cddbb1b34c425eb5	d__Bacteria; p__Bacteroidota; c__Bacteroidia; o__Bacteroidales; f__Prevotellaceae; g__Segatella	0.998485672969034
010d85859a24b925137438aed8830270	d__Bacteria; p__Pseudomonadota; c__Gammaproteobacteria; o__Burkholderiales; f__Sutterellaceae; g__Sutterella	0.9999934834101813
ae58db16065fc66b8b04246a80fa46ee	d__Bacteria; p__Bacteroidota; c__Bacteroidia; o__Bacteroidales; f__Bacteroidaceae; g__Bacteroides	0.9999830910228809
bd2f33804515d9f7d3be1d50e7b43d2c	Unassigned	0.6292430406877325
44799507bc9de188b690a5d7ac78b150	d__Bacteria; p__Bacillota; c__Clostridia; o__Oscillospirales; f__Ruminococcaceae	0.9708166353896314
9045847e9f989fa38f4278f581039e98	d__Bacteria; p__Synergistota; c__Synergistia; o__Synergistales; f__Synergistaceae; g__Cloacibacillus	0.9998945090284419
d797fb3ae9c768fc78fbcb7ce555fc1e	d__Bacteria; p__Bacillota; c__Negativicutes; o__Veillonellales-Selenomonadales; f__Veillonellaceae; g__Negativicoccus	0.999990629104853
283b706695a2223b1338ab312c79e1a5	d__Bacteria; p__Fusobacteriota; c__Fusobacteriia; o__Fusobacteriales; f__Fusobacteriaceae; g__Fusobacterium	0.9999999998776161
cedbb4883124f0002b3e6053d47b87a3	d__Bacteria; p__Pseudomonadota; c__Gammaproteobacteria; o__Burkholderiales; f__Sutterellaceae; g__Sutterella	0.99970318682032
554fc6ed9972cde2a2a9cee6bd927cd4	d__Bacteria; p__Bacillota; c__Clostridia; o__Oscillospirales; f__Ruminococcaceae; g__Faecalibacterium	0.9985475446526747
a8e70ba86bd91a236f2581c32301e93f	d__Bacteria; p__Bacillota; c__Clostridia; o__Lachnospirales; f__Lachnospiraceae; g__Blautia	0.7099343782272016
def1a3bb32f45c7acb212d2188cd0304	d__Bacteria; p__Bacteroidota; c__Bacteroidia; o__Bacteroidales; f__Bacteroidaceae; g__Bacteroides	0.9982111221240361
a6332a952c3f549648903fe60b623957	d__Bacteria; p__Bacillota; c__Clostridia; o__Lachnospirales; f__Lachnospiraceae	0.9969866667546297
697d48e016678281b1ea31f563347324	d__Bacteria; p__Bacillota; c__Clostridia; o__Lachnospirales; f__Lachnospiraceae; g__Lachnospiraceae_UCG-003	0.9469888298635852
fd72981c164c12593588af3adac4cd37	d__Bacteria; p__Bacillota; c__Clostridia; o__Peptostreptococcales-Tissierellales; f__Anaerovoracaceae; g__S5-A14a	0.9999987078325283
13476386128b2126235b67acbdba5db3	d__Bacteria; p__Bacillota; c__Clostridia; o__Lachnospirales; f__Lachnospiraceae	0.9998110936505353
230d2a9da54274650be3ec02425f51d0	d__Bacteria; p__Bacillota; c__Clostridia; o__Oscillospirales; f__Ruminococcaceae; g__Faecalibacterium	0.9999890125353608
4668f6bbb1cb3574cd5555ad59c6af9e	d__Bacteria; p__Bacillota; c__Clostridia; o__Peptostreptococcales-Tissierellales; f__Family_XI; g__Peptoniphilus	0.9997121534828526
8c941fdd453efec1fea7b1795f01ae4f	d__Bacteria; p__Bacillota; c__Clostridia; o__Lachnospirales; f__Lachnospiraceae; g__Lachnospiraceae_UCG-008	0.9350316893948646
1cb682d8f9b241602cd0dda7960b49b9	d__Bacteria; p__Bacillota; c__Clostridia; o__Lachnospirales; f__Lachnospiraceae	0.9997233997206816
1aa01f17fc6741a1a04a87d043d33d3d	d__Bacteria; p__Bacillota; c__Clostridia; o__Lachnospirales; f__Lachnospiraceae; g__Enterocloster	0.8852841991513783
d4d58a332090df9c3cbf43d607dc5976	d__Bacteria; p__Bacteroidota; c__Bacteroidia; o__Bacteroidales; f__Tannerellaceae; g__Parabacteroides	0.9999999382296371
e010e3190bd169c2d79f3c5bc9f18bd2	d__Bacteria; p__Bacteroidota; c__Bacteroidia; o__Bacteroidales; f__Tannerellaceae; g__Parabacteroides	0.9998595931769546
4578e4304618803ea79031388e763b4a	d__Bacteria; p__Actinomycetota; c__Actinobacteria; o__Bifidobacteriales; f__Bifidobacteriaceae; g__Bifidobacterium	0.9999999285928308
8a7adb9a8703acb4609b6d7993622735	d__Bacteria; p__Bacillota; c__Clostridia; o__Lachnospirales; f__Lachnospiraceae	0.9999982347315124
8e97e6ac06fdb75884cbaf292bab87ab	d__Bacteria; p__Bacteroidota; c__Bacteroidia; o__Bacteroidales; f__Marinifilaceae; g__Odoribacter	0.9999999953436998
c75c93fe45e1a44968c5e687248be1ff	d__Bacteria; p__Bacteroidota; c__Bacteroidia; o__Bacteroidales; f__Prevotellaceae; g__Hoylesella	0.9629452089912683
6b802c173509a115f28976882e32697f	d__Bacteria; p__Bacillota; c__Bacilli; o__Lactobacillales; f__Lactobacillaceae; g__Ligilactobacillus	0.9999761146471025
2b6d5f201d560bcfe9b7468ed334b11d	d__Bacteria; p__Bacillota; c__Clostridia; o__Lachnospirales; f__Lachnospiraceae; g__Blautia	0.9039786007465891
ccc2110fcd84103c355c6a9929ef123e	d__Bacteria; p__Bacillota; c__Negativicutes; o__Acidaminococcales; f__Acidaminococcaceae; g__Phascolarctobacterium	0.99999999419137
2d1b2c043e45c58d676c7d536f35e796	d__Bacteria; p__Bacillota; c__Clostridia; o__Lachnospirales; f__Lachnospiraceae	0.999971881476198
22d5b73402fd070071eb4a0a9d807746	d__Bacteria; p__Bacteroidota; c__Bacteroidia; o__Bacteroidales; f__Rikenellaceae; g__Rikenellaceae_RC9_gut_group	0.9999723345610475
6b3b9e0365fa948ee7c8e84c7607dd38	d__Bacteria; p__Bacillota; c__Clostridia; o__Oscillospirales; f__Ruminococcaceae	0.9999993590712906
c9438440c2abd8c0cc64ba43cbf77c7a	d__Bacteria; p__Thermodesulfobacteriota; c__Desulfovibrionia; o__Desulfovibrionales; f__Desulfovibrionaceae; g__Bilophila	0.9999998491684721
36ac6ffb84223fce44d4faff39835999	d__Bacteria; p__Bacteroidota; c__Bacteroidia; o__Bacteroidales; f__Tannerellaceae; g__Parabacteroides	0.9999995339828678
4f584bc2dcde424fcac99dc752d784b8	d__Bacteria; p__Bacteroidota; c__Bacteroidia; o__Bacteroidales; f__Bacteroidaceae; g__Bacteroides	0.9999979494680806
fb2590b4a4ad5285c743b84a5fb3d6e5	d__Bacteria; p__Bacteroidota; c__Bacteroidia; o__Bacteroidales; f__Prevotellaceae; g__Leyella	0.9995241808808902
35f8444acb7a3e45498ed8c66f628def	d__Bacteria; p__Bacillota; c__Clostridia; o__Lachnospirales; f__Lachnospiraceae	0.9981218801264489
59fb210561d80c1fbb3e09197102e5af	d__Bacteria; p__Pseudomonadota; c__Gammaproteobacteria; o__Burkholderiales; f__Sutterellaceae; g__Sutterella	0.9995068059902122
a1163ce61df68a5af85cea39c67dce4d	d__Bacteria; p__Bacteroidota; c__Bacteroidia; o__Bacteroidales; f__Tannerellaceae; g__Parabacteroides	0.9783737495088819
15b06368dcdc30cf34bc4ea1f24a9fde	d__Bacteria; p__Bacillota; c__Bacilli; o__Lactobacillales; f__Streptococcaceae; g__Streptococcus	0.9794705567972047
0394df53140fd3e8fcc04ea94df08111	d__Bacteria; p__Bacillota; c__Clostridia; o__Lachnospirales; f__Lachnospiraceae	0.9999346682602942
004867afde0ad04589887a9bf202d976	Unassigned	0.5826217244237586
26b792f22d5dbc847ba0d95d4f938282	d__Bacteria; p__Bacillota; c__Bacilli; o__Erysipelotrichales; f__Erysipelotrichaceae; g__Faecalitalea	0.9430839582256438
c5d001e72e2d4fcf168de5e4b1102ba8	d__Bacteria; p__Pseudomonadota; c__Gammaproteobacteria; o__Enterobacterales; f__Pasteurellaceae; g__Haemophilus	0.9907882837505158
1b254be8c71243dd6af0ebc7871236c7	d__Bacteria; p__Bacillota; c__Clostridia; o__Lachnospirales; f__Lachnospiraceae	0.9999945145999378
91d370e1473802a0467253236bafb94c	d__Bacteria; p__Bacillota; c__Clostridia; o__Lachnospirales; f__Lachnospiraceae	0.9999975786177616
b10916cf03e59d56708351316ce288f3	d__Bacteria; p__Bacteroidota; c__Bacteroidia; o__Bacteroidales; f__Rikenellaceae; g__Alistipes	0.999992776505364
5ca4c2116c10b425752fd3823bcce2ef	d__Bacteria; p__Bacillota; c__Clostridia; o__Lachnospirales; f__Lachnospiraceae	0.999996726443194
0c9089a00591c0b68298cb814117bbcb	d__Bacteria; p__Pseudomonadota; c__Gammaproteobacteria; o__Burkholderiales; f__Sutterellaceae; g__Sutterella	0.9999167242606268
8f818370dd231da96b5275b464eb6407	d__Bacteria; p__Bacteroidota; c__Bacteroidia; o__Bacteroidales; f__Bacteroidaceae; g__Bacteroides	0.9613131651443277
4236c3b03695537dbce16df2d73c9a70	d__Bacteria; p__Pseudomonadota; c__Gammaproteobacteria; o__Burkholderiales; f__Sutterellaceae; g__Sutterella	0.9999919345190709
a706ff8d8d7193f8db9c8f4c93f93c08	d__Bacteria; p__Bacteroidota; c__Bacteroidia; o__Bacteroidales; f__Barnesiellaceae; g__Coprobacter	0.9992325522417848
de29b0b6bd210877d603b91b40854d48	d__Bacteria; p__Bacillota; c__Negativicutes; o__Acidaminococcales; f__Acidaminococcaceae; g__Phascolarctobacterium	0.9999999997268105
6152f8da5b681a8ab3339e5147061528	d__Bacteria; p__Bacillota; c__Clostridia; o__Lachnospirales; f__Lachnospiraceae; g__Enterocloster	0.9834373671938424
a2f84db668796f7599149d9e7ff69117	d__Bacteria; p__Bacillota; c__Clostridia; o__Oscillospirales	0.9994185896408266
60b5de8a37f942a3529b5001ce281f48	d__Bacteria; p__Bacteroidota; c__Bacteroidia; o__Bacteroidales; f__Barnesiellaceae; g__Barnesiella	0.9999967734706031
a33daa8bc0fa6add5388880da90b88d4	d__Bacteria; p__Pseudomonadota; c__Gammaproteobacteria; o__Enterobacterales; f__Enterobacteriaceae	0.8549758995102728
ca75912b271da86a3282c3dfd9fe6902	d__Bacteria; p__Bacillota; c__Clostridia; o__Oscillospirales; f__Ruminococcaceae; g__Faecalibacterium	0.999991920022965
d79225cad310b53ff26cb332d8abae82	d__Bacteria; p__Bacillota; c__Clostridia; o__Peptostreptococcales-Tissierellales; f__Family_XI; g__Anaerococcus	0.9999999999998863
0995e643cbe96e402d1e3d2c8ddb9ab3	d__Bacteria; p__Bacillota; c__Negativicutes; o__Acidaminococcales; f__Acidaminococcaceae; g__Phascolarctobacterium	0.9971543169898335
469d4cd3d318eea42850f266cc7478d8	d__Bacteria; p__Bacillota; c__Clostridia; o__Oscillospirales; f__Oscillospiraceae; g__Oscillospira	0.9603992981595042
2256fa44bdf468ec3ff8748316c65480	d__Bacteria; p__Bacteroidota; c__Bacteroidia; o__Bacteroidales; f__Bacteroidaceae; g__Bacteroides	0.999996173640712
fc942d3830cacd82654ec4c4f2682837	d__Bacteria; p__Pseudomonadota; c__Gammaproteobacteria; o__Burkholderiales; f__Sutterellaceae; g__Parasutterella	0.9980683887494571
a94d6e642a63cf368faf57084126bf0e	d__Bacteria; p__Bacillota; c__Clostridia; o__Lachnospirales; f__Lachnospiraceae	0.9999752319513345
f8b6b39126c1972618750115790c88e1	d__Bacteria; p__Pseudomonadota; c__Gammaproteobacteria; o__Burkholderiales; f__Sutterellaceae; g__Parasutterella	0.9992238258737769
5e338b1b942e2294f31b29e131f66181	d__Bacteria; p__Bacteroidota; c__Bacteroidia; o__Bacteroidales; f__Bacteroidaceae; g__Bacteroides	0.963002280998899
86914bc60938fa3cab304efa9778a2e8	d__Bacteria; p__Pseudomonadota; c__Gammaproteobacteria; o__Burkholderiales; f__Sutterellaceae; g__Parasutterella	0.9928512384245145
d1a07397859e099c5ef44ac9461d6f67	d__Bacteria; p__Bacillota; c__Bacilli; o__Lactobacillales; f__Streptococcaceae; g__Streptococcus	0.9984385450225046
d261aea70caeafc9027072ec34339e64	d__Bacteria; p__Bacillota; c__Clostridia; o__Lachnospirales; f__Lachnospiraceae; g__[Eubacterium]_xylanophilum_group	0.8057796124029281
71fcf55f5d78d72e4d9ef541a02670d3	d__Bacteria; p__Bacillota; c__Bacilli; o__Lactobacillales; f__Streptococcaceae; g__Streptococcus	0.9999916682149812
796ae77dcb307c51b4daeda9b26f494c	d__Bacteria; p__Thermodesulfobacteriota; c__Desulfovibrionia; o__Desulfovibrionales; f__Desulfovibrionaceae; g__Desulfovibrio	0.9993317361062702
df8b5eea6929a340ce2d62d876d21ea2	Unassigned	0.6603719819086786
a4b73b2916ff4d61c1a8995fb18627b1	d__Bacteria; p__Bacillota; c__Bacilli; o__Erysipelotrichales; f__Erysipelotrichaceae; g__Amedibacillus	0.999626214520382
eeb42f26e3e34ab2a71e9c1cb970662e	d__Bacteria; p__Bacillota; c__Clostridia; o__Lachnospirales; f__Lachnospiraceae	0.9999934803104087
f7456c4e522696c02ee8cf1f68d07d14	d__Bacteria; p__Pseudomonadota; c__Gammaproteobacteria; o__Burkholderiales; f__Sutterellaceae; g__Sutterella	0.9995623667254144
571e068fc02e90dec68b99126e6ae417	d__Bacteria; p__Bacillota; c__Clostridia; o__Oscillospirales; f__Ruminococcaceae; g__Faecalibacterium	0.9999987713002002
381fc46f07c2062af6f3564cb1a1d91f	d__Bacteria; p__Bacillota; c__Clostridia; o__Lachnospirales; f__Lachnospiraceae	0.9764244893849079
2e1de6f0fd173162e5b1e89b0c198ec1	d__Bacteria; p__Bacteroidota; c__Bacteroidia; o__Bacteroidales; f__Prevotellaceae; g__Segatella	0.9994391733611732
6d4b1e50a0cc375ddcfc4acf0f03d157	d__Bacteria; p__Bacillota; c__Clostridia; o__Oscillospirales; f__Oscillospiraceae; g__Oscillospira	0.9426681652739056
3ff931558a645d688569103cf200f9f2	d__Bacteria; p__Bacillota; c__Clostridia; o__Oscillospirales; f__Ruminococcaceae; g__Faecalibacterium	0.999995934418302
b397890e4a458f0f49782cfafd9e22af	d__Bacteria; p__Bacillota; c__Clostridia; o__Lachnospirales; f__Lachnospiraceae; g__Lachnospiraceae_UCG-004	0.9503955383402638
32411d9e14262ca7fd8622fbd5fa826f	d__Bacteria; p__Bacillota; c__Clostridia; o__Lachnospirales; f__Lachnospiraceae; g__Mediterraneibacter	0.9831586014480999
f49b807b14580619ca871d0d3c4d4a02	d__Bacteria; p__Bacillota; c__Clostridia; o__Oscillospirales; f__Oscillospiraceae; g__Oscillibacter	0.9713369314580254
47e1d00fd4451d02325b6a48bb7d4fc5	d__Bacteria; p__Bacillota; c__Clostridia; o__Lachnospirales; f__Lachnospiraceae	0.9999982916793348
e3aa78695b4520e3cd12492c9148f3d0	d__Bacteria; p__Bacillota; c__Clostridia; o__Lachnospirales; f__Lachnospiraceae; g__Mediterraneibacter	0.8786991232506279
3292e949fff6aa74ce279d887f96e037	d__Bacteria; p__Bacteroidota; c__Bacteroidia; o__Bacteroidales; f__Prevotellaceae; g__Prevotellaceae_NK3B31_group	0.9948198432464871
ffa0ca3495d35e0f550a4ee56402d1fa	d__Bacteria; p__Bacillota; c__Negativicutes; o__Acidaminococcales; f__Acidaminococcaceae; g__Phascolarctobacterium	0.999999999930381
e5ee94387a3958aaf7f24ab199189c23	d__Bacteria; p__Bacillota; c__Clostridia; o__Lachnospirales; f__Lachnospiraceae; g__Lachnospiraceae_UCG-004	0.95842645149718
86cffe0412c8b536aa89559a107e051a	d__Bacteria; p__Bacillota; c__Clostridia; o__Oscillospirales; f__Ruminococcaceae; g__Fournierella	0.9999758474510966
ff6ae288e39497c7e87b98dd98258139	d__Bacteria; p__Bacillota; c__Clostridia; o__Oscillospirales; f__Ruminococcaceae; g__Faecalibacterium	0.9998357160466281
a0e6e38caba6b360798239988a7cb5f2	d__Bacteria; p__Bacillota; c__Clostridia; o__Oscillospirales; f__Ruminococcaceae; g__Faecalibacterium	0.9995211118450704
04b43bffb3f7aaacb7e8aeb8b728134f	d__Bacteria; p__Bacteroidota; c__Bacteroidia; o__Bacteroidales; f__Bacteroidaceae; g__Bacteroides	0.9999898023669105
3b7459765eeccefed161a45814279cd1	d__Bacteria; p__Bacillota; c__Bacilli; o__Izemoplasmatales; f__Incertae_Sedis; g__Incertae_Sedis	0.9999997824930299
d0305cfe420ef48f224dd6bf95ed3158	d__Bacteria; p__Bacteroidota; c__Bacteroidia; o__Bacteroidales; f__Prevotellaceae; g__Prevotellaceae_UCG-001	0.9489318619513655
4d4cf13b079777770809216c6b3fe764	d__Bacteria; p__Bacillota; c__Clostridia; o__Lachnospirales; f__Lachnospiraceae	0.9999717671352848
d6f3cfa3a848d452cd9980898e004737	d__Bacteria; p__Bacillota; c__Clostridia; o__Oscillospirales; f__Ruminococcaceae; g__Faecalibacterium	0.948230722508923
4bae64ab69399c1223c8a08c66eda167	d__Bacteria; p__Bacillota; c__Clostridia; o__Lachnospirales; f__Lachnospiraceae	0.9997964878382068
c5b697b14edac89938b5f871b6c6a693	d__Bacteria; p__Bacillota; c__Negativicutes; o__Acidaminococcales; f__Acidaminococcaceae; g__Phascolarctobacterium	0.9715264037501218
4dfe8f4b476551a65c53cd030246972a	d__Bacteria; p__Bacteroidota; c__Bacteroidia; o__Bacteroidales; f__Prevotellaceae; g__Prevotellaceae_NK3B31_group	0.9999573951541625
dc0ef3e31d8976a0c83286aad87c40d4	d__Bacteria; p__Bacillota; c__Clostridia; o__Oscillospirales; f__Oscillospiraceae; g__Oscillospira	0.9649108680563161
99057a84e11c405f6afc297fe4c2ee1a	d__Bacteria; p__Bacillota; c__Clostridia; o__Lachnospirales; f__Lachnospiraceae; g__Anaerostipes	0.9969885889072346
0ca409858a763d41c25b7157f3719b4b	d__Bacteria; p__Bacillota; c__Negativicutes; o__Veillonellales-Selenomonadales; f__Veillonellaceae; g__Megasphaera	0.9999999780765025
3d3b27c05c7e0ff508687e42f6a0f7a4	d__Bacteria; p__Actinomycetota; c__Coriobacteriia; o__Coriobacteriales; f__Atopobiaceae; g__Coriobacteriaceae_UCG-003	0.8390345701181168
02fdd3287b5ea66bac3c57ad5e87ae45	d__Bacteria; p__Bacillota; c__Clostridia; o__Oscillospirales; f__Ruminococcaceae; g__Faecalibacterium	0.979951734986968
0b8900c622ae35d598db768f74c7ff75	d__Bacteria; p__Bacillota; c__Clostridia; o__Oscillospirales; f__Ruminococcaceae	0.9903763172669752
8829f77c0ce445a22186199bb89d855c	d__Bacteria; p__Bacillota; c__Clostridia; o__Lachnospirales; f__Lachnospiraceae	0.9999740232868128
64bbc956e5e382c305bf99c9817d6142	d__Bacteria; p__Bacillota; c__Clostridia; o__Oscillospirales; f__Ruminococcaceae; g__Faecalibacterium	0.9733948594222498
d360f3ebcdfad08902aa4eae40251551	d__Bacteria; p__Bacillota; c__Clostridia; o__Lachnospirales; f__Lachnospiraceae; g__Frisingicoccus	0.9999634917555041
c72a81edfab4dc2e210349271d5825c3	d__Bacteria; p__Bacillota; c__Clostridia; o__Lachnospirales; f__Lachnospiraceae	0.9999858596845044
102c304b86d6335331ee15aabfc01564	d__Bacteria; p__Pseudomonadota; c__Gammaproteobacteria; o__Burkholderiales; f__Sutterellaceae; g__Sutterella	0.9999983402273916
fabd5b94ec03246b9aacb3a594d4b156	d__Bacteria; p__Pseudomonadota; c__Gammaproteobacteria; o__Enterobacterales; f__Morganellaceae; g__Proteus	0.9989431536605942
eb2cd5f2de1b8eefd974adbe6393d120	d__Bacteria; p__Bacillota; c__Clostridia; o__Oscillospirales; f__Butyricicoccaceae; g__Agathobaculum	0.9998038124626701
42a8749495523917f1ff19114d6f374b	d__Bacteria; p__Bacillota; c__Clostridia; o__Lachnospirales; f__Lachnospiraceae; g__Lachnospiraceae_NC2004_group	0.7311784422326788
bb21fe28603e70cfca1f86508767bafe	d__Bacteria; p__Bacillota; c__Bacilli; o__Erysipelotrichales; f__Erysipelotrichaceae; g__Holdemanella	0.9999478150654367
077c843783fadd42cfe6a10066197fc3	d__Bacteria; p__Bacillota; c__Clostridia; o__Oscillospirales; f__Oscillospiraceae; g__Flavonifractor	0.9604893992420883
fa17e2342f2482c804c5a3479f290364	d__Bacteria; p__Bacteroidota; c__Bacteroidia; o__Bacteroidales; f__Prevotellaceae; g__Segatella	0.999861142035378
8b3d4c3d163779b5f5865e1728c3bed9	d__Bacteria; p__Pseudomonadota; c__Gammaproteobacteria; o__Enterobacterales; f__Morganellaceae; g__Morganella	0.9995060348671899
44b757d97173c92fff21ec9735fb4ff5	d__Bacteria; p__Bacteroidota; c__Bacteroidia; o__Bacteroidales; f__Muribaculaceae; g__Incertae_Sedis	0.9999992320639528
99a53fa731238edef0751b9f4c448431	d__Bacteria; p__Bacillota; c__Negativicutes; o__Veillonellales-Selenomonadales; f__Veillonellaceae; g__Veillonella	0.9999996300853242
2d236266749a5658175569b459b78132	d__Bacteria; p__Bacillota; c__Clostridia; o__Oscillospirales; f__Ruminococcaceae; g__Faecalibacterium	0.9999951709393925
5b56db26527dc36f94703b8f6873b009	d__Bacteria; p__Bacillota; c__Clostridia; o__Lachnospirales; f__Lachnospiraceae	0.9999733347570103
6d1f0335bd5594e8a3151c8e3839c44d	d__Bacteria; p__Bacillota; c__Clostridia; o__Lachnospirales; f__Lachnospiraceae; g__Lachnospiraceae_UCG-004	0.7053819496050797
119cbeefa98e641d45af98cc89009fdb	d__Bacteria; p__Fusobacteriota; c__Fusobacteriia; o__Fusobacteriales; f__Leptotrichiaceae; g__Sneathia	0.9999999965332762
ca1f74f79b7e48e554574aa0861a72e6	d__Bacteria; p__Bacillota; c__Clostridia; o__Christensenellales; f__Christensenellaceae; g__Christensenellaceae_R-7_group	0.9623027888606532
4bbb8d0d0745a61cdd46fabc9c3fb9c0	d__Bacteria; p__Bacillota; c__Negativicutes; o__Acidaminococcales; f__Acidaminococcaceae; g__Phascolarctobacterium	0.9999999866171551
3961cdd2cbd0108b502a296c523e088a	d__Bacteria; p__Bacillota; c__Clostridia; o__Oscillospirales; f__Ruminococcaceae; g__Incertae_Sedis	0.8801508399434662
c2514f5e1df38b134034982a4b729a0e	d__Bacteria; p__Bacteroidota; c__Bacteroidia; o__Bacteroidales; f__Bacteroidaceae; g__Bacteroides	0.9999861721966085
9321fda3d63d5d737c8be2e6bf128ddb	d__Bacteria; p__Bacillota; c__Clostridia; o__Lachnospirales; f__Lachnospiraceae	0.999962509491042
f02b3f5fa0e56fe10f66099e37c3a893	d__Bacteria; p__Bacillota; c__Clostridia; o__Lachnospirales; f__Lachnospiraceae	0.9999999804430801
8ec9f1935add2985abaef8b64ae17ff5	d__Bacteria; p__Bacteroidota; c__Bacteroidia; o__Bacteroidales; f__Rikenellaceae; g__Rikenellaceae_RC9_gut_group	0.9998574866205662
0f10ea7649364010eb3b2cd1ea4bc5ec	d__Bacteria; p__Bacillota; c__Bacilli; o__Erysipelotrichales; f__Erysipelotrichaceae; g__[Clostridium]_innocuum_group	0.9635623026809214
f9d715e6be801fb242600f4a188c952e	d__Bacteria; p__Bacillota; c__Clostridia; o__Lachnospirales; f__Lachnospiraceae	0.9996043445571796
d91cd5ac6bae96a1ec5e8d452b2bfa06	d__Bacteria; p__Bacillota; c__Clostridia; o__Lachnospirales; f__Lachnospiraceae	0.9998758927043387
85da8765cfe6fd5067ef43cf6f29ce9d	d__Bacteria; p__Bacillota; c__Negativicutes; o__Acidaminococcales; f__Acidaminococcaceae; g__Phascolarctobacterium	0.9999990860432659
371ebc26c9331a3084428bcb0ec18f10	d__Bacteria; p__Bacteroidota; c__Bacteroidia; o__Bacteroidales; f__Marinifilaceae; g__Odoribacter	0.9988987482735167
e2095578096e2ded796acdb711bb100a	d__Bacteria; p__Bacteroidota; c__Bacteroidia; o__Bacteroidales; f__Rikenellaceae; g__Alistipes	0.9999207670978475
19243d6c2f6db452b78d13a0bdd45975	Unassigned	0.4816644968892837
548ed05120a995c4c935f7109692c6e7	d__Bacteria; p__Bacillota; c__Clostridia; o__Oscillospirales; f__Oscillospiraceae; g__Colidextribacter	0.9903988358560473
3e11c25145e94dfa0bb3fc843e70ae80	d__Bacteria; p__Bacillota; c__Clostridia; o__Oscillospirales; f__Oscillospiraceae; g__UCG-003	0.8520825571414297
6222588a73a64c59e0c89667d40a88ef	d__Bacteria; p__Pseudomonadota; c__Gammaproteobacteria; o__Pseudomonadales; f__Pseudomonadaceae; g__Pseudomonas	0.9395841113142279
0fcd5ec9299ab54a367460cd78f78c81	d__Bacteria; p__Bacillota; c__Clostridia; o__Lachnospirales; f__Lachnospiraceae; g__Agathobacter	0.9538781206600964
26a2ebfa6060536452a7b68748efea40	d__Bacteria; p__Bacillota; c__Clostridia; o__Lachnospirales; f__Lachnospiraceae; g__Agathobacter	0.8292878803645359
ae9fe413880bd5180d42a925e5c065f6	d__Bacteria; p__Bacillota; c__Clostridia; o__Oscillospirales; f__Butyricicoccaceae; g__Agathobaculum	0.9997909395570586
5294ae02b9eaad9637912062db117a16	d__Bacteria; p__Bacillota; c__Clostridia; o__Lachnospirales; f__Lachnospiraceae; g__Lachnospiraceae_UCG-004	0.9454082686393869
6b89ddbb9b6ad8c644f160fc13349bc4	d__Bacteria; p__Bacillota; c__Clostridia; o__Peptococcales; f__Peptococcaceae; g__Peptococcus	0.9999999948066716
90a765b3157b2f7d071504a1448970e1	d__Bacteria; p__Bacteroidota; c__Bacteroidia; o__Bacteroidales; f__Marinifilaceae; g__Odoribacter	0.9999973868117744
c85c3d487148ec440fc07eaedf85e4f7	d__Bacteria; p__Bacillota; c__Clostridia; o__Lachnospirales; f__Lachnospiraceae	0.9999990062495709
b4d6b7aeabebba7e65159262c4a98f00	d__Bacteria; p__Actinomycetota; c__Actinobacteria; o__Bifidobacteriales; f__Bifidobacteriaceae; g__Gardnerella	0.9999998758989582
bf5680346a99a888b81c0b07d4738c8f	d__Bacteria; p__Bacillota; c__Clostridia; o__Oscillospirales; f__Ruminococcaceae; g__Faecalibacterium	0.9997821815738958
14568e647cf8c9170e07c8a1b3e415db	d__Bacteria; p__Bacteroidota; c__Bacteroidia; o__Bacteroidales; f__Bacteroidaceae; g__Bacteroides	0.9999390997420584
7c603c7c03f8e079638e00dc69e14a8b	Unassigned	0.3922016271397146
b4855d58207decb184b63de934ca1438	d__Bacteria; p__Bacillota; c__Clostridia; o__Lachnospirales; f__Lachnospiraceae; g__Mediterraneibacter	0.9446488000799307
6e668debf7eec61839a37596a06351d1	d__Bacteria; p__Bacillota; c__Negativicutes; o__Veillonellales-Selenomonadales; f__Veillonellaceae; g__Megasphaera	0.999999963155944
ebf594ac18359c6dfc72efaf889f91ae	d__Bacteria; p__Bacillota; c__Clostridia; o__Lachnospirales; f__Lachnospiraceae	0.9999796639213272
6c055ae2575dc937cc94aefa577e393e	d__Bacteria; p__Bacteroidota; c__Bacteroidia	0.9683236986995221
8bd859aae1075af05857cf3f3e8dfd8a	d__Bacteria; p__Bacillota; c__Clostridia; o__Lachnospirales; f__Lachnospiraceae	0.9999446466920177
4e95a2d95fe524b4832cb495fb80144f	d__Bacteria; p__Bacillota; c__Clostridia; o__Lachnospirales; f__Lachnospiraceae; g__Lachnospiraceae_UCG-010	0.999681718667761
aeecae1dc58cac674f1c3560988ecb44	d__Bacteria; p__Bacteroidota; c__Bacteroidia; o__Bacteroidales; f__Rikenellaceae; g__Alistipes	0.9997380822587764
4fd423391bf38ff9e45e42e2963bfd0e	d__Bacteria; p__Bacillota; c__Clostridia; o__Oscillospirales; f__Oscillospiraceae; g__Oscillibacter	0.9731177433005439
4cb4b6315594d3f3e851c0cfbe5e3c41	d__Bacteria; p__Bacteroidota; c__Bacteroidia; o__Bacteroidales; f__Barnesiellaceae; g__Coprobacter	0.9999999989536548
53373d2d3104ff23ec74e115732132d2	d__Bacteria; p__Bacillota; c__Clostridia; o__Lachnospirales; f__Lachnospiraceae; g__[Eubacterium]_eligens_group	0.8980350201776814
0b9cd72b338f5f207c9d46ad1e457294	d__Bacteria; p__Bacillota; c__Clostridia; o__Lachnospirales; f__Lachnospiraceae	0.9994629876368968
2bc96108385d2b7e65883b4982d13498	d__Bacteria; p__Bacteroidota; c__Bacteroidia; o__Bacteroidales; f__Prevotellaceae; g__Leyella	0.9561834059258516
1f3c3b98429c16505fde12bfcacd7816	d__Bacteria; p__Bacillota; c__Clostridia; o__Lachnospirales; f__Lachnospiraceae	0.9999981835652574
50a2e6a140bdf5b585c94c6cb2660fe7	d__Bacteria; p__Pseudomonadota; c__Gammaproteobacteria; o__Enterobacterales; f__Enterobacteriaceae	0.9985178318740493
98d1a02ade2dc40e466828003815d241	d__Bacteria; p__Fusobacteriota; c__Fusobacteriia; o__Fusobacteriales; f__Fusobacteriaceae; g__Fusobacterium	0.9999999981473451
df975be4c21620f454def7652b7b4ce8	d__Bacteria; p__Bacillota; c__Clostridia; o__Oscillospirales; f__[Eubacterium]_coprostanoligenes_group; g__Incertae_Sedis	0.9999868438190723
6b1e6508f9cd81a1e0f22edd70ae5cde	d__Bacteria; p__Bacillota; c__Clostridia; o__Lachnospirales; f__Lachnospiraceae	0.9998830589590567
99cdf2ced2a08bcb3002047fb33b601f	d__Bacteria; p__Bacteroidota; c__Bacteroidia; o__Bacteroidales; f__Prevotellaceae; g__Leyella	0.8191289241805214
e23f6db9ff695f88b470397dae29c853	d__Bacteria; p__Pseudomonadota; c__Gammaproteobacteria; o__Enterobacterales; f__Enterobacteriaceae	0.9553909896682747
d6f07245213eafa787b0d4693e5624c8	d__Bacteria; p__Pseudomonadota; c__Alphaproteobacteria; o__Hyphomicrobiales; f__Rhizobiaceae	0.9899550494015623
a40b657bd7ffd42bca321b776184ebe5	d__Bacteria; p__Bacillota; c__Clostridia	0.8783822404482926
6c317b0dffc92810b118ee202fd93a94	d__Bacteria; p__Bacillota; c__Clostridia; o__Lachnospirales; f__Lachnospiraceae	0.9999974978664073
8d209676058786039d8a232ffdd33d38	d__Bacteria; p__Bacillota; c__Clostridia; o__Lachnospirales; f__Lachnospiraceae	0.9999995218306658
630b162cc074b050e3670240cef0ec38	d__Bacteria; p__Pseudomonadota; c__Gammaproteobacteria; o__Enterobacterales; f__Enterobacteriaceae	0.8507885623003336
7e9ea4e229cf1403a8420c7986962ab1	d__Bacteria; p__Bacillota; c__Clostridia; o__Clostridia_UCG-014; f__Incertae_Sedis; g__Incertae_Sedis	0.9999999999847518
7d5425a3d8a0faa52ffc70503baab113	d__Bacteria; p__Bacillota; c__Clostridia; o__Oscillospirales; f__Ruminococcaceae; g__Ruminococcus	0.9939153649087201
8a20816beba9072c3a8dcf39ca8602ec	d__Bacteria; p__Bacillota; c__Clostridia; o__Lachnospirales; f__Lachnospiraceae	0.9999980207667877
bee0c55f813ba8b12887268fcb7c3ad8	d__Bacteria; p__Bacillota; c__Clostridia; o__Lachnospirales; f__Lachnospiraceae	0.9999472431075723
6816862346346234b93036f3ca695e3b	d__Bacteria; p__Bacillota; c__Clostridia; o__Lachnospirales; f__Lachnospiraceae	0.999939572225006
393c655896ac23f70af4b50d350f1502	d__Bacteria; p__Bacillota; c__Clostridia; o__Lachnospirales; f__Lachnospiraceae	0.9999633445790159
6b62dd3f347ed93aa152efe60ae2dd49	d__Bacteria; p__Bacillota; c__Clostridia; o__Lachnospirales; f__Lachnospiraceae	0.9997503993402718
bd5b56c4121a485d9f70b3d9ae278257	d__Bacteria; p__Pseudomonadota; c__Gammaproteobacteria; o__Enterobacterales; f__Pasteurellaceae; g__Haemophilus	0.9971770127716204
ec9904f34b7ae45beb8f21b631bacf39	d__Bacteria; p__Bacillota; c__Clostridia; o__Clostridia_UCG-014; f__Incertae_Sedis; g__Incertae_Sedis	0.9999999999959641
09437c62499369347e9e04a3acac2518	d__Bacteria; p__Bacteroidota; c__Bacteroidia; o__Bacteroidales; f__Rikenellaceae; g__Rikenellaceae_RC9_gut_group	0.9988963510665452
99c49e9647ea5d6f8959129fa3200079	d__Bacteria; p__Bacteroidota; c__Bacteroidia; o__Bacteroidales; f__Bacteroidaceae; g__Bacteroides	0.9987254008296813
59cdfb3905e56d90e2a10829e2fd9a10	d__Bacteria; p__Pseudomonadota; c__Gammaproteobacteria; o__Burkholderiales; f__Sutterellaceae; g__Sutterella	0.9999946149731371
6ee53a4dccdd924388187129db6c12cd	d__Bacteria; p__Bacteroidota; c__Bacteroidia; o__Bacteroidales; f__Muribaculaceae; g__Incertae_Sedis	0.9417047956535576
590045b22040c65482fd14dbba581ad8	d__Bacteria; p__Bacillota; c__Negativicutes; o__Veillonellales-Selenomonadales; f__Veillonellaceae; g__Dialister	0.9999995616325884
7807acd7b11883a467033a49e8511eb4	d__Bacteria; p__Bacillota; c__Bacilli; o__Lactobacillales; f__Lactobacillaceae; g__Lacticaseibacillus	0.9999998893373093
cafcb102e4c969df5bfc3326b49cd877	d__Bacteria; p__Bacillota; c__Negativicutes; o__Veillonellales-Selenomonadales; f__Veillonellaceae; g__Dialister	0.9999995819456039
9173a9fecb5e165f965333f1836ac231	d__Bacteria; p__Pseudomonadota; c__Gammaproteobacteria; o__Burkholderiales; f__Sutterellaceae; g__Sutterella	0.999993408853705
fc4f01a339767764d35b0f863dce4f44	d__Bacteria; p__Bacillota; c__Clostridia; o__Peptostreptococcales-Tissierellales; f__Anaerovoracaceae; g__Family_XIII_UCG-001	0.9986882700362073
d179bbf2fd36ff55dcc7130dcf3837f2	d__Bacteria; p__Bacillota; c__Clostridia; o__Oscillospirales; f__Oscillospiraceae; g__UCG-002	0.99311730922155
c4c678d69b12cc991dc670d264f766d2	d__Bacteria; p__Fusobacteriota; c__Fusobacteriia; o__Fusobacteriales; f__Fusobacteriaceae; g__Fusobacterium	0.9985005762700957
4561f643ddc2cd318d4a96ba672e0f95	d__Bacteria; p__Pseudomonadota; c__Gammaproteobacteria; o__Enterobacterales; f__Enterobacteriaceae; g__Escherichia-Shigella	0.99474912893992
f34a0400e489890b58b17060480f3f0c	d__Bacteria; p__Bacillota; c__Clostridia; o__Oscillospirales; f__Ruminococcaceae; g__Ruminococcus	0.9938630970181473
615ff46226690b2b86aaa196435fdfe8	d__Bacteria; p__Bacteroidota; c__Bacteroidia; o__Bacteroidales	0.9999995691915379
24db6cc7b19b22d1486f107c7a529e73	d__Bacteria; p__Bacillota; c__Clostridia; o__Lachnospirales; f__Lachnospiraceae; g__Fusicatenibacter	0.7839368141667241
1f2c41ed22c745f3fa0571bf3d8d6810	d__Bacteria; p__Cyanobacteriota; c__Cyanobacteriia; o__Chloroplast; f__Incertae_Sedis; g__Incertae_Sedis	0.9999999723758183
9fd54003595e8a6452f9656b745050df	d__Bacteria; p__Bacillota; c__Clostridia; o__Oscillospirales; f__Ruminococcaceae	0.999839502032252
f5d925cf8375f9850edea935c2a85900	d__Bacteria; p__Cyanobacteriota; c__Cyanobacteriia; o__Chloroplast; f__Incertae_Sedis; g__Incertae_Sedis	0.9860836055715998
ee2e83795da28bcec1fa69dba94bb5b9	d__Bacteria; p__Pseudomonadota; c__Gammaproteobacteria; o__Burkholderiales; f__Sutterellaceae; g__Parasutterella	0.999257151459956
589558cbb7af140ba1f395588ddda323	d__Bacteria; p__Bacillota; c__Clostridia; o__Oscillospirales; f__Oscillospiraceae; g__NK4A214_group	0.9227724231042828
474db675f381069c087ea5bec92fb396	d__Bacteria; p__Bacteroidota; c__Bacteroidia; o__Bacteroidales; f__Bacteroidaceae; g__Bacteroides	0.9999706314477739
8f9a55d61be3b6b1c451d3d19de93680	d__Bacteria; p__Bacillota; c__Clostridia; o__Lachnospirales; f__Lachnospiraceae; g__Mediterraneibacter	0.9764093908410311
a88d9e797d9dba030b2334c24bf0e570	d__Bacteria; p__Bacteroidota; c__Bacteroidia; o__Bacteroidales; f__Bacteroidaceae; g__Bacteroides	0.9999681956821187
31d44e0ad08e2a7bff993d906e3914fc	d__Bacteria; p__Bacillota; c__Negativicutes; o__Acidaminococcales; f__Acidaminococcaceae; g__Phascolarctobacterium	0.9999999998016449
9232e8d4e2e410af178274cd8a15ca89	d__Bacteria; p__Pseudomonadota; c__Gammaproteobacteria; o__Burkholderiales; f__Sutterellaceae; g__Sutterella	0.9999991010858825
ae635abc5f9ae16abb863e5a01b76791	d__Bacteria; p__Actinomycetota; c__Coriobacteriia; o__Coriobacteriales; f__Atopobiaceae; g__Coriobacteriaceae_UCG-003	0.9970890151291986
f398203f53ae051b6d647070304eea9d	d__Bacteria; p__Bacillota; c__Clostridia; o__Lachnospirales; f__Lachnospiraceae	0.9999545729431648
1ad1c9ba90987142d7b36ef4fe48f6eb	d__Bacteria; p__Bacteroidota; c__Bacteroidia; o__Bacteroidales; f__Bacteroidaceae; g__Bacteroides	0.9985758735007038
263bfbc814ac90b6c35e19f71436bed7	d__Bacteria; p__Bacteroidota; c__Bacteroidia; o__Bacteroidales; f__Bacteroidaceae; g__Bacteroides	0.9999985047343026
38efd567b6c1c2e0323d33e345788696	d__Bacteria; p__Bacteroidota; c__Bacteroidia; o__Bacteroidales; f__Prevotellaceae; g__Segatella	0.9996062929297341
3f1fe8fa6a067630a45c47543ac7b484	d__Bacteria; p__Bacillota; c__Negativicutes; o__Acidaminococcales; f__Acidaminococcaceae; g__Phascolarctobacterium	0.9999999874723217
5feb71b36b29fbe231e4b95535db35af	d__Bacteria; p__Bacteroidota; c__Bacteroidia; o__Bacteroidales; f__Prevotellaceae; g__Incertae_Sedis	0.9646555990129048
46942e4377dbbb81a0f205a00734f0b8	d__Bacteria; p__Bacteroidota; c__Bacteroidia; o__Bacteroidales; f__Bacteroidaceae; g__Bacteroides	0.988382015468951
da366946090c319e8cea794a3ef75499	d__Bacteria; p__Bacillota; c__Clostridia; o__Lachnospirales; f__Lachnospiraceae; g__Blautia	0.8038436987031787
a134c365de21208aed5fd657dcb17426	d__Bacteria; p__Bacillota; c__Clostridia; o__Lachnospirales; f__Lachnospiraceae	0.9999577321637868
ea7515d6fc4c73f92f097293cf7cd37d	d__Eukaryota	0.8298035903371537
5a401f4e532f47bfe8486008609d6aa1	d__Bacteria; p__Bacillota; c__Clostridia; o__Lachnospirales; f__Lachnospiraceae; g__Mediterraneibacter	0.8159963676961287
9190196e95f4f8b0a2324084088c9608	d__Bacteria; p__Bacteroidota; c__Bacteroidia; o__Bacteroidales; f__Bacteroidaceae; g__Bacteroides	0.9999631941600935
54dc892b8f6d56b940f8f4c6fe4476cf	d__Bacteria; p__Bacillota; c__Clostridia; o__Lachnospirales; f__Lachnospiraceae	0.999999771122799
d084c8b0dd214317b5f8a1b7837eaad7	d__Bacteria; p__Bacteroidota; c__Bacteroidia; o__Bacteroidales; f__Tannerellaceae; g__Parabacteroides	0.9999977805673455
1bee83cc9f5b2d3997d83226d75958e3	d__Bacteria; p__Bacillota; c__Clostridia; o__Oscillospirales; f__Ruminococcaceae; g__[Clostridium]_methylpentosum_group	0.9976006408414526
5c6d2d8896270823c950d4b022b27516	d__Bacteria; p__Bacillota; c__Clostridia; o__Peptostreptococcales-Tissierellales; f__Anaerovoracaceae; g__Family_XIII_AD3011_group	0.999131590443177
a7ea414ccb78feb47f5de0a31ce4d1a5	d__Bacteria; p__Bacillota; c__Clostridia; o__Peptostreptococcales-Tissierellales; f__Anaerovoracaceae; g__S5-A14a	0.9999997459845996
929f8b78498ae354f8a652a3793326e5	d__Bacteria; p__Bacteroidota; c__Bacteroidia; o__Bacteroidales; f__Rikenellaceae; g__Rikenellaceae_RC9_gut_group	0.8827210848474136
a2a770acba819555c7b0a7be12e22757	d__Bacteria; p__Bacillota; c__Clostridia; o__Oscillospirales; f__Ruminococcaceae; g__Faecalibacterium	0.999371117933541
5fc470108d4ad2cd4c923648b279f610	d__Bacteria; p__Bacillota; c__Negativicutes; o__Acidaminococcales; f__Acidaminococcaceae; g__Phascolarctobacterium	0.9999999998965734
63bf1a60c2cb5113df2b30024fff162b	d__Bacteria; p__Bacteroidota; c__Bacteroidia; o__Bacteroidales; f__Marinifilaceae; g__Odoribacter	0.9999999973821758
453736f83732cbaa50632ce3511010d7	d__Bacteria; p__Bacillota; c__Clostridia; o__Oscillospirales; f__Butyricicoccaceae; g__Agathobaculum	0.9999659796735003
135b660a60e04b0f71bef56224a3a5d1	d__Bacteria; p__Pseudomonadota; c__Gammaproteobacteria; o__Burkholderiales; f__Sutterellaceae; g__Sutterella	0.9999999501102946
6259ce073f27218928aebf096b1bc93d	d__Bacteria; p__Bacillota; c__Bacilli; o__Erysipelotrichales; f__Erysipelotrichaceae; g__Holdemanella	0.9999848801136099
efbcfc330a7607dbd9f14ad0bbdac2d5	d__Bacteria; p__Bacillota; c__Clostridia; o__Oscillospirales; f__Ruminococcaceae; g__Faecalibacterium	0.9999915348093723
15a9b4844523f1e6400da38c417b38be	d__Bacteria; p__Bacteroidota; c__Bacteroidia; o__Bacteroidales; f__Tannerellaceae; g__Parabacteroides	0.9993080452611526
5e05fa4778641d52f59e4d4304c97c3b	d__Bacteria; p__Bacteroidota; c__Bacteroidia; o__Bacteroidales; f__Prevotellaceae; g__Segatella	0.9992036367097591
3d97768a759e5b81205cbdf04a4873cd	d__Bacteria; p__Bacillota; c__Clostridia; o__Oscillospirales; f__Ruminococcaceae; g__Faecalibacterium	0.999997233474336
465c4566ba33e19f86269e3c3d2f1283	d__Bacteria; p__Bacteroidota; c__Bacteroidia; o__Bacteroidales; f__Prevotellaceae; g__Leyella	0.8098550989332299
29667db5349bb759a0ebf7ff8f3cbf81	d__Bacteria; p__Bacillota; c__Clostridia; o__Lachnospirales; f__Lachnospiraceae; g__Anaerostipes	0.9899343183819198
52e9117beacc8bec7cfeee393d45e131	d__Bacteria; p__Bacillota; c__Clostridia; o__Lachnospirales; f__Lachnospiraceae; g__Dorea	0.935405411614566
4a62429f5442a5fb694d1a4d5f1f4528	d__Bacteria; p__Bacteroidota; c__Bacteroidia; o__Bacteroidales; f__Marinifilaceae; g__Butyricimonas	0.9999999870972119
d2ad07577c68f45fc805859c37ecb1cd	d__Bacteria; p__Bacteroidota; c__Bacteroidia; o__Bacteroidales; f__Prevotellaceae	0.9999999491535481
0afad76659fe07455fb07e0d92f58449	d__Bacteria; p__Bacteroidota; c__Bacteroidia; o__Bacteroidales; f__Prevotellaceae; g__Prevotellaceae_NK3B31_group	0.9999771994355119
1f1f3d22a071ede6a0f32d979bf20faf	d__Bacteria; p__Bacillota; c__Clostridia; o__Clostridia_UCG-014; f__Incertae_Sedis; g__Incertae_Sedis	0.9999999999704272
2476bf8e572809ddfcde5313ff14ca44	d__Bacteria; p__Bacillota; c__Clostridia; o__Lachnospirales; f__Lachnospiraceae	0.9999941827588523
6d5c32fda39e977cabea9b3d639dc38b	d__Bacteria; p__Bacillota; c__Clostridia; o__Lachnospirales; f__Lachnospiraceae	0.999709502255882
ba03a8283d62976a9a267651a7253a35	d__Bacteria; p__Bacillota; c__Clostridia; o__Lachnospirales; f__Lachnospiraceae	0.882963856698263
141919106acfffeb6845d3018c659b15	d__Bacteria; p__Bacillota; c__Clostridia; o__Lachnospirales; f__Lachnospiraceae; g__Extibacter	0.9217070811756153
ecceba902797dab907138e4a31782817	d__Bacteria; p__Bacillota; c__Clostridia; o__Lachnospirales; f__Lachnospiraceae	0.9999774177161507
70cf5ffde4bbca558786ca0447b1d0d7	d__Bacteria; p__Bacillota; c__Clostridia; o__Oscillospirales; f__Oscillospiraceae; g__NK4A214_group	0.997129671766718
f71ab7bfacf4bfa3aa2e97f46ca302ab	d__Bacteria; p__Bacillota; c__Clostridia; o__Lachnospirales; f__Lachnospiraceae; g__Agathobacter	0.9187572995641355
b708f221939dd9e7e7408d744a57c525	d__Bacteria; p__Bacillota; c__Clostridia; o__Oscillospirales; f__Ruminococcaceae; g__Gemmiger	0.732360572596204
ccfc8a523aa9cc76e7efc745dc15dca7	d__Bacteria; p__Actinomycetota; c__Actinobacteria; o__Micrococcales; f__Micrococcaceae; g__Rothia	0.999989636683065
a732a7a4683f531cdf82c30c8f1b7183	d__Bacteria; p__Bacteroidota; c__Bacteroidia; o__Bacteroidales; f__Prevotellaceae; g__Incertae_Sedis	0.9999579540469464
5f12451843e71269164574a490a1fc77	d__Bacteria; p__Bacillota; c__Clostridia; o__Lachnospirales; f__Lachnospiraceae	0.9995450273445067
3e6f66433fa1eca0e95fc5c5b2ed1364	d__Bacteria; p__Bacteroidota; c__Bacteroidia; o__Bacteroidales; f__Bacteroidaceae; g__Bacteroides	0.9990792244499319
9d3964ed59fc3f54414d0ae0efb31209	d__Bacteria; p__Bacillota; c__Clostridia; o__Oscillospirales; f__Ruminococcaceae; g__Faecalibacterium	0.9999981148248486
42cdf82f7cf2d5a7ba556b6a72640440	d__Bacteria; p__Bacillota; c__Bacilli; o__Lactobacillales; f__Streptococcaceae; g__Lactococcus	0.9999966362881323
1dfadb08f9a05eb55e6a06cb01ea83a4	d__Bacteria; p__Bacillota; c__Clostridia; o__Oscillospirales; f__Ruminococcaceae; g__Faecalibacterium	0.9999941448638796
7da7c45ac170b7b8c75fd8167176e100	d__Bacteria; p__Bacillota; c__Bacilli; o__Erysipelotrichales; f__Erysipelotrichaceae; g__Turicibacter	0.9999999985919885
6599ae36328ca6d4d34ae1ef9e0fe108	d__Bacteria; p__Bacteroidota; c__Bacteroidia; o__Bacteroidales; f__Rikenellaceae; g__Alistipes	0.947691212980103
191f0f0ca64b79a0f79909511e6157cc	d__Bacteria; p__Bacillota; c__Clostridia; o__Oscillospirales; f__Butyricicoccaceae; g__Agathobaculum	0.9999569811545798
79bdfc9d0e65f40aa57cdec450757aa1	d__Bacteria; p__Bacillota; c__Clostridia; o__Lachnospirales; f__Lachnospiraceae	0.9874822140398025
3174457d75aebcaa86a73cdf13dc56e9	d__Bacteria; p__Bacillota; c__Bacilli; o__Lactobacillales; f__Streptococcaceae; g__Streptococcus	0.9996106981472745
b512d490bb99998a094ac24efffc93cd	d__Bacteria; p__Bacillota; c__Clostridia; o__Lachnospirales; f__Lachnospiraceae	0.9999174544784029
cfcc6120e8300b6afbdf2f54bdeaee60	d__Bacteria; p__Bacillota; c__Clostridia; o__Lachnospirales; f__Lachnospiraceae	0.9991374758245237
f2b4f6cc8d7fd1ff3676bcb68a133ba9	d__Bacteria; p__Bacillota; c__Clostridia; o__Lachnospirales; f__Lachnospiraceae; g__Epulopiscium	0.8869637009400811
a8b1ed6f5924ee4e2d25b96d80e05978	d__Bacteria; p__Bacteroidota; c__Bacteroidia; o__Bacteroidales; f__Rikenellaceae; g__Rikenellaceae_RC9_gut_group	0.9999760223770231
6985f54b283d50c0d6eb3e98cc128265	d__Bacteria; p__Bacillota; c__Bacilli; o__Erysipelotrichales; f__Erysipelotrichaceae; g__Holdemanella	0.9999971913123966
83a83f5cdd516c1b928a820aff334582	d__Bacteria; p__Bacillota; c__Clostridia; o__Lachnospirales; f__Lachnospiraceae	0.9999842606975015
e7e84944f55468c6a976909059288225	Unassigned	0.4303514788651388
e5176f8d5d9c0f09e0242be5bff4c564	d__Bacteria; p__Pseudomonadota; c__Gammaproteobacteria; o__Burkholderiales; f__Sutterellaceae; g__Sutterella	0.999999960005085
a720e3c1df3b505fcc98a83024cffab0	d__Bacteria; p__Pseudomonadota; c__Gammaproteobacteria; o__Enterobacterales; f__Enterobacteriaceae; g__Escherichia-Shigella	0.9991320492762945
cba985666063d953976636a283764040	d__Eukaryota	0.8377202270090319
bfe307cf70cee339a8cbc22eb46f3766	d__Bacteria; p__Bacillota; c__Clostridia; o__Peptostreptococcales-Tissierellales; f__Peptostreptococcaceae	0.9999952740699198
25787339a773a963093eab74e8eb5dbd	d__Bacteria; p__Bacillota; c__Clostridia; o__Lachnospirales; f__Lachnospiraceae	0.9999623108719021
9847be54cb6803872a5b74b2c47bd429	d__Bacteria; p__Bacteroidota; c__Bacteroidia; o__Bacteroidales; f__Marinifilaceae; g__Butyricimonas	0.9999996637801015
106b9636fe0b2a8566475decfb824942	d__Bacteria; p__Bacteroidota; c__Bacteroidia; o__Bacteroidales; f__Prevotellaceae; g__Leyella	0.9798134062445416
277d4b473587a3adf6681c50caf184d1	d__Bacteria; p__Bacteroidota; c__Bacteroidia; o__Bacteroidales; f__Prevotellaceae; g__Prevotellaceae_NK3B31_group	0.9999891614033675
865cc62184e73388ad17c9bbae349ddb	d__Bacteria; p__Fusobacteriota; c__Fusobacteriia; o__Fusobacteriales; f__Fusobacteriaceae; g__Fusobacterium	0.9999999999790816
ca231d32a83578f1a2ce9135d9b402a2	d__Bacteria; p__Bacteroidota; c__Bacteroidia; o__Bacteroidales; f__Muribaculaceae; g__Incertae_Sedis	0.8575717801720386
2546c2ed959e42b15d14bf55388aef24	d__Eukaryota	0.7433873867697058
b465826ee9ddc9171042f9826e49c57b	d__Bacteria; p__Bacteroidota; c__Bacteroidia; o__Bacteroidales; f__Porphyromonadaceae; g__Porphyromonas	0.9999999442032121
3634acc258ac4aef5f8210977a9aaa1c	d__Bacteria; p__Bacillota; c__Clostridia; o__Lachnospirales; f__Lachnospiraceae	0.9999983011992225
aac3264489576e05ee6f48e971444314	d__Bacteria; p__Bacillota; c__Clostridia; o__Oscillospirales; f__Oscillospiraceae; g__UCG-002	0.9963059356755825
0ef0a9dc035d7a6075a4ea9495c97746	d__Bacteria; p__Bacillota; c__Clostridia; o__Oscillospirales; f__[Eubacterium]_coprostanoligenes_group; g__Incertae_Sedis	0.9998607381195874
a22f86d2671c59bd201d15f85108300a	d__Bacteria; p__Bacillota; c__Clostridia; o__Lachnospirales; f__Lachnospiraceae	0.9946833307194932
37ee58ee53f1693d4b0b7259fe98bf6a	d__Bacteria; p__Bacillota; c__Clostridia; o__Lachnospirales; f__Lachnospiraceae	0.9999959070498421
3c0c3cdaa174a9772c080ae02a9ec733	d__Eukaryota	0.7245936158991979
a55fd9a9da3bf543aa2ab6c5bb52daa5	d__Bacteria; p__Bacteroidota; c__Bacteroidia; o__Bacteroidales; f__Bacteroidaceae; g__Bacteroides	0.9999948917789553
f5596a3a3d7b664b248f902a1422d40a	d__Bacteria; p__Bacillota; c__Clostridia; o__Oscillospirales; f__UCG-010; g__Incertae_Sedis	0.999845495005354
330b008fa59c6a2aa4db42073fb06577	d__Bacteria; p__Pseudomonadota; c__Gammaproteobacteria; o__Enterobacterales; f__Succinivibrionaceae; g__Incertae_Sedis	0.9896029169981349
d666a45877d725e228bedc204a6a4384	Unassigned	0.41313895479699325
1441e85be7a155cb593b64187885d7d5	d__Bacteria; p__Bacillota; c__Clostridia; o__Lachnospirales; f__Lachnospiraceae	0.999957885901089
183e097e4e9c7bb1eb1b0a4348b1686f	d__Bacteria; p__Bacillota; c__Clostridia; o__Lachnospirales; f__Lachnospiraceae	0.9999984008743468
b5bc911124e96c98f3f0747477123030	d__Bacteria; p__Bacillota; c__Clostridia; o__Lachnospirales; f__Lachnospiraceae	0.9999613368839005
0aa856977bd334ecda6f11dc01b84a9c	d__Bacteria; p__Bacillota; c__Clostridia; o__Lachnospirales; f__Lachnospiraceae	0.791919119859893
2c7a90b47dc6bb1942990f02e043330e	d__Bacteria; p__Bacillota; c__Clostridia	0.9440617414571619
c9d928162b5b487085b5a0930f7e8101	d__Bacteria; p__Bacillota; c__Clostridia; o__Lachnospirales; f__Lachnospiraceae; g__[Eubacterium]_eligens_group	0.9518331088505784
6faa3b1f9526467477f891df7e1c0c25	Unassigned	0.7294874652438285
b41b7a9d47051931be4f6e83e184f6f6	Unassigned	0.7570722877740517
d434223e338f2d4967b0f548196c407b	d__Bacteria; p__Bacillota; c__Clostridia; o__Lachnospirales; f__Lachnospiraceae; g__Agathobacter	0.8520091854403931
6f6b450eefd531ea07554ed152474aac	d__Bacteria; p__Bacillota; c__Negativicutes; o__Acidaminococcales; f__Acidaminococcaceae; g__Acidaminococcus	0.9999451471886501
25091e58e5989fab89239159965af3dd	d__Bacteria; p__Bacillota; c__Clostridia; o__Lachnospirales; f__Lachnospiraceae	0.8330192552451856
4111cffb175a18021e62c1b2770148f8	d__Bacteria; p__Bacillota; c__Negativicutes; o__Veillonellales-Selenomonadales; f__Veillonellaceae; g__Megasphaera	0.9999994174028891
739ef72f45cf0e3426879b366dc28408	d__Bacteria; p__Bacillota; c__Negativicutes; o__Veillonellales-Selenomonadales; f__Veillonellaceae; g__Dialister	0.9999854935677369
61e02faa917a0ff4aa271a396b845139	d__Bacteria; p__Bacillota; c__Negativicutes; o__Veillonellales-Selenomonadales; f__Veillonellaceae; g__Dialister	0.9964102313803069
cf905623dc25d3243776141fd541abf4	d__Bacteria; p__Bacillota; c__Clostridia; o__Lachnospirales; f__Lachnospiraceae; g__Lachnospiraceae_UCG-004	0.8460760997648751
1eb0bf0fd1b8a162afdebee9ea11fe62	d__Bacteria; p__Bacteroidota; c__Bacteroidia; o__Bacteroidales; f__Barnesiellaceae; g__Coprobacter	0.9999999996861675
0791db1be38a5fd8cc202b0b488a5eae	d__Bacteria; p__Bacillota; c__Clostridia; o__Lachnospirales; f__Lachnospiraceae; g__Mediterraneibacter	0.9484998141648909
47101a9a8a517c16c921a73b7b0d952a	d__Bacteria; p__Pseudomonadota; c__Gammaproteobacteria; o__Burkholderiales; f__Sutterellaceae; g__Sutterella	0.9999999900647936
bc345d0c08bab66ac9d6d9627ffd9a02	d__Bacteria; p__Bacteroidota; c__Bacteroidia; o__Bacteroidales; f__Bacteroidaceae; g__Bacteroides	0.9999738037838513
8ec4464d7784c24da2ae74b05ed07d2c	d__Bacteria; p__Bacillota; c__Clostridia; o__Clostridia_UCG-014; f__Incertae_Sedis; g__Incertae_Sedis	0.9999999999993321
4b68c06e884f0527effea4d2bcdc01c4	d__Bacteria; p__Bacillota; c__Clostridia; o__Oscillospirales; f__Ruminococcaceae; g__Faecalibacterium	0.999991283285629
c7221a3800dc161f2834bafb7646dc88	d__Bacteria; p__Bacillota; c__Clostridia; o__Oscillospirales; f__Ruminococcaceae; g__Hydrogenoanaerobacterium	0.7686767421385716
6edcf2e1f1659e1b8623bb7a67d73df2	d__Bacteria; p__Bacillota; c__Clostridia; o__Oscillospirales; f__Ruminococcaceae; g__Ruminococcus	0.9706642243498502
ed2cfb7ebb6a4ba5ca13215049db6ddc	d__Bacteria; p__Bacteroidota; c__Bacteroidia; o__Bacteroidales; f__Rikenellaceae; g__Alistipes	0.9980262875347602
93473e4d69575c428b23b5ef6f937a50	d__Bacteria; p__Bacillota; c__Clostridia; o__Lachnospirales; f__Lachnospiraceae; g__Blautia	0.8350134198566668
dd18ad0779cc28807f3b75d0eb2b5a49	d__Bacteria; p__Pseudomonadota; c__Gammaproteobacteria; o__Enterobacterales; f__Enterobacteriaceae; g__Escherichia-Shigella	0.9981586117291741
0a2716901674a75068bd43402729bf7f	d__Bacteria; p__Bacillota; c__Clostridia; o__Lachnospirales; f__Lachnospiraceae	0.9999983793430771
cba353052115a16bb5350766f344dfff	d__Bacteria; p__Bacillota; c__Clostridia; o__Oscillospirales; f__Ruminococcaceae; g__Faecalibacterium	0.999998178052462
d97ed8b5426cc0058bf50c356b47d839	d__Bacteria; p__Pseudomonadota; c__Gammaproteobacteria; o__Pseudomonadales; f__Pseudomonadaceae; g__Pseudomonas	0.9992550156164591
054b67da7397c9df1cbd3671769bf634	d__Bacteria; p__Bacillota; c__Bacilli; o__Erysipelotrichales; f__Erysipelatoclostridiaceae; g__Thomasclavelia	0.9991511593820782
bbafa97b4a1ac81e930d3ea3c52bf500	d__Bacteria; p__Bacteroidota; c__Bacteroidia; o__Bacteroidales; f__Marinifilaceae; g__Butyricimonas	0.9999895817285129
950adb93d067fcf92e4ea90a2b1ecc1e	d__Bacteria; p__Bacillota; c__Negativicutes; o__Acidaminococcales; f__Acidaminococcaceae; g__Phascolarctobacterium	0.9999999980880432
d477e74a45641d53bec57433e1cc1916	Unassigned	0.4391782515200282
211fa18d7ab6c9791adf4c73de9ccbb1	d__Bacteria; p__Bacillota; c__Clostridia; o__Lachnospirales; f__Lachnospiraceae; g__Anaerobutyricum	0.9927506819881841
a4c3cb887162111d6a6ceca3cf743666	d__Bacteria; p__Bacillota; c__Negativicutes; o__Acidaminococcales; f__Acidaminococcaceae; g__Phascolarctobacterium	0.9999999993530082
6a395ce7c8081ed75d68aa6237cb7e79	d__Bacteria; p__Bacillota; c__Clostridia; o__Lachnospirales; f__Lachnospiraceae	0.9999691485567083
89147dbf39f2be3d2a2c2e1c12696086	d__Bacteria; p__Bacteroidota; c__Bacteroidia; o__Bacteroidales; f__Bacteroidaceae; g__Bacteroides	0.9208533098171214
4b610a35a195d017ec969996f18599a6	d__Bacteria; p__Bacteroidota; c__Bacteroidia; o__Bacteroidales; f__Marinifilaceae; g__Butyricimonas	0.9999998870836669
ec1dc7bae79fd1f4f6a6541c68949687	d__Bacteria; p__Bacillota; c__Clostridia; o__Lachnospirales; f__Lachnospiraceae	0.9999952817704111
47a6b5b91d7a5c1d018e80491ee25a63	d__Bacteria; p__Bacillota; c__Clostridia; o__Lachnospirales; f__Lachnospiraceae; g__Agathobacter	0.9555468071689442
783daab2de5df81a41461f8f088dee5e	d__Bacteria; p__Bacillota; c__Clostridia; o__Oscillospirales; f__Ruminococcaceae; g__Incertae_Sedis	0.9899589099573373
c739c6e2fb952ef8007fee01652870ef	d__Bacteria; p__Bacillota; c__Negativicutes; o__Veillonellales-Selenomonadales; f__Veillonellaceae; g__Dialister	0.9729298778970723
d888985f37667b63b2a5418e4a1229fc	d__Bacteria; p__Bacillota; c__Clostridia; o__Oscillospirales; f__Ruminococcaceae; g__Faecalibacterium	0.9764171933795637
c16624793decbb808ca17524bb523b24	d__Bacteria; p__Bacillota; c__Negativicutes; o__Veillonellales-Selenomonadales; f__Veillonellaceae; g__Megasphaera	0.9999777267735099
72cc86b39f158e1fea741d79d040ac28	d__Bacteria; p__Bacillota; c__Clostridia; o__Lachnospirales; f__Lachnospiraceae; g__Lachnospiraceae_UCG-004	0.9249895368555482
e1c3bd0f911caa7dca4972bb89a46e67	d__Bacteria; p__Bacteroidota; c__Bacteroidia; o__Bacteroidales; f__Bacteroidaceae; g__Bacteroides	0.9999753015687142
b7b4804c102adcd8a12baaa20e0f7076	d__Bacteria; p__Bacillota; c__Bacilli; o__Staphylococcales; f__Gemellaceae; g__Gemella	0.9999999838089623
946d33cde58153e71eeb4238e2c1165c	d__Bacteria; p__Bacillota; c__Bacilli; o__Erysipelotrichales; f__Erysipelotrichaceae; g__[Clostridium]_innocuum_group	0.9961932419690919
ba666a0b34032de8ef866d53e4003bca	d__Bacteria; p__Bacteroidota; c__Bacteroidia; o__Bacteroidales; f__Bacteroidaceae; g__Bacteroides	0.999924505943955
71fc6ff888fa1d818d3b3e577edc4fb6	d__Bacteria; p__Bacillota; c__Clostridia; o__Oscillospirales; f__Ruminococcaceae; g__Faecalibacterium	0.8267330256784027
33ec2eb8a5d3fd69d44e703623a6e879	d__Bacteria; p__Pseudomonadota; c__Gammaproteobacteria; o__Burkholderiales; f__Sutterellaceae; g__Sutterella	0.9992485789113359
5b41039d1b571ba8ab035f8414841257	d__Bacteria; p__Bacillota; c__Clostridia; o__Lachnospirales; f__Lachnospiraceae	0.9999051883321277
ffd54956acb87829d67446ef1d5b7ec9	d__Bacteria; p__Fusobacteriota; c__Fusobacteriia; o__Fusobacteriales; f__Fusobacteriaceae; g__Fusobacterium	0.9999999998484412
cba6df39f8e07c2ad5997f72bbf5764e	d__Bacteria; p__Bacillota; c__Clostridia; o__Lachnospirales; f__Lachnospiraceae; g__GCA-900066575	0.8726400883962873
a7548614b0283b7bb3ffa73a7403a96b	d__Bacteria; p__Bacillota; c__Clostridia; o__Oscillospirales; f__Oscillospiraceae; g__Flavonifractor	0.9540294624336786
e7ceb04ed6f7baeb45fbe4e174a4bd20	d__Bacteria; p__Bacteroidota; c__Bacteroidia; o__Bacteroidales; f__Tannerellaceae; g__Parabacteroides	0.9999956414920118
13edf6ead68deb9ae4126c390c0650f5	d__Bacteria; p__Bacillota; c__Clostridia; o__Oscillospirales; f__Ruminococcaceae	0.8876660385978291
68f6552c4418bb368ddd855b8b370e4b	d__Bacteria; p__Bacillota; c__Clostridia; o__Lachnospirales; f__Lachnospiraceae	0.9998127795058288
29b6af40c42ccd216c2e0088d2ddd4d7	d__Bacteria; p__Bacillota; c__Clostridia; o__Lachnospirales; f__Lachnospiraceae; g__Blautia	0.942519658695987
875a69f792cadf43288b9d840ac41241	d__Bacteria; p__Bacillota; c__Bacilli; o__Erysipelotrichales; f__Erysipelotrichaceae; g__Faecalitalea	0.9791161441845196
b3fd807c16765f35a7727e004b00e044	d__Bacteria; p__Bacillota; c__Clostridia; o__Oscillospirales; f__Ruminococcaceae; g__Paludicola	0.9922602680335797
32527dfcab95c91ea6bf8dd5c552565e	d__Bacteria	0.9999999988865884
dfba5fea15e6063596a0fce2042444d6	d__Bacteria; p__Bacillota; c__Clostridia; o__Oscillospirales; f__Ruminococcaceae; g__Ruminococcus	0.9964240365101708
5142b5904804e379601c46f6e180b6df	d__Bacteria; p__Bacillota; c__Clostridia; o__Lachnospirales; f__Lachnospiraceae; g__Lachnospiraceae_UCG-004	0.9676824939997116
3c1194088d0090fc25625c3c85c8369b	d__Bacteria; p__Bacteroidota; c__Bacteroidia; o__Bacteroidales; f__Prevotellaceae; g__Leyella	0.9896686074998703
917d2882d2ba10f816cc2dfd3156f622	d__Bacteria; p__Bacillota; c__Clostridia; o__Oscillospirales; f__Ruminococcaceae; g__[Eubacterium]_siraeum_group	0.999974747686149
839f7c3cd4cf4346ec7165e204260a7f	d__Bacteria; p__Bacillota; c__Clostridia; o__Lachnospirales; f__Lachnospiraceae	0.9999792899334528
560e9076f276ac5db75c524057656a9d	d__Bacteria; p__Bacillota; c__Bacilli; o__Erysipelotrichales; f__Erysipelatoclostridiaceae; g__Erysipelotrichaceae_UCG-003	0.9998169642331323
b8ab3222ffe56a3834b84fb45bf28ae6	d__Bacteria; p__Bacillota; c__Clostridia; o__Oscillospirales; f__Butyricicoccaceae; g__Agathobaculum	0.9993985369781893
d42b2e475321e75aaa7afb48747b0cc3	d__Bacteria; p__Pseudomonadota; c__Gammaproteobacteria; o__Burkholderiales; f__Sutterellaceae; g__Sutterella	0.9999992967884509
b8c150f4c2024ad8fb0a877e8847d02d	d__Bacteria; p__Bacillota; c__Clostridia; o__Clostridia_UCG-014; f__Incertae_Sedis; g__Incertae_Sedis	0.9999999999823501
34773338ff1ae05fbf8913a556d79317	d__Bacteria; p__Bacillota; c__Clostridia; o__Lachnospirales; f__Lachnospiraceae; g__Blautia	0.726173167477593
665de234e4de8431203697bb27e338ef	d__Bacteria; p__Bacillota; c__Negativicutes; o__Veillonellales-Selenomonadales; f__Veillonellaceae; g__Dialister	0.9855038939077443
01a6b9fa041fea5ecc607f4b80c378f5	d__Bacteria; p__Bacillota; c__Clostridia; o__Lachnospirales; f__Lachnospiraceae; g__Anaerobutyricum	0.9933404052675311
f35e402349dced9214dc690f50421ac4	d__Bacteria; p__Bacillota; c__Clostridia; o__Lachnospirales; f__Lachnospiraceae	0.9999947509654579
42f0f8525affba5b2d9d17825f472512	d__Bacteria; p__Bacillota; c__Clostridia; o__Lachnospirales; f__Lachnospiraceae; g__Enterocloster	0.9626356116387599
c68441a783762cc7be098bd35f33f444	d__Bacteria; p__Pseudomonadota; c__Gammaproteobacteria; o__Enterobacterales; f__Succinivibrionaceae; g__Succinivibrio	0.9972154082286352
4600443f3cdfd5602c938cf4934451c4	d__Bacteria; p__Bacillota; c__Clostridia; o__Oscillospirales; f__Oscillospiraceae; g__UCG-002	0.9325783039337343
49b035bcfbab3703422b5d78e4e26eef	d__Bacteria; p__Bacillota; c__Clostridia; o__Lachnospirales; f__Lachnospiraceae	0.9999783980925571
e13adf34df4003bcbbd78d10f77c20e6	d__Bacteria; p__Bacillota; c__Clostridia; o__Lachnospirales; f__Lachnospiraceae; g__Anaerotignum	0.9958739671997215
fe9186fe0b90844951d264a1600ea08f	d__Bacteria; p__Bacillota; c__Clostridia; o__Oscillospirales; f__Butyricicoccaceae; g__Agathobaculum	0.9997210243580085
fad13de4d80e663e1816f1c8dd44f77b	Unassigned	0.5815162714835872
1566f8e9b61a1ea888a4e505abae9c00	d__Bacteria; p__Bacillota; c__Clostridia; o__Lachnospirales; f__Lachnospiraceae	0.9999988852050196
cc52db57c7918ed075e7753d915f88de	d__Bacteria; p__Bacillota; c__Bacilli; o__Erysipelotrichales; f__Erysipelotrichaceae; g__Holdemanella	0.9998655480413631
b9bf848c8e61d7b633a3821c20f0d2f5	d__Eukaryota	0.8198738008388524
4a7b088aa9d5f20eb0641340b4287441	d__Bacteria; p__Bacillota; c__Clostridia; o__Lachnospirales; f__Lachnospiraceae	0.9999993970180154
403cc2891af8aba4310ce5ead13651ef	d__Bacteria; p__Bacillota; c__Clostridia; o__Clostridiales; f__Clostridiaceae; g__Clostridium	0.9994727091823763
db3493506e676952936fc1fa36dec329	d__Bacteria; p__Bacillota; c__Clostridia; o__Lachnospirales; f__Lachnospiraceae; g__ASF356	0.829214022397995
2688072bda992f5ab7106450fa25c517	d__Bacteria; p__Pseudomonadota; c__Gammaproteobacteria; o__Enterobacterales; f__Succinivibrionaceae	0.9992802024556856
ac5c69f460d518b3437a9273782d5b3f	d__Bacteria; p__Bacteroidota; c__Bacteroidia; o__Bacteroidales; f__Prevotellaceae	0.9999999992336306
e65adb16babf8d025bc0e0bd142c4d50	d__Bacteria; p__Bacillota; c__Clostridia; o__Peptostreptococcales-Tissierellales; f__Peptostreptococcaceae; g__Romboutsia	0.8149658007483376
a6c25809f10cdb3e5eec1d9294386ff7	d__Bacteria; p__Bacillota; c__Clostridia; o__Lachnospirales; f__Lachnospiraceae	0.9536888769084261
ca76bfb28985f66d97e3ac282897f128	d__Bacteria; p__Bacteroidota; c__Bacteroidia; o__Bacteroidales; f__Prevotellaceae; g__Segatella	0.9785703246959693
2c2c2c8285c271ea1a4ebfbbea9404a9	d__Bacteria; p__Bacteroidota; c__Bacteroidia; o__Bacteroidales; f__Prevotellaceae; g__Segatella	0.9974480938080365
c0c24afb70fd950137806555e642426b	d__Bacteria; p__Actinomycetota; c__Coriobacteriia; o__Coriobacteriales; f__Coriobacteriales_Incertae_Sedis; g__Incertae_Sedis	0.999982592571991
169cc72145c2107ff3419364ba03a0b2	d__Bacteria	0.9999999998782625
dd8436f14f49b3a719e1048052b722b5	d__Bacteria; p__Actinomycetota; c__Actinobacteria; o__Actinomycetales; f__Actinomycetaceae; g__Mobiluncus	0.9999999999998863
7382230436e8f5b26f8e7fe5c31069ea	d__Bacteria; p__Bacillota; c__Clostridia; o__Lachnospirales; f__Lachnospiraceae	0.9995279480354524
fd1289f7c5371b1e643718fcea285573	d__Bacteria; p__Bacteroidota; c__Bacteroidia; o__Bacteroidales; f__Prevotellaceae; g__Leyella	0.9999262261738421
af27103092d833e88b166f42cb7b7470	d__Bacteria; p__Bacillota; c__Bacilli; o__Erysipelotrichales; f__Erysipelatoclostridiaceae; g__Erysipelotrichaceae_UCG-003	0.9999994139414111
8eb04030384dc73e57c0851d40d73b8a	d__Bacteria; p__Bacteroidota; c__Bacteroidia; o__Bacteroidales; f__Barnesiellaceae; g__Coprobacter	0.9999999980098266
8b1976c09f966dfa4c26a11978e7683a	d__Bacteria; p__Bacillota; c__Bacilli; o__Lactobacillales; f__Streptococcaceae; g__Streptococcus	0.9999934408794177
1e115102153767922f91bb11125a2e60	d__Bacteria; p__Bacillota; c__Clostridia; o__Lachnospirales; f__Lachnospiraceae; g__Agathobacter	0.9427980262821897
0679608a60c55cb68e158c342548621b	d__Bacteria; p__Bacteroidota; c__Bacteroidia; o__Bacteroidales; f__Tannerellaceae; g__Parabacteroides	0.9846543303367628
19aa6c1c463ab7e828752d077ea2cb4f	d__Bacteria; p__Bacillota; c__Negativicutes; o__Veillonellales-Selenomonadales; f__Veillonellaceae; g__Megasphaera	0.9999999477209527
3541f3cf994ea2ce63d450e5e6d1ae84	d__Bacteria; p__Bacteroidota; c__Bacteroidia; o__Bacteroidales; f__Barnesiellaceae; g__Incertae_Sedis	0.9999971541946727
a7bbe69b189511739b80e03c8dbc20f7	d__Eukaryota	0.7104656495646934
a083b10f2f56bdffe77946f45df3ca6e	d__Bacteria; p__Bacillota; c__Negativicutes; o__Veillonellales-Selenomonadales; f__Veillonellaceae; g__Veillonella	0.9999998294758686
77f376b40e8ac87db468f07ad00a101f	d__Bacteria; p__Pseudomonadota; c__Gammaproteobacteria; o__Pseudomonadales; f__Moraxellaceae; g__Enhydrobacter	0.9999831537299901
46b52bd3ff5f43918e2fab21350e3025	d__Bacteria; p__Bacillota; c__Clostridia; o__Lachnospirales; f__Lachnospiraceae; g__[Ruminococcus]_gnavus_group	0.9313324707041942
8e067034635220837ac1ba7479d6a175	d__Bacteria; p__Bacillota; c__Clostridia; o__Oscillospirales; f__Ruminococcaceae; g__Hydrogenoanaerobacterium	0.7738286917541713
6b5e928278b12bdc6b8b1578b9ef6108	d__Bacteria; p__Bacillota; c__Clostridia; o__Oscillospirales; f__Ruminococcaceae; g__Faecalibacterium	0.9990590114397576
6033cdeeb0e134945a59b796206ba07f	d__Bacteria; p__Bacteroidota; c__Bacteroidia; o__Bacteroidales; f__Prevotellaceae; g__Segatella	0.9999479717405291
e67c0421b1e0516b5897edc367b8ca5e	d__Bacteria; p__Bacillota; c__Clostridia; o__Lachnospirales; f__Lachnospiraceae	0.9981658971485887
ed674b9d1c8ce6571d65b05919ca29b0	d__Bacteria; p__Bacillota; c__Negativicutes; o__Acidaminococcales; f__Acidaminococcaceae; g__Phascolarctobacterium	0.9999999968197386
c39c1af62fcfce911b4fc8ac982e49dd	d__Bacteria; p__Verrucomicrobiota; c__Lentisphaeria; o__Victivallales; f__Victivallaceae; g__Victivallis	0.9786890922151154
36398da3868281e3780f4b32c10d5a91	d__Bacteria; p__Bacillota; c__Clostridia; o__Oscillospirales; f__Oscillospiraceae; g__UCG-005	0.9964421184693415
0377d36b49c55a28d45635d39862ba99	d__Bacteria; p__Bacillota; c__Bacilli; o__Izemoplasmatales; f__Incertae_Sedis; g__Incertae_Sedis	0.9999999212163035
64785f9318d6e1cfc71cda3be83b9099	d__Bacteria; p__Bacillota; c__Negativicutes; o__Acidaminococcales; f__Acidaminococcaceae; g__Phascolarctobacterium	0.9999999885251897
00d4cc5cb48a2ea4c8fbd79c3a73f6dc	d__Bacteria; p__Bacillota; c__Clostridia; o__Oscillospirales; f__UCG-010; g__Incertae_Sedis	0.9985553193154307
e54394efeb71cdbf377fd7004d0db122	d__Bacteria; p__Bacillota; c__Clostridia	0.9960462508155936
ab2276d67e76f701f8149d17887053c1	d__Bacteria; p__Bacillota; c__Clostridia; o__Lachnospirales; f__Lachnospiraceae; g__Epulopiscium	0.9653457673719434
c92d870ec62bae98127fe539cda9a9fb	d__Bacteria; p__Bacteroidota; c__Bacteroidia; o__Bacteroidales; f__Prevotellaceae; g__Segatella	0.9993509734156123
a1dc35cd89c7e791d1a30a130d2e6104	d__Bacteria; p__Bacillota; c__Clostridia; o__Lachnospirales; f__Lachnospiraceae	0.9540018095879881
d8cceaad06892c37f57affb37db33a00	d__Bacteria; p__Bacillota; c__Clostridia; o__Lachnospirales; f__Lachnospiraceae	0.9998180548667197
1dcfe130b473a4a3ba8c396700f8b91d	d__Bacteria; p__Bacillota; c__Negativicutes; o__Veillonellales-Selenomonadales; f__Selenomonadaceae; g__Megamonas	0.9999996539512098
36947f32cf9515595a6b490dc76c5afb	d__Bacteria; p__Bacillota; c__Clostridia; o__Lachnospirales; f__Lachnospiraceae; g__Oribacterium	0.9975967742527695
e69db2e5608a4315cfaaec609603e32b	d__Bacteria; p__Bacteroidota; c__Bacteroidia; o__Bacteroidales; f__Marinifilaceae; g__Butyricimonas	0.9999999910335475
e565cfd92d93c45409c31dd1722d0fe4	d__Bacteria; p__Bacillota; c__Clostridia; o__Lachnospirales; f__Lachnospiraceae	0.9999013899905864
456622e0f024a204dbbb38800d4e39ae	d__Bacteria; p__Bacillota; c__Clostridia; o__Lachnospirales; f__Lachnospiraceae; g__Dorea	0.9629785200780427
8d179f54c035ed38b2cec159196f9f7d	d__Bacteria; p__Bacillota; c__Clostridia; o__Oscillospirales; f__Ruminococcaceae; g__Phocea	0.9994567323975204
14ef1d53cbc506c95d03233948687267	d__Bacteria; p__Bacteroidota; c__Bacteroidia; o__Bacteroidales; f__Bacteroidaceae; g__Bacteroides	0.9999898963260534
0f9e9d45e7387892afb9a5f4d1b25b78	d__Bacteria; p__Bacillota; c__Clostridia; o__Lachnospirales; f__Lachnospiraceae	0.9999999600412136
814a1401824eb96cf743da3a827e603c	d__Bacteria; p__Bacillota; c__Clostridia; o__Oscillospirales; f__Ruminococcaceae; g__Ruminococcus	0.8733304828322638
aa76e530ac615016dbc467930b59e7b3	d__Bacteria; p__Bacillota; c__Clostridia; o__Lachnospirales; f__Lachnospiraceae; g__GCA-900066575	0.9488177593630382
81e4ff440daf3168e74a681c87e9b70b	d__Bacteria; p__Bacteroidota; c__Bacteroidia; o__Bacteroidales; f__Marinifilaceae; g__Odoribacter	0.9999995965712817
dfc44099610d9e527a126f9eef8209a4	Unassigned	0.40133256403197826
017d87f99c03611b18eba99f99e1210d	d__Bacteria; p__Bacillota; c__Clostridia; o__Lachnospirales; f__Lachnospiraceae	0.9994505367354554
82e439721e8b729480f14764d498191c	d__Bacteria; p__Bacteroidota; c__Bacteroidia; o__Bacteroidales; f__Bacteroidaceae; g__Bacteroides	0.9997143567323372
94eb09b4887ec350b8740af5e641e7a8	d__Bacteria; p__Bacillota; c__Clostridia; o__Peptostreptococcales-Tissierellales; f__Peptostreptococcaceae	0.9930804717053348
623acba32b16389f036955b07f8cf18d	d__Bacteria; p__Bacteroidota; c__Bacteroidia; o__Bacteroidales; f__Bacteroidaceae; g__Bacteroides	0.9999851586475755
40bf28cbf70ca1fa1cfa594f419fe9bb	d__Bacteria; p__Pseudomonadota; c__Gammaproteobacteria; o__Enterobacterales; f__Succinivibrionaceae; g__Incertae_Sedis	0.9949931491282975
33f3d0466a69cfdaad17a798bee9c8a5	d__Bacteria; p__Bacillota; c__Clostridia; o__Lachnospirales; f__Lachnospiraceae	0.9994846139149411
defbc947e5db2282ad6b698efe70e103	d__Bacteria; p__Bacillota; c__Clostridia; o__Lachnospirales; f__Lachnospiraceae; g__Lachnospiraceae_UCG-004	0.9521690036101148
1a45628895f1cba31d1344b8bed11ac3	d__Bacteria; p__Bacillota; c__Clostridia; o__Lachnospirales; f__Lachnospiraceae	0.9999883071445885
1919bd4e96210cce6125705b90f53144	d__Bacteria; p__Bacteroidota; c__Bacteroidia; o__Bacteroidales; f__Prevotellaceae; g__Prevotellaceae_UCG-001	0.8411890374984035
9ed2829b91cf98d941037e1235c4282a	d__Bacteria; p__Bacillota; c__Bacilli; o__Erysipelotrichales; f__Erysipelatoclostridiaceae; g__Erysipelotrichaceae_UCG-003	0.9999902627128139
5464e12352336685a69ef1f68b8e41c0	d__Bacteria; p__Bacteroidota; c__Bacteroidia; o__Bacteroidales; f__Tannerellaceae; g__Parabacteroides	0.9995115234023243
45c283c6f0333ffbfa55b099987a10f1	d__Bacteria; p__Bacillota; c__Clostridia; o__Oscillospirales; f__Oscillospiraceae; g__UCG-005	0.9828489917835715
1baeca8e57a35bb96f0e61a6124d41c9	d__Bacteria; p__Bacillota; c__Clostridia; o__Lachnospirales; f__Lachnospiraceae	0.999960997275747
49b761b9a29e22d7c4c9e9745a4dbac8	d__Bacteria; p__Bacteroidota; c__Bacteroidia; o__Bacteroidales; f__Bacteroidaceae; g__Bacteroides	0.9999934877908051
09684c02ac5c8c7b494bd518453590b7	d__Bacteria; p__Bacillota; c__Negativicutes; o__Acidaminococcales; f__Acidaminococcaceae; g__Phascolarctobacterium	0.9999999999012203
327b75a0c327ce77215b2e834a99d6bd	d__Bacteria; p__Bacillota; c__Clostridia; o__Lachnospirales; f__Lachnospiraceae; g__Lachnospiraceae_UCG-004	0.7690848320535545
3ff24b265ce1d35b978dc9f23a2fbc1c	d__Bacteria; p__Bacillota; c__Clostridia; o__Lachnospirales; f__Lachnospiraceae	0.9999948788773814
b197b52481eba090c33bbf6e396509a3	d__Eukaryota	0.8892901334435379
80678f67df970ce7fe5b86360ce52737	d__Bacteria; p__Bacillota; c__Clostridia; o__Lachnospirales; f__Lachnospiraceae	0.999973091201974
f65c3bcf621e8ae78d83ada8ca1ccb09	d__Bacteria; p__Bacteroidota; c__Bacteroidia; o__Bacteroidales; f__Rikenellaceae; g__Rikenellaceae_RC9_gut_group	0.9999769175623994
4bb7b1b2c35161fd87cec7ab54d56518	d__Bacteria; p__Bacillota; c__Clostridia; o__Oscillospirales; f__Ruminococcaceae; g__Ruminococcus	0.8338278497666891
cf0b2e3b3aa7651b89e6c90669d31dc4	d__Bacteria; p__Bacillota; c__Clostridia; o__Oscillospirales; f__Oscillospiraceae; g__Oscillospira	0.9364930261208412
4e62e82369a05c833f675cb947e63dfa	d__Bacteria; p__Pseudomonadota; c__Gammaproteobacteria; o__Burkholderiales; f__Sutterellaceae; g__Sutterella	0.9999742807643646
7007a487a410e0d287d0a9e68ab43742	d__Bacteria	0.9999999999999706
fc286596cae52668447af0dc100163d2	d__Bacteria; p__Bacillota; c__Clostridia; o__Oscillospirales; f__Ruminococcaceae	0.9952867789120439
f640adce9970b446dcd2512548405112	d__Bacteria; p__Bacteroidota; c__Bacteroidia; o__Bacteroidales; f__Prevotellaceae; g__Prevotellaceae_UCG-001	0.9990366725767201
51861ba1e8bc473f5833ec6d5abae6c9	Unassigned	0.4690544330352322
e3eb7db1a1d8a0832d56a677d0e5ad90	d__Bacteria; p__Bacillota; c__Clostridia; o__Lachnospirales; f__Lachnospiraceae	0.9999958411186363
67959f97b2c4b33173450c4d84ef6e6b	d__Bacteria; p__Bacillota; c__Clostridia; o__Lachnospirales; f__Lachnospiraceae; g__Lachnospiraceae_UCG-004	0.9955626286840834
5a39f691f94edcc94a87d971a8568b34	d__Bacteria; p__Bacillota; c__Clostridia; o__Peptostreptococcales-Tissierellales; f__Peptostreptococcaceae; g__Romboutsia	0.9178531355941202
2f3f3e7f1c7baf79d1bee606b57f402f	d__Bacteria; p__Bacillota; c__Clostridia; o__Lachnospirales; f__Lachnospiraceae	0.9996860458119942
c9721e8e7a9b5ce70c68589cebe0ce1a	d__Bacteria; p__Bacillota; c__Bacilli; o__Erysipelotrichales; f__Erysipelotrichaceae; g__Absiella	0.9989080834426494
32735047b13a6471e875c42a3ebe1932	d__Bacteria; p__Bacillota; c__Clostridia; o__Lachnospirales; f__Lachnospiraceae	0.999890861270906
3bb39c1ff5d000de40b14d6e086870f8	d__Bacteria; p__Bacillota; c__Clostridia; o__Lachnospirales; f__Lachnospiraceae	0.9997726604684138
73d670f3e03e1013d5b894bd886cdb91	d__Bacteria; p__Bacteroidota; c__Bacteroidia; o__Bacteroidales; f__Prevotellaceae; g__Segatella	0.9994389469305418
8d1adc2db1142d175c8b1542bd6dbf00	d__Eukaryota	0.7236053929132136
f03993513760f477151a5905183c5ee5	d__Bacteria; p__Bacteroidota; c__Bacteroidia; o__Bacteroidales; f__Marinifilaceae; g__Butyricimonas	0.9999999941985038
6ba59cb88efefbc7107d2d06a81f38e5	d__Bacteria; p__Bacteroidota; c__Bacteroidia; o__Bacteroidales; f__Porphyromonadaceae; g__Porphyromonas	0.9999997194364422
d49e14ed65c225d238a5fb45e6eb409c	d__Bacteria; p__Bacteroidota; c__Bacteroidia; o__Bacteroidales; f__Prevotellaceae; g__Segatella	0.9503651202344215
f1e403bca4bb224f626f152f92553231	Unassigned	0.3262343358173567
dc61b128947e837786a6f3a58887361a	d__Bacteria; p__Bacteroidota; c__Bacteroidia; o__Bacteroidales; f__Marinifilaceae; g__Butyricimonas	0.9999997852972431
953882108be6d5222a7ce6b65e1662a5	d__Bacteria; p__Pseudomonadota; c__Gammaproteobacteria; o__Burkholderiales; f__Sutterellaceae; g__Sutterella	0.9931973309426609
67fbaec98740c2b5b6092c1192a2a56a	d__Bacteria; p__Bacillota; c__Clostridia; o__Lachnospirales; f__Lachnospiraceae	0.9998788092724233
d0fe11a68bcdb0367499585e1a32e714	d__Bacteria; p__Bacillota; c__Clostridia; o__Lachnospirales; f__Lachnospiraceae	0.9999991052437612
d82fcd4d224d63a83f9b17a260709cdb	d__Bacteria; p__Bacillota; c__Clostridia; o__Lachnospirales; f__Lachnospiraceae	0.9999968571841393
9a46c8d36dee88021b49b9f07f4d8cce	d__Bacteria; p__Bacteroidota; c__Bacteroidia; o__Bacteroidales; f__Prevotellaceae; g__Incertae_Sedis	0.9955149755282426
f109568a99f5bbef4a240a3b86de8f41	d__Bacteria; p__Bacillota; c__Clostridia; o__Peptostreptococcales-Tissierellales; f__Peptostreptococcaceae; g__[Eubacterium]_tenue_group	0.8505699106612958
8daf72c364de92a90c2a7f52d61a6f5e	d__Bacteria; p__Bacillota; c__Negativicutes; o__Veillonellales-Selenomonadales; f__Veillonellaceae; g__Allisonella	0.9999854096282105
c39b72f10a0c54fd75af4a41cdcc7fad	d__Bacteria; p__Bacteroidota; c__Bacteroidia; o__Bacteroidales; f__Bacteroidaceae; g__Bacteroides	0.9999609468024733
df589057f12172d047b36e12bc407bea	d__Bacteria; p__Bacillota; c__Clostridia; o__Lachnospirales; f__Lachnospiraceae	0.9984204105949365
4f4992abd3db2961de5d3abcef27f398	d__Bacteria; p__Bacillota; c__Bacilli; o__Erysipelotrichales; f__Erysipelatoclostridiaceae; g__Erysipelotrichaceae_UCG-003	0.9944609398813778
55471edb29ccf47efb7f06ebe6dc7264	d__Bacteria; p__Bacillota; c__Clostridia; o__Peptostreptococcales-Tissierellales; f__Anaerovoracaceae; g__Family_XIII_AD3011_group	0.9682379820307586
5f8377a238873b998de94e015d78cd18	d__Bacteria; p__Bacteroidota; c__Bacteroidia	0.9485511122393775
8b79583a1d56527a9ea3c93f0a8cb845	d__Bacteria; p__Bacteroidota; c__Bacteroidia; o__Bacteroidales; f__Bacteroidaceae; g__Bacteroides	0.9998110606561939
fbd3cfce74bded22bca10f6e60924582	d__Bacteria; p__Bacillota; c__Clostridia; o__Lachnospirales; f__Lachnospiraceae; g__Lachnospiraceae_UCG-004	0.8168069121034136
1f50a243640931f222b216acbc1a1c0d	d__Bacteria; p__Pseudomonadota; c__Gammaproteobacteria; o__Burkholderiales; f__Sutterellaceae; g__Sutterella	0.9864909637613695
dc9c8ec7ef97deba1454c3e5aa745f8b	d__Bacteria; p__Bacillota; c__Clostridia; o__Lachnospirales; f__Lachnospiraceae; g__Incertae_Sedis	0.7454320154136732
8a0c0cd657505f934edcd7324712128d	d__Bacteria; p__Bacillota; c__Negativicutes; o__Veillonellales-Selenomonadales; f__Veillonellaceae; g__Dialister	0.9999262006227065
fc275a49177596bc0ff4d117ea3afcf1	d__Bacteria; p__Bacillota; c__Clostridia; o__Oscillospirales; f__Ruminococcaceae; g__Acutalibacter	0.9973166077809833
114adb095423fd66cd535c54d6aa38de	d__Bacteria; p__Bacillota; c__Clostridia; o__Oscillospirales; f__Oscillospiraceae; g__NK4A214_group	0.9723394684835346
6df2499152424aafd597f10bd98863f7	d__Bacteria; p__Bacteroidota; c__Bacteroidia; o__Bacteroidales; f__Marinifilaceae; g__Butyricimonas	0.9997271817452597
6f67dfe7f4778bb1b6e99e15d7ff495f	d__Bacteria; p__Bacteroidota; c__Bacteroidia; o__Bacteroidales; f__Bacteroidaceae; g__Bacteroides	0.9495118621554255
bf22b35f479a1103a1a8c34065191156	d__Bacteria; p__Bacteroidota; c__Bacteroidia; o__Bacteroidales; f__Tannerellaceae; g__Parabacteroides	0.9997661353498939
7e7188210db454fd80335432b373d712	d__Bacteria; p__Bacillota; c__Clostridia; o__Lachnospirales; f__Lachnospiraceae	0.9999998079103158
5fc81b5058df45ac926549b9264b1c30	d__Bacteria; p__Bacillota; c__Clostridia; o__Clostridia_vadinBB60_group; f__Incertae_Sedis; g__Incertae_Sedis	0.9999798393183709
4e07071b72805f3c46ed3233babaee06	d__Bacteria; p__Bacillota; c__Clostridia; o__Clostridiales; f__Clostridiaceae; g__Clostridium	0.9994147577373212
64fc1ba7efe9e59fbeb8efad90d0169d	d__Bacteria; p__Bacillota; c__Clostridia; o__Lachnospirales; f__Lachnospiraceae	0.9987704580087171
b050ec55da777c88a9bd2684a9925e50	d__Bacteria; p__Thermodesulfobacteriota; c__Desulfovibrionia; o__Desulfovibrionales; f__Desulfovibrionaceae; g__Desulfovibrio	0.9605786621147662
01d83c58e6d9897d8f9af59c1dff5dfc	d__Bacteria; p__Bacillota; c__Bacilli; o__Staphylococcales; f__Staphylococcaceae; g__Staphylococcus	0.9993013578715442
08ee85b17486d99b4b96186fe70c8457	d__Bacteria; p__Bacillota; c__Bacilli; o__Erysipelotrichales; f__Erysipelatoclostridiaceae; g__Erysipelotrichaceae_UCG-003	0.9999957206500814
8f1cd917acca6590cb979e7f9d529875	d__Bacteria; p__Bacteroidota; c__Bacteroidia; o__Bacteroidales; f__Prevotellaceae	0.9999239612663559
74649c7ff78f9ce96b04285851de53b7	d__Bacteria; p__Bacillota; c__Clostridia; o__Lachnospirales; f__Lachnospiraceae; g__Anaerostipes	0.9978842915130633
d187e903ce60339e484125a75963b6fa	d__Bacteria; p__Bacillota; c__Clostridia; o__Clostridiales; f__Clostridiaceae; g__Clostridium	0.984718944836087
6a6b1ba508fd1c7d78cc53afc2eff78e	d__Bacteria; p__Bacillota; c__Clostridia; o__Lachnospirales; f__Lachnospiraceae	0.9999994139131533
24500705b3a17ccdf42c62b24673d445	d__Bacteria; p__Bacillota; c__Clostridia; o__Peptostreptococcales-Tissierellales; f__Family_XI; g__Peptoniphilus	0.9753212921289975
5ed573ca0c707cc5fc7b2de402316d4d	d__Bacteria; p__Bacteroidota; c__Bacteroidia; o__Bacteroidales; f__Prevotellaceae; g__Incertae_Sedis	0.9999980496438757
80682d3989d3b429d26f04e4b3dddddc	d__Bacteria; p__Bacillota; c__Clostridia; o__Lachnospirales; f__Lachnospiraceae; g__Enterocloster	0.9947669823366124
a9dbd88df9eb7de97e2fcb1f4faa7fe3	d__Bacteria; p__Bacillota; c__Negativicutes; o__Veillonellales-Selenomonadales; f__Veillonellaceae; g__Allisonella	0.999995006511175
d16af186428886f3683b13bcf102bcdf	d__Bacteria; p__Bacillota; c__Clostridia; o__Oscillospirales; f__Ruminococcaceae; g__Ruminococcus	0.9888119162554427
45844c452bdd432620daca010a5974db	d__Bacteria; p__Bacillota; c__Clostridia; o__Lachnospirales; f__Lachnospiraceae	0.9999995141537803
58051c3f676946a791bca56f3abfcd85	d__Bacteria; p__Thermodesulfobacteriota; c__Desulfovibrionia; o__Desulfovibrionales; f__Desulfovibrionaceae; g__Mailhella	0.9653644975168229
84647b363f8c3b49af0f40e46f8dee54	d__Bacteria; p__Bacillota; c__Clostridia; o__Lachnospirales; f__Lachnospiraceae	0.9998175510988286
b6ea1a37327a2c88f7bb8f2b6f8a3f26	d__Bacteria; p__Bacteroidota; c__Bacteroidia; o__Bacteroidales; f__Porphyromonadaceae; g__Porphyromonas	0.9999999031071287
420191f358a49fca105636a8be4de499	d__Bacteria; p__Bacillota; c__Clostridia; o__Peptostreptococcales-Tissierellales; f__Family_XI; g__Anaerococcus	1.0
101fa53bd39358f7795bd3eab7b865a5	d__Bacteria; p__Bacillota; c__Clostridia; o__Oscillospirales; f__Ruminococcaceae	0.9999999098607529
0f62bc1129c7543b642814ae1afb44db	d__Bacteria; p__Bacillota; c__Clostridia; o__Clostridia_UCG-014; f__Incertae_Sedis; g__Incertae_Sedis	0.9999999999997726
c66fdba3f61eae0940877c2fb38d5312	d__Bacteria; p__Bacillota; c__Clostridia; o__Lachnospirales; f__Lachnospiraceae	0.9995837366636142
0c943aa883b1bd3099a106da536d8543	d__Bacteria; p__Pseudomonadota; c__Gammaproteobacteria; o__Enterobacterales; f__Succinivibrionaceae; g__Succinivibrio	0.7817396074252669
e18480b2300ab6a34273a877bf172aa2	d__Bacteria; p__Bacillota; c__Clostridia; o__Oscillospirales; f__Ruminococcaceae; g__Faecalibacterium	0.989256083396899
64dfb9d0ed5a4a4eb253805fd7407491	d__Bacteria; p__Bacillota; c__Clostridia; o__Lachnospirales; f__Lachnospiraceae	0.9990298279789358
8d03ab7766e7f0be53ae7e1be1d3249c	d__Bacteria; p__Pseudomonadota; c__Gammaproteobacteria; o__Enterobacterales; f__Pasteurellaceae; g__Haemophilus	0.9781342970878358
8b385558f96ac7a1e6f61cb235978f57	d__Bacteria; p__Bacillota; c__Clostridia; o__Lachnospirales; f__Lachnospiraceae; g__Blautia	0.7116797122897773
08f93d956875f284b808644c832daaf2	d__Bacteria; p__Bacteroidota; c__Bacteroidia; o__Bacteroidales; f__Bacteroidaceae; g__Bacteroides	0.9974923517477863
437a0f0c92178347771b477fff86ea29	d__Bacteria; p__Bacillota; c__Clostridia; o__Oscillospirales; f__Butyricicoccaceae; g__Agathobaculum	0.9976499667574479
ab335e7e685bd562a13ecc5d1bfc359c	d__Bacteria; p__Bacillota; c__Clostridia; o__Lachnospirales; f__Lachnospiraceae	0.999999057738903
210529b581d4d82323598f916731b08b	d__Bacteria; p__Bacillota; c__Clostridia; o__Peptostreptococcales-Tissierellales; f__Anaerovoracaceae; g__[Eubacterium]_brachy_group	0.9954438717150382
6af16a2abc9a00d3fe473f9778bc3f8d	d__Bacteria; p__Bacteroidota; c__Bacteroidia; o__Bacteroidales; f__Prevotellaceae	0.999184567395221
a7e35a737d2fd8751fa63eb0a7844c65	d__Bacteria; p__Bacillota; c__Negativicutes; o__Acidaminococcales; f__Acidaminococcaceae; g__Phascolarctobacterium	0.999999999634511
d98766ab2c3b77dfc9910064956ebc9a	d__Bacteria; p__Bacillota; c__Clostridia; o__Lachnospirales; f__Lachnospiraceae; g__Lachnospiraceae_UCG-004	0.9185476735907773
339951026e8d0df1bbbd232caf54b684	d__Bacteria; p__Bacillota; c__Clostridia; o__Lachnospirales; f__Lachnospiraceae	0.9999245455691887
a2e2703c92e55d5adc23c6d8f43b9571	d__Bacteria; p__Bacillota; c__Clostridia; o__Lachnospirales; f__Lachnospiraceae	0.9998426956762112
81b8633dda8c25412bc420cdb427a4a2	d__Bacteria; p__Bacillota; c__Clostridia; o__Oscillospirales; f__Ruminococcaceae; g__CAG-352	0.9999497043323413
6e76b24c263a73729b5e3b48d654d979	d__Bacteria; p__Fusobacteriota; c__Fusobacteriia; o__Fusobacteriales; f__Fusobacteriaceae; g__Fusobacterium	0.9999999999836007
4ddac97dd046d8440bc62a5f82bd24b8	d__Bacteria; p__Bacteroidota; c__Bacteroidia; o__Bacteroidales; f__Bacteroidaceae; g__Bacteroides	0.9799910260922381
da8111bf9090b75643f5a8787faf1ff5	d__Bacteria; p__Bacillota; c__Clostridia	0.9999990256552989
53280f760dfb7fcc6a7c7a85c05ddabd	Unassigned	0.9826308807209351
2bcfa2e84c4e88dd0f8f9686816037be	d__Bacteria; p__Bacillota; c__Negativicutes; o__Acidaminococcales; f__Acidaminococcaceae; g__Phascolarctobacterium	0.999895460323753
4374eeb5d6b107cbf5d728786e3c7d6b	d__Bacteria; p__Fusobacteriota; c__Fusobacteriia; o__Fusobacteriales; f__Fusobacteriaceae; g__Fusobacterium	0.9999753512212386
672001cf706cdae1b5533b99e311daa7	d__Bacteria; p__Bacillota; c__Clostridia; o__Lachnospirales; f__Lachnospiraceae; g__Blautia	0.8767599536842969
6a6144dd7283ee395a8714c5826fe161	d__Bacteria; p__Actinomycetota; c__Coriobacteriia; o__Coriobacteriales; f__Atopobiaceae; g__Atopobium	0.998560746093913
9a515897e860f7816fb21953750ca0e0	d__Bacteria; p__Bacillota; c__Negativicutes; o__Veillonellales-Selenomonadales; f__Veillonellaceae; g__Veillonella	0.9999996629690884
ea919e22ab8d77a11ef1c78c2b3cecd8	d__Bacteria; p__Bacillota; c__Negativicutes; o__Veillonellales-Selenomonadales; f__Veillonellaceae; g__Dialister	0.9999874321773692
468ef1cc86d8e598190ab19585688465	d__Bacteria; p__Bacteroidota; c__Bacteroidia; o__Bacteroidales; f__Tannerellaceae; g__Parabacteroides	0.9999993431288229
929ba05785e7ab84ba5bf10a51d07422	d__Bacteria; p__Bacillota; c__Clostridia; o__Lachnospirales; f__Lachnospiraceae	0.9999868398153898
385f7b8aed6202daebc1f45bfce4f407	d__Bacteria; p__Bacteroidota; c__Bacteroidia; o__Bacteroidales; f__Bacteroidaceae; g__Bacteroides	0.9999990763126905
434997a0b81330bae65aff73e5b87d52	d__Bacteria; p__Bacillota; c__Clostridia; o__Clostridia_UCG-014; f__Incertae_Sedis; g__Incertae_Sedis	0.9999999999978684
0c0d7ba5149f0f516f964ab348b025d8	d__Bacteria; p__Bacillota; c__Clostridia; o__Oscillospirales; f__Ruminococcaceae; g__Hydrogenoanaerobacterium	0.8070637857942169
aba846aa1956c11958e4d70d2d332edf	d__Bacteria; p__Bacillota; c__Clostridia; o__Lachnospirales; f__Lachnospiraceae; g__Lachnoanaerobaculum	0.9585277069920178
8addfa1147301d3f0dd8e1d00e332153	d__Bacteria; p__Bacillota; c__Clostridia; o__Christensenellales; f__Christensenellaceae; g__Christensenellaceae_R-7_group	0.7439985626272554
54aea10e0510aee3d4a7ef977ac8200f	d__Bacteria; p__Bacteroidota; c__Bacteroidia; o__Bacteroidales; f__Tannerellaceae; g__Parabacteroides	0.9999999604789033
22969ae362044f40c1bfe35698959c85	d__Bacteria; p__Bacteroidota; c__Bacteroidia; o__Bacteroidales; f__Rikenellaceae; g__Alistipes	0.9998651823267405
4983598e3fcb3be856cec4c41068673d	d__Bacteria; p__Bacillota; c__Clostridia; o__Lachnospirales; f__Lachnospiraceae; g__Anaerostipes	0.9965171258369535
b6d29bad6e442a13215a1e2b4c59c206	d__Bacteria; p__Bacillota; c__Clostridia; o__Lachnospirales; f__Lachnospiraceae; g__Lachnospiraceae_UCG-004	0.8794924953655173
2aaa33afcc42ac30b3b4a4b0a11e0b14	d__Bacteria; p__Bacteroidota; c__Bacteroidia; o__Bacteroidales; f__Marinifilaceae; g__Butyricimonas	0.9999999576211147
c990dee4eff75b0e59d64925bf64540b	d__Bacteria; p__Actinomycetota; c__Actinobacteria; o__Bifidobacteriales; f__Bifidobacteriaceae; g__Bifidobacterium	0.9096431435681049
f3b7f8c4c43d0018b020e65621405e69	d__Bacteria; p__Bacillota; c__Clostridia; o__Lachnospirales; f__Lachnospiraceae	0.9999999746627277
2fc3fdd8135e3028d21a959541d466e6	d__Bacteria; p__Bacillota; c__Clostridia; o__Lachnospirales; f__Lachnospiraceae	0.999992053526628
bd9723dbbb1d75606222e4d175102a74	d__Bacteria; p__Bacillota; c__Clostridia; o__Oscillospirales; f__Ruminococcaceae; g__Faecalibacterium	0.966481959585092
d92708252c0da003c84b993c87200dd4	d__Bacteria; p__Bacillota; c__Clostridia; o__Lachnospirales; f__Lachnospiraceae	0.9999765390148097
92cc95eab20ec7893d62d12682b5189e	d__Bacteria; p__Bacillota; c__Negativicutes; o__Veillonellales-Selenomonadales; f__Veillonellaceae; g__Megasphaera	0.999978689235166
c9117f9042972b72f4c968e2bd1004d9	d__Bacteria; p__Bacillota; c__Clostridia; o__Lachnospirales; f__Lachnospiraceae; g__Lachnospiraceae_FCS020_group	0.9361905108961923
5ddc5b60b9e56efba049ec575ba23d16	d__Bacteria; p__Bacillota; c__Clostridia; o__Lachnospirales; f__Lachnospiraceae; g__Stomatobaculum	0.7266746410254972
1153213d4a74100c1bcfeab57093c347	d__Bacteria; p__Bacillota; c__Clostridia; o__Lachnospirales; f__Lachnospiraceae	0.9999951115352103
a9f0c33ba046e234cb57735b8b43a12a	d__Bacteria; p__Bacillota; c__Clostridia; o__Lachnospirales; f__Lachnospiraceae	0.9998800029325055
12eb65baf8a68de361187697abe71e6b	d__Bacteria; p__Bacteroidota; c__Bacteroidia; o__Bacteroidales; f__Prevotellaceae; g__Hoylesella	0.9403845329710596
13e0b1fb65990e81bd1ad521f77b6579	d__Bacteria; p__Bacillota; c__Clostridia; o__Lachnospirales; f__Lachnospiraceae	0.9853918956110086
a71813e65bad94519fd46df6409ef29f	d__Bacteria; p__Pseudomonadota; c__Gammaproteobacteria; o__Burkholderiales; f__Comamonadaceae; g__Tepidimonas	0.996038694510655
6350e8ac58f2c0a75f6bddb8c437a607	d__Bacteria; p__Bacteroidota; c__Bacteroidia; o__Bacteroidales; f__Bacteroidaceae; g__Bacteroides	0.9999015570744727
abe2341ca6060dbeeec098e1c5c824c3	d__Bacteria; p__Bacillota; c__Clostridia; o__Oscillospirales; f__Oscillospiraceae; g__UCG-002	0.9994123434984085
ddf91f9971e5b8a0102aa23efa280c53	d__Bacteria; p__Bacillota; c__Clostridia; o__Lachnospirales; f__Lachnospiraceae	0.999925116735979
d332dfc6930fdafe0c4a779181424d12	d__Bacteria; p__Bacillota; c__Negativicutes; o__Veillonellales-Selenomonadales; f__Veillonellaceae; g__Dialister	0.9947077429140431
397419d2b7828fe4ee4199a9e303cbb7	d__Bacteria; p__Bacillota; c__Clostridia; o__Lachnospirales; f__Lachnospiraceae; g__Lachnospiraceae_UCG-004	0.7912350313615966
9fdc067b395525bf1831df525a5c93bd	d__Bacteria; p__Actinomycetota; c__Coriobacteriia; o__Coriobacteriales; f__Eggerthellaceae; g__Senegalimassilia	0.9999999949720149
f6194bda864f29de69d3fb90c9bf3dac	d__Bacteria; p__Bacillota; c__Clostridia; o__Christensenellales; f__Christensenellaceae; g__Christensenellaceae_R-7_group	0.9510082295594396
deccc8681a3f05d28e1c4800ddd31955	d__Bacteria; p__Bacteroidota; c__Bacteroidia; o__Bacteroidales; f__Barnesiellaceae; g__Coprobacter	0.9999999999493099
3b1c7dbf7f2d3a37cefc35b130eb0c86	d__Bacteria; p__Bacillota; c__Negativicutes; o__Veillonellales-Selenomonadales; f__Veillonellaceae; g__Dialister	0.9999915410949223
7c9dd751124f480e018ab73a2e338215	d__Bacteria; p__Bacillota; c__Clostridia; o__Lachnospirales; f__Lachnospiraceae	0.9910635105314025
20c39f2e39f4dc6f742271d075c62ed0	d__Bacteria; p__Bacillota; c__Clostridia; o__Lachnospirales; f__Lachnospiraceae; g__Shuttleworthia	0.721062215062019
f67ab8f0c1ccf6997fae83eaa26dfd27	d__Bacteria; p__Bacillota; c__Clostridia; o__Oscillospirales; f__Ruminococcaceae; g__Faecalibacterium	0.9928830886489888
69bd4540f28bf812e1bb11d5eb6436d7	d__Bacteria; p__Bacteroidota; c__Bacteroidia; o__Bacteroidales; f__Incertae_Sedis; g__Incertae_Sedis	0.9997051610625897
bdc87a59cbe26b2b5e36ad38d91f0065	d__Bacteria; p__Bacillota; c__Clostridia; o__Oscillospirales; f__Ruminococcaceae	0.999999829916447
7b0703fe4403835f0e5f2bf5ff967369	d__Bacteria; p__Bacillota; c__Clostridia; o__Lachnospirales; f__Lachnospiraceae	0.9995483669352723
c3a21ce72d3a0d1c1bdc58528d3fc6d3	d__Bacteria; p__Bacillota; c__Clostridia; o__Lachnospirales; f__Lachnospiraceae; g__Blautia	0.8829702044175441
be70831711a90b98ae4933e5ab8d1360	d__Bacteria; p__Bacteroidota; c__Bacteroidia; o__Bacteroidales; f__Prevotellaceae; g__Leyella	0.9998173505263397
9869df7fcafae286095c139cf9f4ab2f	d__Bacteria; p__Bacillota; c__Clostridia; o__Lachnospirales; f__Lachnospiraceae	0.9999593796138406
75835b0fff67fc0ac21866ed6cf1681e	d__Bacteria; p__Bacillota; c__Clostridia; o__Lachnospirales	0.9995828956959678
b891a770c5bbfd3f8e91b97a3a8f81b8	d__Bacteria; p__Bacteroidota; c__Bacteroidia; o__Bacteroidales; f__Tannerellaceae; g__Parabacteroides	0.9979017783564806
15042ec5d4c558a90282e36ef663582e	d__Bacteria; p__Actinomycetota; c__Actinobacteria; o__Mycobacteriales; f__Corynebacteriaceae; g__Lawsonella	0.9147629464736537
3dbc8b361e6456d8a9e3d6d1eec8a192	d__Bacteria; p__Pseudomonadota; c__Gammaproteobacteria; o__Burkholderiales; f__Sutterellaceae; g__Sutterella	0.8214563362275565
4d57a765996a2a479fe0170edea82f40	d__Bacteria; p__Bacillota; c__Clostridia; o__Lachnospirales; f__Lachnospiraceae; g__Lachnospiraceae_UCG-004	0.9698017404548684
36c83f8ecfcae3f83e3c3668d868b8b3	d__Bacteria; p__Bacteroidota; c__Bacteroidia; o__Bacteroidales	0.9999891535925016
7460c9738f07670b7545abe3825c11fc	d__Bacteria; p__Bacillota; c__Clostridia; o__Oscillospirales; f__Ruminococcaceae	0.999998566990919
6dd47d03f2352f8fe24af07a88328b38	d__Bacteria; p__Actinomycetota; c__Coriobacteriia; o__Coriobacteriales; f__Eggerthellaceae; g__Adlercreutzia	0.841323410531423
b1a11733fa06613fd2fde8fcb681e755	d__Bacteria; p__Bacillota; c__Clostridia; o__Oscillospirales; f__Ruminococcaceae	0.8884957777574983
b79125656da559042f3177f6920a649c	d__Bacteria; p__Bacillota; c__Clostridia; o__Lachnospirales; f__Lachnospiraceae	0.9999670172838602
d76defc7d0e8645497a85f2172bbfa7c	d__Bacteria; p__Bacillota; c__Negativicutes; o__Acidaminococcales; f__Acidaminococcaceae; g__Phascolarctobacterium	0.9999999999475762
5d8c991613a2d9fd33780a15c93f700a	d__Bacteria; p__Bacillota; c__Clostridia; o__Lachnospirales; f__Lachnospiraceae	0.9999508191646145
965dd57e176d660f6739eaa1cbb0e98b	d__Bacteria; p__Bacteroidota; c__Bacteroidia; o__Bacteroidales; f__Muribaculaceae; g__Incertae_Sedis	0.9056018714626153
e9e972ed84b2550709d283f82bc6cc66	d__Bacteria; p__Bacillota; c__Clostridia; o__Christensenellales; f__Christensenellaceae; g__Christensenellaceae_R-7_group	0.9962261029300832
ed74c8d3e732ff7e830c9acc90ff30fb	d__Bacteria; p__Bacillota; c__Clostridia; o__Lachnospirales; f__Lachnospiraceae	0.9999995407735789
241238720b5b895e2989b44038fbc992	d__Bacteria; p__Bacillota; c__Clostridia; o__Oscillospirales; f__Ruminococcaceae; g__Faecalibacterium	0.9999902262662778
17bd157d9a598aa3a205ff92c593c824	d__Bacteria; p__Bacillota; c__Clostridia; o__Lachnospirales; f__Lachnospiraceae	0.99999992700683
040a2f8acbe1c9e012c4420d239e496b	d__Bacteria; p__Bacillota; c__Clostridia; o__Lachnospirales; f__Lachnospiraceae	0.9998685985277409
1246fea87e53be47ec9db14262e61b2b	d__Bacteria; p__Pseudomonadota; c__Gammaproteobacteria; o__Burkholderiales; f__Sutterellaceae; g__Sutterella	0.9998356038959294
36745e1f0c26914bbe1be8ca35791dd6	d__Bacteria; p__Bacillota; c__Clostridia; o__Clostridia_vadinBB60_group; f__Incertae_Sedis; g__Incertae_Sedis	0.9999973545220263
d4f567f96ae430395ba4743011ec78bb	d__Bacteria; p__Bacillota; c__Clostridia; o__Lachnospirales; f__Lachnospiraceae; g__Lachnospiraceae_UCG-004	0.9582559965848173
44e77a1be9d508e226587b2d90ce4908	d__Bacteria; p__Bacillota; c__Clostridia; o__Oscillospirales; f__[Eubacterium]_coprostanoligenes_group; g__Incertae_Sedis	0.9988073953400569
decb7ca525083f7cadef30b02687e7a8	d__Bacteria; p__Bacillota; c__Clostridia	0.9999380049698239
49f6261ac3d0e61a30271490e3b3927b	d__Bacteria; p__Bacillota; c__Clostridia; o__Lachnospirales; f__Lachnospiraceae; g__probable_genus_10	0.8179548320794118
c945c917ccde581b0266a5c70cf04a42	d__Bacteria; p__Bacillota; c__Clostridia; o__Lachnospirales; f__Lachnospiraceae	0.9974179618529273
b5a1b7e7b7e53e5398b30b71da8a118d	d__Bacteria; p__Bacillota; c__Clostridia; o__Lachnospirales; f__Lachnospiraceae; g__Mediterraneibacter	0.8638322523266613
a5227de1cbf0219c63f06fe9024af114	d__Bacteria; p__Bacillota; c__Bacilli; o__Lactobacillales; f__Streptococcaceae; g__Streptococcus	0.9998025273766958
4d9910d3d47d0800d91309f6d0346a0e	d__Bacteria; p__Bacillota; c__Clostridia; o__Lachnospirales; f__Lachnospiraceae	0.9984901280898668
4618f9d9069c136672d7c2b6acef2d15	d__Bacteria; p__Bacteroidota; c__Bacteroidia; o__Bacteroidales; f__Bacteroidaceae; g__Bacteroides	0.9999203904769017
977b4397a7cff0dc65c5f3efd2a44371	d__Bacteria; p__Bacillota; c__Clostridia; o__Monoglobales; f__Monoglobaceae; g__Monoglobus	0.9999996155170721
ca560e04b4732c43bdcd25cf98e83e2a	d__Bacteria; p__Bacteroidota; c__Bacteroidia; o__Bacteroidales; f__Prevotellaceae; g__Alloprevotella	0.9999999999993037
6b70d362482595637e5909450cc031f7	d__Bacteria; p__Bacillota; c__Clostridia; o__Lachnospirales; f__Lachnospiraceae	0.9999976466462343
71c1e9a0c6e9c9fdc7ed62ca32835a1f	d__Bacteria; p__Bacillota; c__Clostridia; o__Lachnospirales; f__Lachnospiraceae	0.9999924181118647
1cf1ddf9e5d665408568d87bdfc5a744	d__Bacteria; p__Bacteroidota; c__Bacteroidia; o__Bacteroidales; f__Bacteroidaceae; g__Bacteroides	0.9999987093584595
44e1813e3011e46c524c195a57978742	d__Bacteria; p__Bacillota; c__Clostridia; o__Lachnospirales; f__Lachnospiraceae; g__Blautia	0.7363499195090324
71cf27ef24275c1cf534c8bb020790fb	d__Bacteria; p__Pseudomonadota; c__Gammaproteobacteria; o__Enterobacterales; f__Pasteurellaceae; g__Haemophilus	0.9999707294038476
25e6a5ade8a44a0c5e8c8ec7cb89a1b0	d__Bacteria; p__Pseudomonadota; c__Gammaproteobacteria; o__Enterobacterales; f__Pasteurellaceae; g__Actinobacillus	0.9866802157194314
db12bcab12b046bf0af620dae43101de	d__Bacteria; p__Bacillota; c__Clostridia; o__Lachnospirales; f__Lachnospiraceae; g__Howardella	0.9999928572830195
c494a144db68078c906f3635c18ff7f7	d__Bacteria; p__Bacillota; c__Clostridia; o__Oscillospirales; f__Ruminococcaceae; g__Acutalibacter	0.9999822351490759
104e02014f4013bd7691c116d6a1a2ee	d__Bacteria; p__Pseudomonadota; c__Alphaproteobacteria; o__Hyphomicrobiales; f__Xanthobacteraceae	0.9999995694097245
3c6d0ecafdb22cc5d928c54554013456	d__Bacteria; p__Bacillota; c__Clostridia; o__Peptostreptococcales-Tissierellales; f__Peptostreptococcaceae; g__Asaccharospora	0.8985843364513955
864e46da3c79454cd8c8f9a345f21954	d__Bacteria; p__Bacteroidota; c__Bacteroidia; o__Bacteroidales; f__Bacteroidaceae; g__Bacteroides	0.9999526078675287
d8defbd4504517d94cd02779a481d62f	d__Bacteria; p__Bacteroidota; c__Bacteroidia; o__Bacteroidales; f__Prevotellaceae; g__Segatella	0.9990766060731866
92668e14b89a087c5e50354c04d88d48	d__Bacteria; p__Pseudomonadota; c__Alphaproteobacteria; o__Rhodospirillales; f__Incertae_Sedis; g__Incertae_Sedis	0.999338964658558
79fc2c97cdac6b2a8b09147991b6dfca	d__Bacteria; p__Bacillota; c__Clostridia; o__Lachnospirales; f__Lachnospiraceae	0.9999959545356268
989cc3e5ffff77d34fcea6e639583f94	d__Bacteria; p__Bacillota; c__Clostridia; o__Oscillospirales; f__Ruminococcaceae; g__Faecalibacterium	0.9999965125271605
37b053a7bc3acb534a3cd9d430535b04	d__Bacteria; p__Bacillota; c__Clostridia; o__Lachnospirales; f__Lachnospiraceae	0.999732212326687
6755fb16d77dc53df8579a1a56541823	d__Bacteria; p__Bacillota; c__Clostridia; o__Lachnospirales; f__Lachnospiraceae	0.9982485368617938
ae981ab0d07ca6723f43ec5fb3208e19	Unassigned	0.7585940879422861
cef4a9abaf670e809e172092531399ac	d__Bacteria; p__Bacillota; c__Clostridia; o__Lachnospirales; f__Lachnospiraceae; g__Catenibacillus	0.8156988332459884
44020dd2a6b6330fb9d75e813ea574df	d__Bacteria; p__Bacillota; c__Bacilli; o__Acholeplasmatales; f__Acholeplasmataceae; g__Anaeroplasma	0.9999999204232243
d274dafdb6b88bda644b676c28c82663	d__Bacteria; p__Bacteroidota; c__Bacteroidia; o__Bacteroidales; f__Muribaculaceae; g__CAG-873	0.9999989330213602
17e80f7081eed912a05a7a12567dffbe	d__Bacteria; p__Bacillota; c__Clostridia; o__Lachnospirales; f__Lachnospiraceae; g__Lachnospiraceae_UCG-004	0.9669450817599644
05c9b414a73de1bec976950eafef8026	d__Bacteria; p__Bacillota; c__Clostridia; o__Oscillospirales; f__Oscillospiraceae; g__Oscillospira	0.9776142773471146
c6745f204fecefe79630876967ca1af3	d__Bacteria; p__Bacillota; c__Clostridia; o__Lachnospirales; f__Lachnospiraceae	0.9999993088586827
5842c41c1c6ba121745737bab532fafd	Unassigned	0.6341467701005202
0e3374590bab6c9108255817d266ab5c	d__Bacteria; p__Bacillota; c__Clostridia; o__Lachnospirales; f__Lachnospiraceae	0.9998901222146873
229fa35ca99da6ea68e1ec4c4d144362	d__Bacteria; p__Bacillota; c__Clostridia; o__Lachnospirales; f__Lachnospiraceae	0.9997422356006339
95e59efecbd6f1f432bf75af9faaea7d	d__Bacteria; p__Bacteroidota; c__Bacteroidia; o__Bacteroidales; f__Bacteroidaceae; g__Bacteroides	0.9999991549226213
965d95f4b78e98cc50c4ff4fd0ff0f83	d__Bacteria; p__Bacillota; c__Clostridia; o__Clostridia_UCG-014; f__Incertae_Sedis; g__Incertae_Sedis	0.9999999999994742
01ef54f644b9f489973a95d037aed813	d__Bacteria; p__Bacillota; c__Clostridia; o__Lachnospirales; f__Lachnospiraceae; g__Lachnospiraceae_UCG-004	0.8708922915956392
24042499d9b3fc0e7dbd3fef34212594	d__Bacteria; p__Bacillota; c__Clostridia; o__Lachnospirales; f__Lachnospiraceae	0.8602724081333164
a78264dd5636db515c8d3efbe0c84cf5	d__Bacteria; p__Bacillota; c__Negativicutes; o__Veillonellales-Selenomonadales; f__Selenomonadaceae; g__Mitsuokella	0.9999995051628562
8948fc2ba3cb3c0a4db7795dee157fa9	d__Bacteria; p__Bacillota; c__Clostridia; o__Lachnospirales; f__Lachnospiraceae; g__Anaerobutyricum	0.9965441357076459
6f94020a2687fb306013035429b9797f	d__Bacteria; p__Bacillota; c__Clostridia; o__Oscillospirales; f__Ruminococcaceae	0.7148211901038459
866060d4a8d9807decaaf4616df96ef1	d__Bacteria; p__Bacillota; c__Clostridia; o__Lachnospirales; f__Lachnospiraceae	0.9999421475415903
2447e889aef5fa726831ed9086dc6ee9	d__Bacteria; p__Bacillota; c__Clostridia; o__Oscillospirales; f__Ruminococcaceae; g__Ruminococcus	0.9912918188067319
a70a4f1c658c85df98100b12f79fc71f	d__Bacteria; p__Bacillota; c__Clostridia; o__Peptostreptococcales-Tissierellales; f__Peptostreptococcaceae; g__Peptostreptococcus	0.9998966508193666
e1f1371801a827d9b24fa1369a2651ee	d__Bacteria; p__Bacillota; c__Clostridia; o__Lachnospirales; f__Lachnospiraceae; g__GCA-900066575	0.9348839885155774
ce9458cd53eb2dca97f9e63d00dbf0f2	d__Bacteria; p__Bacillota; c__Clostridia; o__Oscillospirales; f__UCG-010; g__Incertae_Sedis	0.9999923396826865
1a851ecb60853222232d7d19bb460673	d__Bacteria; p__Bacillota; c__Clostridia; o__Oscillospirales; f__Ruminococcaceae; g__Faecalibacterium	0.9999941611308788
913a17475c656a17af4876bb40034274	d__Bacteria; p__Synergistota; c__Synergistia; o__Synergistales; f__Synergistaceae; g__Cloacibacillus	0.9999924421219617
edccbe3f1df23c2075d8e3a2447dd953	d__Bacteria; p__Bacillota; c__Clostridia; o__Lachnospirales; f__Lachnospiraceae; g__Dorea	0.9776532131179344
79729d458e1e55aaa73f31a173e6cbf7	d__Bacteria; p__Bacillota; c__Clostridia; o__Oscillospirales; f__Oscillospiraceae	0.9995355145076439
5c044bc4f77d1f4bd28db738cc111363	d__Bacteria; p__Bacillota; c__Clostridia; o__Lachnospirales; f__Lachnospiraceae	0.999983153250176
d9c4852e2eb4359006363f83e06e3aab	d__Bacteria; p__Bacillota; c__Clostridia; o__Oscillospirales; f__Ruminococcaceae; g__Incertae_Sedis	0.9999732132161989
e297f99e18635396baab5e92a1cada02	d__Bacteria; p__Bacteroidota; c__Bacteroidia; o__Bacteroidales; f__Bacteroidaceae; g__Bacteroides	0.9968601633819757
6616d0811e5224d0f1c78dd574a3f1c2	d__Bacteria; p__Bacillota; c__Clostridia; o__Oscillospirales; f__Ruminococcaceae; g__Faecalibacterium	0.9999887617981318
23704ccb7b0f7051f08a45e696cd15e6	d__Bacteria; p__Bacillota; c__Negativicutes; o__Veillonellales-Selenomonadales; f__Veillonellaceae; g__Dialister	0.9944977491681215
9dfa82b96a563c954b670e803287ff7e	d__Bacteria; p__Actinomycetota; c__Actinobacteria; o__Bifidobacteriales; f__Bifidobacteriaceae; g__Bifidobacterium	0.9999998648109119
6c7e55ab7c16e9601244a23ec27908a6	d__Bacteria; p__Bacteroidota; c__Bacteroidia; o__Bacteroidales; f__Porphyromonadaceae; g__Porphyromonas	0.9932646087638651
2454f7184cb95924975b0bed2138608e	d__Bacteria; p__Bacillota; c__Clostridia; o__Lachnospirales; f__Lachnospiraceae	0.9974636407664079
15744536d3d49f520756f2bbf4f74945	d__Bacteria; p__Bacillota; c__Clostridia; o__Lachnospirales; f__Lachnospiraceae; g__Lachnospiraceae_UCG-004	0.9887815313057449
049d72daddcbb6ab501c15d12e68fc60	d__Bacteria; p__Bacteroidota; c__Bacteroidia; o__Bacteroidales; f__Bacteroidaceae; g__Bacteroides	0.9999413548112112
293ad5c8d840c8f6944c203292db2cbd	d__Bacteria; p__Actinomycetota; c__Coriobacteriia; o__Coriobacteriales; f__Eggerthellaceae; g__Adlercreutzia	0.9149947693437935
a7a2dd9b44b86b4bc06624344dfdbafd	d__Bacteria; p__Bacillota; c__Clostridia; o__Lachnospirales; f__Lachnospiraceae	0.9996010116807198
c1e355698af3eaaf7dbac5aea422e079	d__Bacteria; p__Bacillota; c__Clostridia; o__Clostridia_UCG-014; f__Incertae_Sedis; g__Incertae_Sedis	0.9999999999991189
b8c84ba9ecd800ede14b94302704a40a	d__Bacteria; p__Bacillota; c__Clostridia; o__Oscillospirales; f__Ruminococcaceae; g__Faecalibacterium	0.9841175551955774
a64052386fe6cd9770971bb1e5d57f70	d__Bacteria; p__Bacillota; c__Clostridia; o__Lachnospirales; f__Lachnospiraceae	0.9280279281549934
ee2b06decdfd1cd7f8270b6dda6163e4	d__Bacteria; p__Actinomycetota; c__Actinobacteria; o__Bifidobacteriales; f__Bifidobacteriaceae; g__Bifidobacterium	0.9999997605151096
c3cd1836348af4af1a1a1c388d12e98b	d__Bacteria; p__Bacillota; c__Clostridia; o__Oscillospirales; f__Oscillospiraceae	0.9999572310231551
a788ab23f02d0734213b523e787d5e57	d__Bacteria; p__Bacteroidota; c__Bacteroidia; o__Bacteroidales; f__Prevotellaceae; g__Segatella	0.9996329545948837
09deb4110b7dc76d582a9463f699ea73	d__Bacteria; p__Bacillota; c__Clostridia; o__Oscillospirales; f__Oscillospiraceae; g__UCG-005	0.9985486023533797
9914f41d3e0f7849eae7501fafa89b7b	d__Bacteria; p__Thermodesulfobacteriota; c__Desulfovibrionia; o__Desulfovibrionales; f__Desulfovibrionaceae; g__Desulfovibrio	0.9984487019768465
bd5ff124d02389c154853855a4d38341	d__Bacteria; p__Bacillota; c__Clostridia; o__Lachnospirales; f__Lachnospiraceae	0.9995228975778809
bd1df219e76c321435890600e1806101	d__Bacteria; p__Bacillota; c__Clostridia; o__Lachnospirales; f__Lachnospiraceae	0.9999492800399031
559c8331bb659e4ebd4aecd3152f59c0	d__Bacteria; p__Bacillota; c__Clostridia; o__Lachnospirales; f__Lachnospiraceae	0.9999264890373956
f7db1054d8fce3b4f994ee7e237cd2d8	d__Bacteria; p__Bacillota; c__Clostridia; o__Christensenellales; f__Christensenellaceae; g__Christensenellaceae_R-7_group	0.9264097151965741
4cda979ea1723a3c782418b430f691a2	d__Bacteria; p__Actinomycetota; c__Coriobacteriia; o__Coriobacteriales; f__Atopobiaceae	0.999982365011691
496071a459e84a2d46b468241c6115a3	d__Bacteria; p__Bacillota; c__Clostridia; o__Clostridiales; f__Clostridiaceae; g__Clostridium	0.9995650442275497
bebc34d3ecf1c72be81662f29b8adcdc	d__Bacteria; p__Bacillota; c__Clostridia; o__Oscillospirales; f__Ruminococcaceae; g__Faecalibacterium	0.9999919838108147
283e13885f36685d0474a694660c38fe	d__Bacteria; p__Bacillota; c__Clostridia; o__Lachnospirales; f__Lachnospiraceae	0.999806485053517
e3b0f19a87cae0d68969abecf001f02f	d__Bacteria; p__Bacillota; c__Clostridia; o__Oscillospirales; f__Ruminococcaceae; g__Anaerotruncus	0.999968213361565
27c8bebf8480d8288e0737f8a77cc6fc	d__Bacteria; p__Bacteroidota; c__Bacteroidia; o__Bacteroidales; f__Bacteroidaceae; g__Bacteroides	0.9994417940347552
42535fb5306bffe7d1a787ca189c35cf	d__Bacteria; p__Bacillota; c__Clostridia; o__Oscillospirales; f__Ruminococcaceae; g__Paludicola	0.9999912409693562
239841ee904ce9d2dfca8da1071b75e8	d__Bacteria; p__Pseudomonadota; c__Gammaproteobacteria; o__Pseudomonadales; f__Pseudomonadaceae; g__Pseudomonas	0.9701718087244847
2a64bce9b138103459d298697f5ec0c6	d__Bacteria; p__Pseudomonadota; c__Gammaproteobacteria; o__Burkholderiales; f__Sutterellaceae; g__Sutterella	0.999056022424522
fe6c8177bd8fbbcd14cf1c1c23430677	d__Bacteria; p__Bacillota; c__Clostridia; o__Lachnospirales; f__Lachnospiraceae	0.9999987678999199
483ed5c938d392b2990cee1528194f84	d__Bacteria; p__Bacteroidota; c__Bacteroidia; o__Bacteroidales; f__Marinifilaceae; g__Butyricimonas	0.9999998731354731
1d4a03bdf9302ceafb924a74fa2e683b	d__Bacteria; p__Bacillota; c__Clostridia; o__Peptostreptococcales-Tissierellales; f__Anaerovoracaceae	0.999995590896024
8053cfa4294a09c40807da199c1c9f1b	d__Bacteria; p__Bacillota; c__Clostridia; o__Lachnospirales; f__Lachnospiraceae	0.999986001717325
e5dc317c11d183e828cd3e657484819a	d__Bacteria; p__Bacillota; c__Clostridia; o__Lachnospirales; f__Lachnospiraceae	0.9859134188981253
908d1228f663b23e67ba40d219968ad9	d__Bacteria; p__Bacillota; c__Clostridia; o__Lachnospirales; f__Lachnospiraceae	0.9998701286539555
5b87b487dc0cc8cce8f359e44782755b	d__Bacteria; p__Bacillota; c__Clostridia; o__Lachnospirales; f__Lachnospiraceae; g__Lachnospiraceae_UCG-004	0.7114691375415851
caa12e3ff83b0ee0614472c70ff50071	Unassigned	0.38887693159192793
18261b8684d8cfde58f8be86f14a350b	d__Bacteria; p__Bacillota; c__Bacilli; o__Lactobacillales; f__Streptococcaceae; g__Streptococcus	0.9982345084753338
b17d85f88eb2fc3a8992c371de7b7d03	d__Bacteria; p__Bacteroidota; c__Bacteroidia; o__Bacteroidales; f__Bacteroidaceae; g__Bacteroides	0.9996660855734141
f25bdbcba9e05544fdfee8f27f08cd36	d__Bacteria; p__Bacillota; c__Clostridia; o__Clostridiales; f__Clostridiaceae; g__Clostridium	0.9998111302662538
95bb158dd214e72245b862578a5fe751	d__Bacteria; p__Bacillota; c__Clostridia; o__Lachnospirales; f__Lachnospiraceae	0.9999443785568507
a739338a72bc0e392d3f85e63dffc38f	d__Bacteria; p__Bacillota; c__Clostridia; o__Eubacteriales; f__Eubacteriaceae; g__Eubacterium	0.9987900687951384
1eddb58e3381738a72d6822cb7e2a523	d__Bacteria; p__Fusobacteriota; c__Fusobacteriia; o__Fusobacteriales; f__Fusobacteriaceae; g__Fusobacterium	0.9999999993573709
d77ad228b350dc9ca7cf967835ef4cc6	d__Bacteria; p__Bacteroidota; c__Bacteroidia; o__Bacteroidales; f__Bacteroidaceae; g__Bacteroides	0.9513360354248063
eb2f02478f724578bd02581340a15613	d__Bacteria; p__Bacteroidota; c__Bacteroidia; o__Bacteroidales; f__Barnesiellaceae; g__Barnesiella	0.9999999651696078
f0e7819db4cf8f154990172a1544b391	d__Bacteria; p__Pseudomonadota; c__Gammaproteobacteria; o__Burkholderiales; f__Sutterellaceae; g__Sutterella	0.9308368522964516
8b4fd305b8add734f1315b7b8f010dcf	d__Bacteria; p__Pseudomonadota; c__Gammaproteobacteria; o__Enterobacterales; f__Pasteurellaceae; g__Haemophilus	0.9998988315389619
684394cc855ddcf5137b07459643b3e6	d__Bacteria; p__Pseudomonadota; c__Gammaproteobacteria; o__Burkholderiales; f__Sutterellaceae; g__Parasutterella	0.9984842472095687
698dfe7826b5dce68461ea9d051e379d	d__Bacteria; p__Actinomycetota; c__Coriobacteriia; o__Coriobacteriales; f__Coriobacteriales_Incertae_Sedis; g__Incertae_Sedis	0.9836073202367055
f21df5948fe38025d526b8820f655a47	d__Bacteria; p__Pseudomonadota; c__Gammaproteobacteria; o__Pseudomonadales; f__Pseudomonadaceae; g__Pseudomonas	0.9996981551300026
9c6b01427bf8e895df9e94dd0f161e3b	d__Bacteria; p__Bacillota; c__Clostridia; o__Oscillospirales; f__Ruminococcaceae; g__Faecalibacterium	0.9999983986930405
e10d6b2f050a6d6cc13b2a497aa45db3	d__Bacteria; p__Bacillota; c__Negativicutes; o__Veillonellales-Selenomonadales; f__Veillonellaceae; g__Negativicoccus	0.999999950087543
a2361bc246a2a2f0b81da30476e29ac5	d__Bacteria; p__Cyanobacteriota; c__Vampirivibrionia; o__Gastranaerophilales; f__Gastranaerophilaceae; g__Zag_111	0.9626399872679791
3edbeaf96dc28283dceb96a7b9db0682	d__Bacteria; p__Bacillota; c__Clostridia; o__Lachnospirales; f__Lachnospiraceae	0.9998736021450407
576ec20c4fd8e1302dfa9cb56a957233	d__Bacteria; p__Bacteroidota; c__Bacteroidia; o__Bacteroidales; f__Prevotellaceae; g__Hoylesella	0.7964898634301228
09fbaa8be7a02e8ad46630baa1d7178b	d__Bacteria; p__Bacillota; c__Clostridia; o__Lachnospirales; f__Lachnospiraceae	0.999967722109171
4609fb4730099870e84ba58fe7fc8130	d__Bacteria; p__Bacillota; c__Clostridia; o__Lachnospirales; f__Lachnospiraceae	0.9994410671378131
da88159aae94ccb455c4be2a7938f49f	d__Bacteria; p__Bacillota; c__Clostridia; o__Lachnospirales; f__Lachnospiraceae	0.9948947468490983
a8cf2b1562037a41782de87a40d12497	d__Bacteria; p__Bacillota; c__Clostridia; o__Lachnospirales; f__Lachnospiraceae; g__Lachnospiraceae_UCG-004	0.7696705262198829
519188eac838d8fb8da479993c8f510d	d__Bacteria; p__Bacillota; c__Clostridia; o__Lachnospirales; f__Lachnospiraceae	0.999997176109378
f03ef10e013335ac4ab476fd4648365a	d__Bacteria; p__Bacillota; c__Clostridia; o__Lachnospirales; f__Lachnospiraceae; g__Lachnoclostridium	0.8483242927814904
23b9f13b380ce569fcac295579503431	Unassigned	0.4501641881195323
9297a6857220bbce3c2f8732da6a19cf	d__Bacteria; p__Bacillota; c__Clostridia; o__Lachnospirales; f__Lachnospiraceae; g__GCA-900066575	0.7021146071392711
826c88a072fbbf75e5c43feb06f0a9e1	d__Bacteria; p__Bacillota; c__Clostridia; o__Oscillospirales; f__Oscillospiraceae; g__Intestinimonas	0.8172894831612213
af9cfe2563f4e441892b1aa6d918e9ff	d__Bacteria; p__Bacillota; c__Clostridia; o__Peptostreptococcales-Tissierellales; f__Peptostreptococcaceae	0.9432875832988229
d3eeacd0c90cb17c62b9248fe19a7312	d__Bacteria; p__Bacillota; c__Clostridia; o__Lachnospirales; f__Lachnospiraceae; g__Howardella	0.9999994019227157
49cd1d63c69118c8ba1df0f921fdf353	d__Bacteria; p__Bacteroidota; c__Bacteroidia; o__Bacteroidales; f__Prevotellaceae; g__Leyella	0.8603981065555837
9cc585f897431964302e1d85dd1ae302	d__Bacteria; p__Bacillota; c__Clostridia; o__Lachnospirales; f__Lachnospiraceae	0.9999999714033394
358440ea9bb7670ce23ed1715471dadd	d__Bacteria; p__Bacillota; c__Clostridia; o__Lachnospirales; f__Lachnospiraceae; g__GCA-900066755	0.9997352054183752
2146c868737548643f489f7ddc27b570	d__Bacteria; p__Bacillota; c__Clostridia; o__Oscillospirales; f__Oscillospiraceae; g__Colidextribacter	0.7640210839342091
f62e7379dafe95671698190334761e4e	d__Bacteria; p__Fusobacteriota; c__Fusobacteriia; o__Fusobacteriales; f__Fusobacteriaceae; g__Fusobacterium	0.9999999999802895
59c50b267923a348a929bd4d1392378b	d__Bacteria; p__Pseudomonadota; c__Gammaproteobacteria; o__Enterobacterales; f__Pasteurellaceae; g__Haemophilus	0.9999929644303138
c42a2232041f708238ab048ad87dafdd	d__Bacteria; p__Bacillota; c__Negativicutes; o__Veillonellales-Selenomonadales; f__Veillonellaceae; g__Incertae_Sedis	0.9783753610929634
0e676eea6c726953cbbbec20f999de30	d__Bacteria; p__Bacillota; c__Bacilli; o__Erysipelotrichales; f__Erysipelatoclostridiaceae; g__Catenibacterium	0.9999999649573545
c2d17d0158726f717466e8e9b00c0b90	d__Bacteria; p__Actinomycetota; c__Coriobacteriia; o__Coriobacteriales; f__Atopobiaceae; g__Fannyhessea	0.7228765579164662
83088cfc25d2457410c181e32afd7e10	d__Bacteria; p__Bacillota; c__Clostridia; o__Lachnospirales; f__Lachnospiraceae	0.9991134199193483
4fde1714d75f84218a66d619481281d3	d__Bacteria; p__Bacillota; c__Bacilli; o__Erysipelotrichales; f__Erysipelotrichaceae; g__Faecalitalea	0.8869791173435242
759ed7e1fc9a04f1f413c6390ab87101	d__Bacteria; p__Bacteroidota; c__Bacteroidia; o__Bacteroidales; f__Tannerellaceae; g__Parabacteroides	0.9999873124192766
fc5ff11bdb62cce45c56421dcdf4a1d4	d__Bacteria; p__Bacillota; c__Clostridia; o__Lachnospirales; f__Lachnospiraceae	0.9989975765878711
105aa6f6dde7d19aa74e03d31158da7e	d__Bacteria; p__Bacillota; c__Clostridia; o__Lachnospirales; f__Lachnospiraceae	0.8195645964063067
47ee01c6eb17a25f131c9b670375965f	d__Bacteria; p__Bacillota; c__Clostridia; o__Lachnospirales; f__Lachnospiraceae	0.9999341428367832
f708168ff11647f2025f8b0843ed6de0	d__Bacteria; p__Bacillota; c__Clostridia; o__Lachnospirales; f__Lachnospiraceae	0.9936211880274097
2c19426f8b1f97613cddac43afd1b7a4	d__Bacteria; p__Cyanobacteriota; c__Vampirivibrionia; o__Gastranaerophilales; f__Gastranaerophilaceae; g__Zag_111	0.9246213663468201
f31f465f068a2f9ee52d86dffe074212	d__Bacteria; p__Bacillota; c__Clostridia; o__Oscillospirales; f__Ruminococcaceae; g__Fournierella	0.9967883255790378
bc1cf1a2f6a7dfe486e86fa0aec5a247	d__Bacteria; p__Bacillota; c__Clostridia; o__Lachnospirales; f__Lachnospiraceae; g__Lachnospiraceae_UCG-004	0.9039609555995173
ccfc8f5125d54df55295c1f71d709a05	d__Bacteria; p__Bacillota; c__Clostridia	0.7404820469038865
d59d72f164911843aedd2c14fc7c046e	d__Bacteria; p__Bacillota; c__Clostridia; o__Lachnospirales; f__Lachnospiraceae	0.9999582618262357
0098bf88a217f9de7d74c297522a9088	d__Bacteria; p__Bacillota; c__Clostridia; o__Lachnospirales; f__Lachnospiraceae	0.9999999719869741
bb179bc07dae47441e876137838dc335	d__Bacteria; p__Pseudomonadota; c__Gammaproteobacteria; o__Burkholderiales; f__Sutterellaceae; g__Sutterella	0.9909118412468254
13a08093a66f11d2140b381a74b69f0d	d__Bacteria; p__Bacillota; c__Clostridia; o__Lachnospirales; f__Lachnospiraceae; g__Mediterraneibacter	0.8573610612510664
b2798d194c3e6d9ae21c82c59d8fcd3f	d__Bacteria; p__Bacillota; c__Negativicutes; o__Veillonellales-Selenomonadales; f__Veillonellaceae; g__Dialister	0.9969969825126321
f6dcaad0fddfed234150641a3366fa2c	d__Bacteria; p__Bacillota; c__Clostridia; o__Oscillospirales; f__Oscillospiraceae; g__NK4A214_group	0.9843392109455372
b2b1d2773c68af2b77f01f91af5e046a	d__Bacteria; p__Bacteroidota; c__Bacteroidia; o__Bacteroidales; f__Prevotellaceae; g__Incertae_Sedis	0.9866955612635983
b519da8c49d9c6d337149c4385777238	d__Bacteria; p__Thermodesulfobacteriota; c__Desulfovibrionia; o__Desulfovibrionales; f__Desulfovibrionaceae; g__Desulfovibrio	0.8589991294468525
5058d91fb72c9085ac8f331416dc32e4	d__Bacteria; p__Bacillota; c__Clostridia; o__Oscillospirales; f__Ethanoligenenaceae	0.7435960856220378
469b54cc649a945c1be1f04729563b16	d__Bacteria; p__Bacillota; c__Bacilli; o__Erysipelotrichales; f__Erysipelotrichaceae; g__Faecalicoccus	0.9999985121878564
342b47c6f251c290b445bda87651064f	d__Bacteria; p__Bacillota; c__Clostridia; o__Lachnospirales; f__Lachnospiraceae	0.9999999694334357
9e543df25e0e7dca7b5fd4f46fe4338c	d__Bacteria; p__Bacteroidota; c__Bacteroidia; o__Bacteroidales; f__Porphyromonadaceae; g__Porphyromonas	0.9999917425269458
3586159579dd0e92bf5257a447d6f5ba	d__Bacteria; p__Bacillota; c__Clostridia; o__Clostridia_vadinBB60_group; f__Incertae_Sedis; g__Incertae_Sedis	0.9999998921538862
7621d106c0bb13d1a8299a8673da367b	d__Bacteria; p__Bacillota; c__Clostridia; o__Lachnospirales; f__Lachnospiraceae	0.9996479428450588
c6bedc2ab1ae6f9c7c84867d2a765b90	d__Bacteria; p__Bacillota; c__Clostridia	0.9999990709211215
f202cd1a47108081b3e22a8ac4c28d10	d__Bacteria; p__Pseudomonadota; c__Gammaproteobacteria; o__Enterobacterales; f__Pasteurellaceae; g__Haemophilus	0.9999510184698402
3b2c3b2f629dc25713e4ae8fed4b8f7c	d__Bacteria; p__Bacillota; c__Clostridia; o__Oscillospirales; f__Oscillospiraceae; g__NK4A214_group	0.9972188919516682
d77e3c9976186e3827a87642152345e8	d__Bacteria; p__Bacillota; c__Clostridia; o__Lachnospirales; f__Lachnospiraceae; g__Sellimonas	0.8258578143605818
d9a485f0fbcd361d477d03ef86e70959	d__Bacteria; p__Bacteroidota; c__Bacteroidia; o__Bacteroidales; f__Muribaculaceae; g__Incertae_Sedis	0.9171128352445086
8ea89057e44a02dddaa6708cabfd77c4	d__Bacteria; p__Bacillota; c__Clostridia; o__Lachnospirales; f__Lachnospiraceae	0.999943699926153
0e2af7a0a9b5f97eb5316a3aa4a4bb75	d__Bacteria; p__Bacillota; c__Clostridia; o__Lachnospirales; f__Lachnospiraceae	0.9988203367183857
a05127ffc3b16609af10d39de34de891	d__Bacteria; p__Bacteroidota; c__Bacteroidia; o__Bacteroidales; f__Marinifilaceae; g__Butyricimonas	0.9999999925088332
08c2addcea06cb02033254591f15983a	d__Bacteria; p__Bacteroidota; c__Bacteroidia; o__Bacteroidales; f__Rikenellaceae; g__Alistipes	0.9998751907710451
cc0ff79c2fdc7d74a3621b73494d2f0e	d__Bacteria; p__Bacillota; c__Clostridia; o__Lachnospirales; f__Lachnospiraceae; g__Incertae_Sedis	0.7830583990263816
0a228bd2a989bdaaaa19a8503088daac	d__Bacteria; p__Bacillota; c__Clostridia; o__Oscillospirales; f__UCG-010; g__Incertae_Sedis	0.999549244191766
7351f7a65f0cafb285274054c1e0ac6c	d__Bacteria; p__Bacillota; c__Clostridia; o__Lachnospirales; f__Lachnospiraceae	0.9999996115515544
996fa12599df6d901782cf2fa3ead58a	d__Bacteria; p__Bacillota; c__Clostridia; o__Clostridia_UCG-014; f__Incertae_Sedis; g__Incertae_Sedis	0.9999212056191107
38ff8fb550e640d1a96e3c9968e6ec96	d__Bacteria; p__Bacillota; c__Clostridia; o__Lachnospirales; f__Lachnospiraceae	0.9997390971185616
e72617c56d736660c62ffd6fe634ef2c	d__Bacteria; p__Bacillota; c__Clostridia; o__Lachnospirales; f__Lachnospiraceae	0.9999057840424168
945edd62ce2a88994d67745c22048df5	d__Bacteria; p__Bacillota; c__Clostridia; o__Lachnospirales; f__Lachnospiraceae; g__Epulopiscium	0.9904942800549679
a30b06c04366c5c171f7deb2344d05a4	d__Bacteria; p__Fusobacteriota; c__Fusobacteriia; o__Fusobacteriales; f__Fusobacteriaceae; g__Fusobacterium	0.9999999996892655
4f8f8c5038bf210deabe959fa4e0da99	d__Bacteria; p__Bacillota; c__Bacilli; o__Staphylococcales; f__Staphylococcaceae; g__Staphylococcus	0.9260893708389432
a825b8e0e2b4a6c2b1dc4a71c2cbffdc	d__Bacteria; p__Bacillota; c__Clostridia; o__Lachnospirales; f__Lachnospiraceae	0.9999328200266925
a250c4726ab40a1c2b2853cd60578db5	d__Bacteria; p__Bacillota; c__Clostridia; o__Lachnospirales; f__Lachnospiraceae	0.9992438761852598
c66006308ce9c0bbf4e083589b4cfdef	d__Bacteria; p__Bacteroidota; c__Bacteroidia; o__Bacteroidales; f__Prevotellaceae; g__Segatella	0.9740747569926161
fd7663d5a5e15bb0a2ae9ab317961ab6	d__Bacteria; p__Bacillota; c__Clostridia; o__Lachnospirales; f__Lachnospiraceae	0.9989773628686143
460c1283da9a2e3a8507e49c49e4481d	d__Bacteria; p__Campylobacterota; c__Campylobacteria; o__Campylobacterales; f__Campylobacteraceae; g__Campylobacter	0.9999999999345448
673102835af2feabe4a970971c0b173e	d__Bacteria; p__Bacteroidota; c__Bacteroidia; o__Bacteroidales; f__Rikenellaceae; g__Alistipes	0.9997757647385845
360997038183034ce479f76ded253f50	d__Bacteria; p__Bacteroidota; c__Bacteroidia; o__Bacteroidales; f__Rikenellaceae; g__Alistipes	0.9993826355187824
9778960631cfa6bf7a0b0e932313bd86	d__Bacteria; p__Bacillota; c__Clostridia; o__Lachnospirales; f__Lachnospiraceae	0.9998850818545653
ae22769d3b68e3ecaaab41d8102cc274	d__Bacteria; p__Bacillota; c__Clostridia; o__Lachnospirales; f__Lachnospiraceae	0.9999831585179997
2d2cbfecb863b4c754965b5b309b2800	d__Bacteria; p__Bacillota; c__Bacilli; o__Erysipelotrichales; f__Erysipelotrichaceae; g__Faecalitalea	0.9733701942667521
52d212c9e0b442d30f1ee4e071fed4c5	d__Bacteria; p__Bacillota; c__Clostridia; o__Oscillospirales; f__Oscillospiraceae	0.9972005682370169
a36db521ca6d72ebec3674382ac6cfed	d__Bacteria; p__Bacillota; c__Bacilli; o__Staphylococcales; f__Staphylococcaceae; g__Staphylococcus	0.9859034040274208
67a71c64fdb95036ea9715ff9fae343f	d__Bacteria; p__Actinomycetota; c__Actinobacteria; o__Mycobacteriales; f__Corynebacteriaceae; g__Lawsonella	0.7567099105545041
0890ccbd461f95f9723c9b1ab3c90460	d__Bacteria; p__Bacillota; c__Clostridia; o__Peptostreptococcales-Tissierellales; f__Anaerovoracaceae	0.9998500681240582
fbc130c200bc9bd8998d985e60f363fb	d__Bacteria; p__Bacteroidota; c__Bacteroidia; o__Bacteroidales; f__Bacteroidaceae; g__Bacteroides	0.9999805028042088
1fccfec5b20052d18e377d736026c73c	d__Bacteria; p__Bacteroidota; c__Bacteroidia; o__Bacteroidales; f__Barnesiellaceae; g__Barnesiella	0.9999994369971881
14305b817aca2604491eb8b8c675b03e	d__Bacteria; p__Bacillota; c__Negativicutes; o__Veillonellales-Selenomonadales; f__Veillonellaceae; g__Dialister	0.9999977656124153
baab01ee8d42316c469d6a4423b2474c	d__Bacteria; p__Bacillota; c__Negativicutes; o__Veillonellales-Selenomonadales; f__Veillonellaceae; g__Dialister	0.9579444036198456
6cbc38685a687a921decf2bf58d4f9df	d__Bacteria; p__Bacillota; c__Clostridia; o__Oscillospirales; f__Butyricicoccaceae; g__UCG-009	0.9986627473430738
32005da716ec93caf467aa1469870be9	d__Bacteria; p__Cyanobacteriota; c__Vampirivibrionia; o__Gastranaerophilales; f__Gastranaerophilaceae; g__Zag_111	0.9989770221546166
d7175b04cdce98ee6fd41a1d65496798	d__Bacteria; p__Bacillota; c__Clostridia; o__Clostridiales; f__Clostridiaceae; g__Sarcina	0.9961894364914022
a1d2ae8c69327b3fddc3f12ad0d78989	d__Bacteria; p__Bacillota; c__Clostridia; o__Lachnospirales; f__Lachnospiraceae	0.9999422579591479
da1e200fbd891a971fb40e4200e60771	d__Bacteria; p__Bacteroidota; c__Bacteroidia; o__Bacteroidales; f__Rikenellaceae; g__SP3-e08	0.9871443597246006
8d9430484e9f506a8e187246c1eb251b	d__Bacteria; p__Bacillota; c__Clostridia; o__Lachnospirales; f__Lachnospiraceae; g__Lachnospiraceae_NK3A20_group	0.9951191461339239
a9bd62d82fc5b0d613f9793143d48238	d__Bacteria; p__Pseudomonadota; c__Gammaproteobacteria; o__Enterobacterales; f__Pasteurellaceae; g__Haemophilus	0.9993894907242481
dd1d85fef598c02d1ea0121f5a2d68e8	d__Bacteria; p__Pseudomonadota; c__Gammaproteobacteria; o__Enterobacterales; f__Enterobacteriaceae; g__Escherichia-Shigella	0.996573607140034
1e6a12abd1b0d60014f43d3071f9a068	d__Bacteria; p__Bacillota; c__Bacilli; o__Erysipelotrichales; f__Erysipelotrichaceae; g__Turicibacter	0.9999999961652435
e3b20935f4a450b246f7026773633655	d__Bacteria; p__Bacillota; c__Clostridia; o__Lachnospirales; f__Lachnospiraceae	0.9950337055437332
d20bfc4aae0ae629beb787f134dbac6c	d__Bacteria; p__Bacteroidota; c__Bacteroidia; o__Bacteroidales; f__Prevotellaceae; g__Prevotellaceae_NK3B31_group	0.7290316559487005
7b336ce9cc30bc5a522d7acfe563eecf	d__Bacteria; p__Pseudomonadota; c__Gammaproteobacteria; o__Burkholderiales; f__Sutterellaceae; g__Sutterella	0.9999966942505337
8394b86b8866fdd99e85770bdd62446b	d__Bacteria; p__Actinomycetota; c__Actinobacteria; o__Actinomycetales; f__Actinomycetaceae; g__Schaalia	0.9999999815800467
10c4418b63312d14bdbfae7476a921ec	d__Bacteria; p__Bacillota; c__Clostridia; o__Oscillospirales; f__Butyricicoccaceae; g__UCG-009	0.9999948270518149
5fff7233843501a3c76b7de040e9296d	d__Bacteria; p__Bacillota; c__Clostridia; o__Lachnospirales; f__Lachnospiraceae	0.9999994710139739
1657d12f2cdfe137a13c8b048457590a	d__Bacteria; p__Bacillota; c__Clostridia; o__Lachnospirales; f__Lachnospiraceae	0.9999563109159063
321195a5e3cfd8f91d219466c8bf6852	d__Bacteria; p__Bacillota; c__Clostridia; o__Lachnospirales; f__Lachnospiraceae	0.999983743331261
da45ff0703bc8dedece9073f4360e119	d__Bacteria; p__Bacillota; c__Clostridia; o__Clostridiales; f__Clostridiaceae; g__Clostridium	0.9982442571718922
144e16c17bda046fc4a9ef6f8564842e	d__Bacteria; p__Bacillota; c__Clostridia; o__Lachnospirales; f__Lachnospiraceae	0.8826460990124126
92b0b01d91ac262c034885eb8c9f6ff1	d__Bacteria; p__Bacillota; c__Clostridia; o__Lachnospirales; f__Lachnospiraceae; g__Lachnospiraceae_UCG-004	0.9836556480321383
6c15e9e1548cd40cc0013baf90be1ad5	d__Bacteria; p__Bacillota; c__Clostridia; o__Lachnospirales; f__Lachnospiraceae; g__Enterocloster	0.9514896576294536
4db8af805f5aaca795dc8c3f52c53995	d__Bacteria; p__Bacillota; c__Clostridia; o__Oscillospirales; f__Ruminococcaceae; g__Incertae_Sedis	0.999988883788259
f585b3f8e43cad0f4e178cb4535dd41e	d__Bacteria; p__Bacillota; c__Clostridia; o__Lachnospirales; f__Lachnospiraceae; g__Lachnospiraceae_UCG-004	0.9025376025030434
b8da111edb370ab0839dc0eb55cae0db	d__Bacteria; p__Bacillota; c__Clostridia; o__Peptostreptococcales-Tissierellales; f__Peptostreptococcaceae; g__Romboutsia	0.8332749078511017
c8fd54e84d3bef1542a27a7f3da5f705	d__Bacteria; p__Bacteroidota; c__Bacteroidia; o__Bacteroidales; f__Marinifilaceae; g__Odoribacter	0.9999998911159397
236a35ba09f0b03cc5b70b5b5a9acaf2	d__Bacteria; p__Bacteroidota; c__Bacteroidia; o__Bacteroidales; f__Prevotellaceae; g__Segatella	0.9995046720346903
89c8babcc5c1f6e78ae402f42a993439	d__Bacteria; p__Bacillota; c__Clostridia; o__Lachnospirales; f__Lachnospiraceae	0.9999967260273182
99f75f6328591ce126d1e940eb84a10e	d__Bacteria; p__Bacillota; c__Clostridia; o__Clostridia_UCG-014; f__Incertae_Sedis; g__Incertae_Sedis	0.9999999999980389
9dd28cb6fdda65e883f96d6307f70bdc	d__Bacteria; p__Bacteroidota; c__Bacteroidia; o__Bacteroidales; f__Bacteroidaceae; g__Bacteroides	0.9999883643107612
a1783e41ee94aa6dd877a99a606b358c	d__Bacteria; p__Bacillota; c__Bacilli; o__Staphylococcales; f__Staphylococcaceae; g__Staphylococcus	0.9127832385532617
d284d6eb5c925879bdfc98cc68b32a39	d__Bacteria; p__Bacillota; c__Clostridia; o__Lachnospirales; f__Lachnospiraceae; g__[Eubacterium]_ventriosum_group	0.9998495513438577
571076d736c0a2d9d028677b71c169e3	d__Bacteria; p__Bacillota; c__Clostridia; o__Lachnospirales; f__Lachnospiraceae; g__Incertae_Sedis	0.7311673310306035
d63dbf3d064003d5b13b4d831a3d199e	d__Bacteria; p__Bacillota; c__Bacilli; o__Erysipelotrichales; f__Erysipelotrichaceae; g__Holdemanella	0.9999288485133282
df1ac3b971376f329e2f0da3b2d2ffe6	d__Bacteria; p__Pseudomonadota; c__Gammaproteobacteria; o__Burkholderiales; f__Sutterellaceae; g__Sutterella	0.999984304394997
f54e307ad63d914d1e60c13f71465e77	d__Bacteria; p__Bacillota; c__Clostridia; o__Lachnospirales; f__Lachnospiraceae	0.9999724214288614
c2e42cc1ef7ccc52cdc12b4584008814	d__Bacteria; p__Bacillota; c__Clostridia; o__Lachnospirales; f__Lachnospiraceae	0.9999715259488604
d6c41ead86f9c7cd8032441bcbc860b7	Unassigned	0.9514246276524805
84fd00b14904e02026cab5cee1efe2d2	d__Bacteria; p__Bacteroidota; c__Bacteroidia; o__Bacteroidales; f__Prevotellaceae; g__Prevotellaceae_NK3B31_group	0.9884988505404531
6f963f840d47edf03516bb02122e3475	d__Bacteria; p__Bacillota; c__Clostridia; o__Clostridia_vadinBB60_group; f__Incertae_Sedis; g__Incertae_Sedis	0.998772015009876
3df4cf0d662c7337455194d3ed557532	d__Bacteria; p__Bacillota; c__Clostridia; o__Lachnospirales; f__Lachnospiraceae	0.9999993833944841
aa9140042f0e50de8b4736536136501a	d__Bacteria; p__Bacillota; c__Clostridia; o__Lachnospirales; f__Lachnospiraceae	0.999999177459693
56b7eb853a965d04340e1d31abdf07e5	d__Bacteria; p__Bacillota; c__Clostridia; o__Oscillospirales; f__Ruminococcaceae	0.9999994981174081
f89e0c714044155a1113fd4dd4f29ed5	d__Bacteria; p__Pseudomonadota; c__Gammaproteobacteria; o__Enterobacterales; f__Pasteurellaceae; g__Actinobacillus	0.9973516818531734
52b111c0ccffafa21e7587ea714877b5	d__Bacteria; p__Bacillota; c__Bacilli; o__Erysipelotrichales; f__Erysipelotrichaceae; g__Holdemanella	0.9995593884304024
236a49f3aa2d8c18a168ba27e0f2518b	d__Bacteria; p__Bacteroidota; c__Bacteroidia; o__Bacteroidales; f__Prevotellaceae; g__Leyella	0.9998091556721632
886d97252f56e21a3f162ed299f9843c	d__Bacteria; p__Bacteroidota; c__Bacteroidia; o__Bacteroidales; f__Incertae_Sedis; g__Phocaeicola	0.9999999999996305
85f1ca80ccc8f5683210a71289ad55a5	d__Bacteria; p__Bacillota; c__Clostridia; o__Clostridiales; f__Clostridiaceae; g__Clostridium	0.9997173012475894
86ae50ed02bf6c5355cbcc4af7c74588	d__Bacteria; p__Bacillota; c__Clostridia; o__Lachnospirales; f__Lachnospiraceae	0.999999409107543
fa4e4d7b936d8ffa47d45ab9c308dc46	d__Bacteria; p__Actinomycetota; c__Actinobacteria; o__Bifidobacteriales; f__Bifidobacteriaceae; g__Bifidobacterium	0.9996281218722067
ec1f583582392be1dea93c0243adbef6	d__Bacteria; p__Bacillota; c__Clostridia; o__Lachnospirales; f__Lachnospiraceae; g__Lachnospiraceae_UCG-004	0.8879857897598114
24f4feed9783538a4dc5ce190d1ae7b5	d__Bacteria; p__Bacteroidota; c__Bacteroidia; o__Bacteroidales; f__Tannerellaceae; g__Parabacteroides	0.9975047132836579
2ae7d7bf04c2437c1cdc98bdc8d57fca	d__Bacteria; p__Bacillota; c__Clostridia; o__Lachnospirales; f__Lachnospiraceae	0.9989595478237565
2d555e2e612a251172210b4e5a0830c8	d__Bacteria; p__Cyanobacteriota; c__Vampirivibrionia; o__Gastranaerophilales; f__Gastranaerophilaceae; g__Zag_111	0.9993414235711056
9911b34dc9167e05e2eb9cda40ed768f	d__Bacteria; p__Bacteroidota; c__Bacteroidia; o__Bacteroidales; f__Barnesiellaceae; g__Coprobacter	0.9999999987326476
718b05efcb03513c67dbce1445c91549	d__Bacteria; p__Bacillota; c__Clostridia; o__Oscillospirales; f__Ruminococcaceae; g__Acutalibacter	0.9914635024983753
905343ce77caeddf16ab4d1f5de0bc05	d__Bacteria; p__Bacillota; c__Clostridia; o__Lachnospirales; f__Lachnospiraceae	0.9999824510316347
8e2d5923466dfeb71296fd8d0c74904e	d__Bacteria; p__Bacillota; c__Clostridia; o__Clostridia_UCG-014; f__Incertae_Sedis; g__Incertae_Sedis	0.9999999999967883
144a9cbf17338ece363cc77dfc17c254	d__Bacteria; p__Bacillota; c__Clostridia; o__Lachnospirales; f__Lachnospiraceae	0.9999615860902977
f4874ebab7b0d9874c501b3b293fe971	d__Bacteria; p__Bacillota; c__Clostridia; o__Lachnospirales; f__Lachnospiraceae	0.9999988958846405
16f66ea0bec42f1c828abf626feb75ad	d__Bacteria; p__Bacteroidota; c__Bacteroidia; o__Bacteroidales; f__Bacteroidaceae; g__Bacteroides	0.9999953766823647
fc8d861c184b98add22f54b0b1ea72ef	d__Bacteria; p__Bacillota; c__Clostridia; o__Lachnospirales; f__Lachnospiraceae; g__Lachnospiraceae_UCG-010	0.9989964142689474
2f9a07d359513fdf7d94e5ca57f831ce	d__Bacteria; p__Bacillota; c__Clostridia; o__Lachnospirales; f__Lachnospiraceae; g__Anaerostipes	0.9963253091626715
0d64ec09127e77dfa3c6c11b09191b6c	d__Bacteria; p__Bacteroidota; c__Bacteroidia; o__Bacteroidales; f__Muribaculaceae; g__Incertae_Sedis	0.9662369373645633
507b5c535c0c767bb661f7b7ba20a450	d__Bacteria; p__Bacteroidota; c__Bacteroidia; o__Bacteroidales; f__Rikenellaceae; g__Rikenellaceae_RC9_gut_group	0.9998142091778233
8bbc1660b8804aa74cdaf2438d5e32dc	d__Bacteria; p__Bacillota; c__Clostridia; o__Oscillospirales; f__Ruminococcaceae; g__Subdoligranulum	0.766524333675305
6523499d40224a4ae2fab1d13ec2492d	d__Bacteria; p__Bacillota; c__Clostridia; o__Oscillospirales; f__UCG-010; g__Incertae_Sedis	0.9998152718209637
f8c0fd5a44d6c2dab76c1853bb1778df	d__Bacteria; p__Bacteroidota; c__Bacteroidia; o__Bacteroidales; f__Bacteroidaceae; g__Bacteroides	0.9726146211691469
bec4b19a62d06898e022f5fb19df4b5f	d__Bacteria; p__Bacillota; c__Clostridia; o__Clostridiales; f__Clostridiaceae; g__Clostridium	0.9877752583006261
5ca8cf76f2e5ae8dfa4dba78e6174a05	d__Bacteria; p__Pseudomonadota; c__Gammaproteobacteria; o__Burkholderiales; f__Rhodocyclaceae	0.9977671585617455
8ca57b8c8ce195be19088c09368d5638	d__Bacteria; p__Bacillota; c__Clostridia; o__Clostridia_UCG-014; f__Incertae_Sedis; g__Incertae_Sedis	0.9999999999960352
1cf6cbf79c89bf4599fa09f086811a43	d__Bacteria; p__Bacillota; c__Clostridia; o__Peptostreptococcales-Tissierellales; f__Family_XI; g__Peptoniphilus	0.9992000327243218
42a5181304bfb97994b42a27a3b1b4d1	d__Bacteria; p__Bacillota; c__Clostridia; o__Clostridiales; f__Clostridiaceae; g__Clostridium	0.9605978162294995
3ba8e70b9ef156ae31c262b1d2278771	d__Bacteria; p__Actinomycetota; c__Actinobacteria; o__Bifidobacteriales; f__Bifidobacteriaceae; g__Bifidobacterium	0.9999963208065349
98291f82d7fb7a5b64872f7375ff6b12	d__Bacteria; p__Bacillota; c__Bacilli; o__Erysipelotrichales; f__Erysipelatoclostridiaceae; g__Incertae_Sedis	0.9996466336158455
fe40a1000ac731e1a769a50297703440	d__Bacteria; p__Thermodesulfobacteriota; c__Desulfovibrionia; o__Desulfovibrionales; f__Desulfovibrionaceae; g__Mailhella	0.7114919206385136
ec3f54404bd0d567ff268628020f1c84	d__Bacteria; p__Bacteroidota; c__Bacteroidia; o__Bacteroidales; f__Rikenellaceae; g__SP3-e08	0.8199659812915464
6f584907e868628d3042b5679dec91f8	d__Bacteria; p__Bacillota; c__Clostridia; o__Lachnospirales; f__Lachnospiraceae	0.7558417051200471
d4e4a4487f17adc919614e39931e094e	d__Bacteria; p__Bacteroidota; c__Bacteroidia; o__Bacteroidales; f__Bacteroidaceae; g__Bacteroides	0.9885413039444346
08431a99425c4f67e0cab3b191496bf4	d__Bacteria; p__Bacteroidota; c__Bacteroidia; o__Bacteroidales; f__Prevotellaceae	0.9999999815789422
307630c01b7d9d6c5f97744a9735ab97	d__Bacteria; p__Bacillota; c__Clostridia; o__Oscillospirales; f__Ruminococcaceae; g__Ruminococcus	0.9902364585638809
9035fcfa98d8d73b003ff5da8ef02708	Unassigned	0.7021427325281216
9530fc2cc52ede0c26c11715d6ec39e0	d__Bacteria; p__Bacillota; c__Clostridia; o__Lachnospirales; f__Lachnospiraceae	0.9999981283943762
a0b460322817f0e09793036e01030015	d__Bacteria; p__Bacillota; c__Clostridia; o__Lachnospirales; f__Lachnospiraceae	0.9999734549579685
19a10c1524bb50e19f7acdd68bebec5a	d__Bacteria; p__Bacillota; c__Clostridia; o__Lachnospirales; f__Lachnospiraceae; g__Lachnospiraceae_UCG-004	0.7389990138365503
75143397ca2fa3919dc540e76e30b4c2	d__Bacteria; p__Bacillota; c__Clostridia; o__Oscillospirales; f__Oscillospiraceae	0.9999338970307186
d8a04f2c249e04f704479d148ab8cebd	d__Bacteria; p__Bacillota; c__Clostridia; o__Lachnospirales; f__Lachnospiraceae; g__Lachnospiraceae_UCG-004	0.8436814821913501
bb213f692764d7249253214d8af24941	d__Bacteria; p__Bacillota; c__Clostridia; o__Lachnospirales; f__Lachnospiraceae; g__Lachnospiraceae_UCG-004	0.7059052053327415
ef9d6842dad5caa56de398dc85ba2d7c	d__Bacteria; p__Bacillota; c__Clostridia; o__Lachnospirales; f__Lachnospiraceae; g__Roseburia	0.8097707207481082
97b117a8a64e587bf976fd73b8cc14e7	d__Bacteria; p__Bacillota; c__Clostridia; o__Clostridiales; f__Clostridiaceae; g__Clostridium	0.9151675691192876
36ffbb85138aea142513b371ee9b1e84	d__Bacteria; p__Bacillota; c__Clostridia; o__Lachnospirales; f__Lachnospiraceae	0.9999753564786413
f8a645aef58f74a40a6ae9b9c3468c1a	d__Bacteria; p__Bacillota; c__Clostridia; o__Oscillospirales; f__Butyricicoccaceae; g__Agathobaculum	0.9998266682970353
503a7459bfab8be8f2a2582cc600f992	d__Bacteria; p__Bacteroidota; c__Bacteroidia; o__Bacteroidales; f__Prevotellaceae; g__Incertae_Sedis	0.9999985414707006
c734cdc2af6984e8bc47fc2ffb323178	d__Bacteria; p__Bacillota; c__Clostridia; o__Lachnospirales; f__Lachnospiraceae	0.7661001775338191
297441669769715a60f443c47cdf3d3f	d__Bacteria; p__Bacillota; c__Clostridia; o__Lachnospirales; f__Lachnospiraceae	0.9970514957499608
c7b02705f5dd19e84339497a09becaba	d__Bacteria; p__Bacillota; c__Clostridia; o__Lachnospirales; f__Lachnospiraceae; g__Roseburia	0.8087187141947001
e27de7692e9fbca28fe5822f4e86f1a5	d__Bacteria; p__Bacteroidota; c__Bacteroidia; o__Bacteroidales; f__Marinifilaceae; g__Butyricimonas	0.9999997878779764
fc2fe84bd76d9cbc46af9e90bf4c8fea	d__Bacteria; p__Bacillota; c__Clostridia; o__Lachnospirales; f__Lachnospiraceae; g__Roseburia	0.7013645045839207
73360085aa190402eb7e6b4e5001e572	d__Bacteria; p__Bacillota; c__Clostridia; o__Lachnospirales; f__Lachnospiraceae	0.9998586719567252
f51bd4832594f1699c8ccd94b43e8455	d__Bacteria; p__Bacillota; c__Clostridia; o__Peptococcales; f__Peptococcaceae; g__Peptococcus	0.9999999995420978
b2e28dc45e5021876a292b365f85b672	d__Bacteria; p__Bacillota; c__Clostridia; o__Clostridiales; f__Clostridiaceae; g__Clostridium	0.8753925841811667
c77e1b5383f3c0c405cbebd88ab0ef6e	d__Bacteria; p__Bacillota; c__Clostridia; o__Lachnospirales; f__Lachnospiraceae; g__Lachnospiraceae_UCG-004	0.9150701912355633
2c63ff3fceb27f14b4d1e471327fdaed	d__Bacteria; p__Bacillota; c__Clostridia; o__Lachnospirales; f__Lachnospiraceae	0.9999909969391603
24b70c59294c52800716dcca12da53de	d__Bacteria; p__Bacillota; c__Clostridia	0.9999999424125512
9a911c952945f0a940146f17cba0d86c	d__Bacteria; p__Bacillota; c__Clostridia; o__Lachnospirales; f__Lachnospiraceae	0.9999989041227137
9c8173035c0617f0e563ade1b3d7583a	Unassigned	0.9822463227897806
125bda02880ba702d7e18382be3877ce	d__Bacteria; p__Bacillota; c__Clostridia; o__Lachnospirales; f__Lachnospiraceae	0.9998595194906448
428975d79a5f5f25834ed7f53d7bc132	d__Bacteria; p__Bacteroidota; c__Bacteroidia; o__Bacteroidales; f__Bacteroidaceae; g__Bacteroides	0.9997394999849447
fcb9dde4d68547d0fadca12ceb11daac	d__Bacteria; p__Bacillota; c__Clostridia; o__Oscillospirales; f__Oscillospiraceae; g__Intestinimonas	0.7400053276370201
b32574179c3bc7e570659cee29d2a5b8	d__Bacteria; p__Bacillota; c__Clostridia; o__Oscillospirales; f__Ruminococcaceae; g__Negativibacillus	0.9998661963658936
56b0052a6465e2b99e75ff32d61bcc60	d__Bacteria	0.9999999999993365
34613c357b22b0ec96b27a3478c88536	d__Bacteria; p__Bacillota; c__Clostridia; o__Lachnospirales; f__Lachnospiraceae; g__Agathobacter	0.8358149731063598
6d0cc50af7ed386289300cfcc3b2adf8	d__Bacteria; p__Pseudomonadota; c__Gammaproteobacteria	0.9113782419946859
d3f0981d762721f45d4f04239ded404f	d__Bacteria; p__Bacteroidota; c__Bacteroidia; o__Bacteroidales; f__Bacteroidaceae; g__Bacteroides	0.9999977705671325
7069eecc57f0b0f6f13441be9b579a71	d__Bacteria; p__Bacteroidota; c__Bacteroidia; o__Bacteroidales; f__Rikenellaceae; g__Alistipes	0.9999946199701868
cd2c076ab3b6904c12e1536e4ef8cc07	d__Bacteria; p__Bacillota; c__Clostridia; o__Lachnospirales; f__Lachnospiraceae; g__Blautia	0.906647327261557
d1c7337821c1e55bb147019b970647c2	d__Bacteria; p__Bacillota; c__Clostridia; o__Lachnospirales; f__Lachnospiraceae	0.999920872746122
258ca194c65c8840a17c199a7c4eb634	d__Bacteria; p__Bacillota; c__Clostridia; o__Lachnospirales; f__Lachnospiraceae	0.9999817784369432
5b7333cefc06159ac9b8f722e53c95df	d__Bacteria; p__Bacillota; c__Clostridia; o__Christensenellales; f__Christensenellaceae; g__Christensenellaceae_R-7_group	0.9995082922402597
a61cefff0e3f3795c0cdbd1156ff8211	d__Bacteria; p__Bacteroidota; c__Bacteroidia; o__Bacteroidales; f__Rikenellaceae; g__Alistipes	0.999959081410067
fc7b45a48440ccc4c907531088963c90	d__Bacteria; p__Bacillota; c__Bacilli; o__Erysipelotrichales; f__Erysipelotrichaceae; g__[Clostridium]_innocuum_group	0.999792181225684
40b70d1aab8475f9e63523e328000d96	d__Bacteria; p__Bacillota; c__Negativicutes; o__Veillonellales-Selenomonadales; f__Selenomonadaceae; g__Megamonas	0.9999670221047028
3e16da2e41667a2c395d5026574c9f99	d__Bacteria	0.9999999999992912
b025b6feda2c574bb589984ce8d6d826	d__Bacteria; p__Cyanobacteriota; c__Vampirivibrionia; o__Gastranaerophilales; f__Gastranaerophilaceae; g__CAG-196	0.831543106047755
164ba85637d8944348b927732bd833cf	d__Bacteria; p__Bacillota; c__Clostridia; o__Peptostreptococcales-Tissierellales; f__Peptostreptococcaceae; g__Peptostreptococcus	0.9999999862429975
d0efdcf9a4dc27c02e278530696ebac8	d__Bacteria; p__Bacillota; c__Clostridia; o__Lachnospirales; f__Lachnospiraceae	0.9999066450579484
3684507c4b860f8b5201cf50debd8336	d__Bacteria; p__Bacteroidota; c__Bacteroidia; o__Bacteroidales; f__Prevotellaceae; g__Leyella	0.9869390174872253
8092483d5246d2f0c7476b864980a52f	d__Bacteria; p__Bacillota; c__Negativicutes; o__Veillonellales-Selenomonadales; f__Veillonellaceae; g__Megasphaera	0.9999492806002246
d21dc7e3bd0b0d21d3823566e1825205	d__Bacteria; p__Bacillota; c__Clostridia; o__Lachnospirales; f__Lachnospiraceae; g__Incertae_Sedis	0.7667202715292818
a557b990d901a29e4793dd4ab444e21e	d__Bacteria; p__Bacillota; c__Negativicutes; o__Acidaminococcales; f__Acidaminococcaceae; g__Phascolarctobacterium	0.9984999281986777
3c5d87d28b3f5f56de4c95de483a76fe	d__Bacteria	0.9999999998840654
5962504fa2bd8e9c07536d95dfee64ad	d__Bacteria; p__Bacillota; c__Clostridia; o__Lachnospirales; f__Lachnospiraceae	0.9985166362327746
c7e0f7dc9294082c3c17808b94eaea60	d__Bacteria; p__Bacillota; c__Negativicutes; o__Veillonellales-Selenomonadales; f__Veillonellaceae; g__Megasphaera	0.9999854345491531
5b4ad3a57e8fa466bc9e9735f0c1903e	d__Bacteria; p__Bacteroidota; c__Bacteroidia; o__Bacteroidales; f__Barnesiellaceae; g__Coprobacter	0.9999999692585821
3513aebc96f0d678549959514303944b	d__Bacteria; p__Bacteroidota; c__Bacteroidia; o__Bacteroidales; f__Bacteroidaceae; g__Bacteroides	0.9999469652180176
848f561959aea2fa7330904379c67450	d__Bacteria; p__Bacteroidota; c__Bacteroidia; o__Bacteroidales; f__Marinifilaceae; g__Butyricimonas	0.9999999682999464
9b1037e6c5814c2d5492f1ceda30e917	d__Bacteria; p__Bacillota; c__Clostridia; o__Oscillospirales; f__Oscillospiraceae; g__UCG-005	0.9797454718051952
4173b74dc837f48888d580aa3582b34b	d__Bacteria; p__Bacillota; c__Clostridia; o__Oscillospirales; f__Oscillospiraceae; g__Oscillibacter	0.9718169634070337
cb09614ce6b5200951ad8e7975932ddc	d__Bacteria; p__Bacillota; c__Clostridia; o__Lachnospirales; f__Lachnospiraceae	0.9986731352665658
823112a5568ea32d517129cdcbe8e3e4	d__Bacteria; p__Bacillota; c__Clostridia; o__Lachnospirales; f__Lachnospiraceae	0.9999985733164541
41fa2862fe07ee02550907a4ea1ba8d3	d__Bacteria; p__Bacillota; c__Clostridia; o__Lachnospirales; f__Lachnospiraceae; g__Lachnospiraceae_UCG-004	0.9372450068915513
d514a220c3cd45609d74291dd8826b58	d__Bacteria; p__Bacillota; c__Clostridia; o__Lachnospirales; f__Lachnospiraceae; g__Frisingicoccus	0.9999158304165879
8fef90c0d37b79501968f043ba589b55	d__Bacteria; p__Bacillota; c__Clostridia; o__Christensenellales; f__Christensenellaceae; g__Christensenellaceae_R-7_group	0.9993180958775019
4baaa86df71ff97de6b9a34bb515708d	d__Bacteria; p__Bacillota; c__Clostridia; o__Lachnospirales; f__Lachnospiraceae	0.9950235424231397
fdb433309b9894f32dc72e93b0ea99c4	d__Bacteria; p__Bacillota; c__Clostridia; o__Lachnospirales; f__Lachnospiraceae	0.9999990264726953
8379a68147970f1590bf0a876920a4ce	d__Bacteria; p__Bacillota; c__Bacilli; o__Erysipelotrichales; f__Erysipelotrichaceae; g__Holdemanella	0.9999430632534083
7ac89c2fc6d06cb5ab5c5d1013e85b4c	d__Bacteria; p__Bacteroidota; c__Bacteroidia; o__Bacteroidales; f__Prevotellaceae; g__Prevotellaceae_NK3B31_group	0.7930313790755925
a2e63391bc45fa5a191f31920cf8291a	d__Bacteria; p__Bacillota; c__Clostridia; o__Lachnospirales; f__Lachnospiraceae; g__Lachnospiraceae_UCG-004	0.7000420777540961
3a65749af6b436262ccddd6cb4881a90	d__Bacteria; p__Bacillota; c__Clostridia; o__Oscillospirales; f__Oscillospiraceae	0.9982352636631043
60674b556a8b2831af2fe38703318553	d__Bacteria; p__Bacteroidota; c__Bacteroidia; o__Bacteroidales; f__Prevotellaceae; g__Paraprevotella	0.9913841638028281
2a62e2cbf23efde0eb28be17558d7d85	d__Bacteria; p__Bacillota; c__Clostridia; o__Lachnospirales; f__Lachnospiraceae; g__Lachnospiraceae_UCG-010	0.8575491822256764
3b438251883017658e70c088ad5b6b99	d__Bacteria; p__Bacteroidota; c__Bacteroidia; o__Bacteroidales; f__Prevotellaceae; g__Segatella	0.9989585232219684
0ad1bf6ceab3547e7e026a113a07fae9	d__Bacteria; p__Pseudomonadota; c__Gammaproteobacteria; o__Enterobacterales; f__Enterobacteriaceae; g__Escherichia-Shigella	0.9990023436674501
d53fac15f69a70700ddc8882b4ee0170	d__Bacteria; p__Pseudomonadota; c__Gammaproteobacteria; o__Enterobacterales; f__Enterobacteriaceae	0.8498743966890573
6d562b24aaa1e148c3336a7a78ec6b14	d__Bacteria; p__Bacteroidota; c__Bacteroidia; o__Bacteroidales; f__Prevotellaceae; g__Leyella	0.9837592072948195
4d1b295a390d24ad2a36cfd21099b28b	d__Bacteria; p__Bacillota; c__Clostridia; o__Lachnospirales; f__Lachnospiraceae	0.9999009397419454
246c4a05c67c73271465f6fe34ffcefe	d__Bacteria; p__Bacillota; c__Clostridia; o__Lachnospirales; f__Lachnospiraceae	0.9999967992100318
5343107ed66ae916ff446b21c64a9c54	d__Bacteria; p__Bacillota; c__Clostridia; o__Lachnospirales; f__Lachnospiraceae	0.9999972762588787
57ff8af35361a547fb18f2ddade2a8b1	d__Bacteria	0.9999988510270309
a4d751e640836eaf525622182cba0c7d	d__Bacteria; p__Bacillota; c__Clostridia; o__Oscillospirales; f__Ruminococcaceae; g__Ruminococcus	0.9986859447349132
dda86a3d2ac488861b63a37deec10309	d__Bacteria; p__Bacillota; c__Clostridia; o__Lachnospirales; f__Lachnospiraceae	0.999664623829211
52a8944b50db4f4a20e9918c93a32966	d__Bacteria; p__Verrucomicrobiota; c__Lentisphaeria; o__Victivallales; f__vadinBE97; g__Incertae_Sedis	0.999999999169205
efdc9b8b8938324f96474d14d1ab63a1	d__Bacteria; p__Bacillota; c__Negativicutes; o__Veillonellales-Selenomonadales; f__Veillonellaceae; g__Dialister	0.9953275305838151
d671f8f1fbef386ec992bc7f69ca4ca6	d__Bacteria; p__Bacillota; c__Bacilli; o__Erysipelotrichales; f__Erysipelatoclostridiaceae; g__Erysipelotrichaceae_UCG-003	0.9999996307195544
129d51075502fdb8992f74b07500ec77	Unassigned	0.3912948484589083
6b8bbf78d6bedc4731e26531a32eb80c	d__Bacteria; p__Bacillota; c__Bacilli; o__Lactobacillales; f__Streptococcaceae; g__Streptococcus	0.8937324623976172
b3f67b536d53ae023ec141b36498766c	d__Bacteria; p__Bacillota; c__Clostridia; o__Lachnospirales; f__Lachnospiraceae; g__Blautia	0.8139701400971233
5ecfcd7dd265ad9f3248d67d2b546c35	d__Bacteria; p__Pseudomonadota; c__Gammaproteobacteria; o__Burkholderiales; f__Sutterellaceae; g__Sutterella	0.9999978062132916
aeca993bb43fd1a4aa38b606c25c6efb	d__Bacteria; p__Bacillota; c__Clostridia; o__Lachnospirales; f__Lachnospiraceae	0.9999752012428375
a918a36904068148e4baa4d2de0b71b5	d__Bacteria; p__Bacillota; c__Clostridia; o__Lachnospirales; f__Lachnospiraceae; g__Lachnospiraceae_UCG-004	0.9442589415787707
2d16db025978f0d51f74347f2a7f8aa4	d__Bacteria; p__Bacillota; c__Clostridia; o__Lachnospirales; f__Lachnospiraceae; g__Faecalicatena	0.824667743473014
1baa54e46d87f3d34423c6de0748c71e	d__Bacteria; p__Bacteroidota; c__Bacteroidia; o__Bacteroidales; f__Bacteroidaceae; g__Bacteroides	0.9983464114778804
8bf6cbc38f6ec530f6261930ec4f2db3	d__Bacteria; p__Bacillota; c__Clostridia; o__Oscillospirales; f__Ruminococcaceae; g__Ruminococcus	0.977540018924091
18eb2e7aed7f9c9513e04ea803d8d9ed	d__Bacteria; p__Bacillota; c__Clostridia; o__Lachnospirales; f__Lachnospiraceae	0.9991425531109618
cd94bdadb633cc2d9f194d553997a6b1	d__Bacteria; p__Bacillota	0.9732097076948627
a5371d48858339f04556e900c89730c4	d__Bacteria; p__Bacteroidota; c__Bacteroidia; o__Bacteroidales; f__Bacteroidaceae; g__Bacteroides	0.9999963250433862
f91f6dfef56a4700c24ef4327cc479dc	d__Bacteria; p__Bacteroidota; c__Bacteroidia	0.9999998965511424
c5a545310ed7c899a97099db3b2ec5aa	d__Bacteria; p__Bacteroidota; c__Bacteroidia; o__Bacteroidales; f__Bacteroidaceae; g__Bacteroides	0.9998435549513858
cc20682aeada6aa2f626e05223889598	d__Bacteria; p__Bacillota; c__Negativicutes; o__Acidaminococcales; f__Acidaminococcaceae; g__Phascolarctobacterium	0.9973087471906763
986fbd5279b580dbf9103e379ac4d103	d__Bacteria; p__Bacillota; c__Clostridia; o__Lachnospirales; f__Lachnospiraceae	0.9999189327701206
8dcc6d3d8ccd36e0d2e08c7980a07c70	d__Bacteria; p__Bacillota; c__Clostridia; o__Lachnospirales; f__Lachnospiraceae	0.9993622160650375
cc8a91d65f9e630f786e4ceb610cb473	d__Bacteria; p__Bacillota; c__Clostridia; o__Lachnospirales; f__Lachnospiraceae	0.9999205367866609
550a4f046eee25448565092761b8befd	d__Bacteria; p__Bacillota; c__Clostridia; o__Lachnospirales; f__Lachnospiraceae; g__Lachnospiraceae_FE2018_group	0.965559924929028
059a2f40d216b5153e2beaaf3b51ca8b	d__Bacteria; p__Bacillota; c__Clostridia; o__Peptostreptococcales-Tissierellales; f__Family_XI; g__W5053	0.9998434521841674
cf12d531ec6ec4deeb535f1ab9ee092f	d__Bacteria; p__Bacillota; c__Clostridia; o__Lachnospirales; f__Lachnospiraceae	0.9999896310791235
f4695dfa88227427e728d38de34414f4	d__Bacteria; p__Bacillota; c__Negativicutes; o__Veillonellales-Selenomonadales; f__Veillonellaceae; g__Megasphaera	0.9994599322748593
b466f28e43885319b121c09248adc7e7	d__Bacteria; p__Bacillota; c__Clostridia; o__Lachnospirales; f__Lachnospiraceae	0.9996319812529006
a1895b4d42fe15f84d8fc44e0f59b982	d__Bacteria; p__Campylobacterota; c__Campylobacteria; o__Campylobacterales; f__Campylobacteraceae; g__Campylobacter	0.9999999998812541
220f3dc9d9a27800f8da77fdbf7d7cc8	d__Bacteria; p__Fusobacteriota; c__Fusobacteriia; o__Fusobacteriales; f__Fusobacteriaceae; g__Fusobacterium	0.9999999995232116
9ba3085b1e011194fb68b98f7f4095ea	d__Bacteria; p__Bacillota; c__Clostridia; o__Oscillospirales; f__Ruminococcaceae; g__Faecalibacterium	0.9998513771238058
5e5e28ada739b2b8553f9f8b4c9a8606	d__Bacteria; p__Bacillota; c__Clostridia; o__Lachnospirales; f__Lachnospiraceae	0.9998896716477338
e0a33de509e61a921545773cfc946c0a	d__Bacteria; p__Bacillota; c__Clostridia; o__Oscillospirales; f__Ruminococcaceae; g__Faecalibacterium	0.9998052069818963
00da3de2be87d587b902a9d7af4abfe4	d__Bacteria; p__Bacillota; c__Clostridia; o__Oscillospirales; f__Oscillospiraceae; g__UCG-005	0.997441320349307
fe36ed80e3f7667fc8a891cf818d8c5b	d__Bacteria; p__Bacillota; c__Clostridia; o__Peptococcales; f__Peptococcaceae; g__Peptococcus	0.999999999772939
d0c94c53cb21fb81cf79d887bb7d43c7	d__Bacteria; p__Bacillota; c__Bacilli; o__Erysipelotrichales; f__Erysipelotrichaceae; g__Catenisphaera	0.953023321771964
2303273893143c47bc36e31356a639df	d__Bacteria; p__Bacteroidota; c__Bacteroidia; o__Bacteroidales; f__Bacteroidaceae; g__Bacteroides	0.9829784630377546
8a9937ad2cc7893237c1fe6e75865122	d__Bacteria; p__Bacillota; c__Clostridia; o__Peptostreptococcales-Tissierellales; f__Family_XI; g__Peptoniphilus	0.9834846848070441
249ea4b9af9103db5906ac869c3f4e6b	d__Bacteria; p__Bacillota; c__Clostridia; o__Lachnospirales; f__Lachnospiraceae; g__Howardella	0.9999994191479952
16e029b4cb85d9d05d9d388371911840	d__Bacteria; p__Bacillota; c__Clostridia; o__Oscillospirales; f__Ruminococcaceae	0.9819645841549057
03a37a2e34405047d5355e2136c20d66	d__Bacteria; p__Bacillota; c__Clostridia; o__Lachnospirales; f__Lachnospiraceae	0.9999792083291353
fb944d919c1d12a8ca4446cc27229335	d__Bacteria; p__Bacillota; c__Clostridia; o__Christensenellales; f__Christensenellaceae; g__Incertae_Sedis	0.9944832243129725
bb89a6b5bfbff059d4467ef5a7ea3e41	d__Bacteria; p__Bacillota; c__Clostridia; o__Lachnospirales; f__Lachnospiraceae	0.9987652763157997
e442ad3050dfc9ba98e60eddec32051a	d__Bacteria; p__Bacillota; c__Clostridia; o__Lachnospirales; f__Lachnospiraceae	0.9999086443775319
010b26ce9420e14cd322880c660d6424	d__Bacteria; p__Bacillota; c__Bacilli; o__Erysipelotrichales; f__Erysipelatoclostridiaceae; g__Erysipelotrichaceae_UCG-003	0.9999990062335478
2915caf04142b2b0b9f2aba128107d87	d__Bacteria; p__Bacillota; c__Clostridia; o__Christensenellales; f__Christensenellaceae; g__Christensenellaceae_R-7_group	0.9650948230384018
36c38ded9eaafff7fe5014debaf3b913	d__Bacteria; p__Bacillota; c__Clostridia; o__Lachnospirales; f__Lachnospiraceae; g__Roseburia	0.7136574419107257
04fc0360178ccc8ddd8031e42895d89a	d__Bacteria; p__Pseudomonadota; c__Gammaproteobacteria; o__Enterobacterales; f__Enterobacteriaceae; g__Escherichia-Shigella	0.9991929958456798
a206defbf326899db1afea73001d6871	d__Bacteria; p__Bacteroidota; c__Bacteroidia; o__Bacteroidales; f__Porphyromonadaceae; g__Porphyromonas	0.9674511308930996
f95f50fe39e741f6ee523180b1b8fa4c	d__Bacteria; p__Bacteroidota; c__Bacteroidia; o__Bacteroidales; f__Marinifilaceae; g__Butyricimonas	0.9999998604066276
e7364bf388995d5e70dbfd299508daf8	d__Bacteria; p__Actinomycetota; c__Actinobacteria; o__Mycobacteriales; f__Corynebacteriaceae; g__Corynebacterium	0.9995025786759565
1fae47e3939f315ff650e225741770b3	d__Bacteria; p__Pseudomonadota; c__Gammaproteobacteria; o__Burkholderiales; f__Oxalobacteraceae; g__Undibacterium	0.9958844337311978
01df3c7c3ecbd5d6781df4da17b2bbb5	d__Bacteria; p__Bacillota; c__Clostridia; o__Clostridia_vadinBB60_group; f__Incertae_Sedis; g__Incertae_Sedis	0.9997542327929497
7afff851e8841e92c4e6c6954a6f821f	d__Bacteria; p__Bacillota; c__Clostridia; o__Lachnospirales; f__Lachnospiraceae; g__Lachnospiraceae_UCG-004	0.7212434424969476
a4fbb02f24f64b10a0c0015795c98daa	d__Bacteria; p__Bacillota; c__Negativicutes; o__Acidaminococcales; f__Acidaminococcaceae; g__Phascolarctobacterium	0.9999999998967439
9bb3dae2fd91be70a55f60aa3aa85213	d__Bacteria; p__Bacillota; c__Clostridia; o__Lachnospirales; f__Lachnospiraceae; g__Roseburia	0.7176756992157903
b80120708711ef883ec99262e5e180cb	d__Bacteria; p__Bacteroidota; c__Bacteroidia; o__Bacteroidales; f__Marinifilaceae; g__Butyricimonas	0.9999999674393371
1b6504e59ff695ba133270dacb31af0e	d__Bacteria; p__Bacillota; c__Clostridia; o__Lachnospirales; f__Lachnospiraceae	0.9929549102311572
13db48d66aa3b7f8b657e558cc4a33ae	d__Bacteria; p__Bacillota; c__Clostridia; o__Lachnospirales; f__Lachnospiraceae	0.9986365932615696
58d3f6cfe4e5f5dbfc53e921a64e6241	d__Bacteria; p__Bacillota; c__Clostridia; o__Lachnospirales; f__Lachnospiraceae	0.998967039692626
1e293744f623ded3a109a2a7e58c50ed	d__Bacteria; p__Bacillota; c__Clostridia; o__Lachnospirales; f__Lachnospiraceae	0.9811088669899484
799c2816f9809993b5f7efde255e1e80	d__Bacteria; p__Bacillota; c__Clostridia; o__Lachnospirales; f__Lachnospiraceae; g__Lachnospiraceae_UCG-004	0.8937045772638118
8cd17b1c04cede3317e7dd526441f317	d__Bacteria; p__Fusobacteriota; c__Fusobacteriia; o__Fusobacteriales; f__Leptotrichiaceae; g__Sneathia	0.9999999991177049
befe24940caa9422e1dba79889246587	d__Bacteria; p__Actinomycetota; c__Actinobacteria; o__Actinomycetales; f__Actinomycetaceae; g__Gleimia	0.999999999997641
d2ed3d99883ed4778438260662433fa1	d__Bacteria; p__Bacillota; c__Clostridia; o__Oscillospirales; f__Oscillospiraceae	0.9964346569208911
d8a51c4d527860dc0b1bae57bfa13fc7	d__Bacteria; p__Actinomycetota; c__Actinobacteria; o__Micrococcales; f__Microbacteriaceae	0.9999417157243425
8b7100c83760495091962be64a351441	d__Bacteria; p__Bacteroidota; c__Bacteroidia; o__Bacteroidales; f__Marinifilaceae; g__Butyricimonas	0.9999997557894474
12b767a65ac70d6586b41853743f0d4c	d__Bacteria; p__Bacillota; c__Clostridia; o__Lachnospirales; f__Lachnospiraceae; g__Incertae_Sedis	0.7149418304435261
b713aa1c8718c33c5a5dcd05c8f01152	d__Bacteria; p__Bacillota; c__Clostridia; o__Lachnospirales; f__Lachnospiraceae; g__ASF356	0.8410612405198363
47c6e71ac011cf4ee4281a6a4dfbbe0c	d__Bacteria; p__Bacillota; c__Clostridia; o__Peptostreptococcales-Tissierellales; f__Peptostreptococcaceae	0.9999985904171734
95410ce5890b958685b3a7c47aed72d9	d__Bacteria; p__Bacillota; c__Clostridia; o__Lachnospirales; f__Lachnospiraceae; g__Fusicatenibacter	0.7919272088083608
6bd8c6ee7433ad618b81e26641c90948	d__Bacteria; p__Cyanobacteriota; c__Vampirivibrionia; o__Gastranaerophilales; f__Gastranaerophilaceae; g__Zag_111	0.9696780185240619
444b939048fc99a02c0fcbf7e2ab79df	d__Bacteria; p__Bacteroidota; c__Bacteroidia; o__Bacteroidales; f__Marinifilaceae; g__Butyricimonas	0.9999973579164647
2c1e13b99136cbf143039343008c15d3	d__Bacteria; p__Bacillota; c__Clostridia; o__Lachnospirales; f__Lachnospiraceae	0.9998090187701323
cb2796044112eea304a3c874fe7f8e98	d__Bacteria; p__Pseudomonadota; c__Alphaproteobacteria; o__Rhodospirillales; f__Incertae_Sedis; g__Incertae_Sedis	0.999999794341299
f540b6cb1b03a28895694aa947a78b87	d__Bacteria; p__Bacteroidota; c__Bacteroidia; o__Bacteroidales; f__Barnesiellaceae; g__Coprobacter	0.9999999999924682
31efec93ac2a68ca9a01807132523404	d__Bacteria; p__Bacteroidota; c__Bacteroidia; o__Bacteroidales; f__Rikenellaceae; g__Alistipes	0.9998536180213645
8c6b7e06748c08a598e46844fde92b63	d__Bacteria; p__Bacillota; c__Clostridia; o__Oscillospirales; f__Ruminococcaceae; g__Candidatus_Soleaferrea	0.9999307510454194
c445be8f18fc03266b900b749a14e07c	d__Bacteria; p__Bacillota; c__Clostridia	0.9998961114800194
c813d78cc424be9b512d546b7632370c	d__Bacteria; p__Bacteroidota; c__Bacteroidia; o__Bacteroidales; f__Rikenellaceae; g__Alistipes	0.999652667147212
d1ef83a6ef3edd8dc269a3ccd005288d	d__Bacteria; p__Bacillota; c__Clostridia; o__Oscillospirales; f__UCG-010; g__Incertae_Sedis	0.9999881348660771
db532b4c94e0f114a62114c16167bfaf	d__Bacteria; p__Bacillota; c__Clostridia; o__Lachnospirales; f__Lachnospiraceae; g__Lachnospiraceae_NC2004_group	0.9728625650918321
8f217b7e795fcbe14388b1438742a8dc	d__Bacteria; p__Pseudomonadota; c__Gammaproteobacteria; o__Enterobacterales; f__Enterobacteriaceae; g__Escherichia-Shigella	0.9965849597878921
efc0a67e520ca9621d41a6d551eadfd5	d__Bacteria; p__Bacillota; c__Clostridia; o__Lachnospirales; f__Lachnospiraceae	0.9997961743560415
d0c86932d677ef839f950fae34047f8d	d__Bacteria; p__Bacillota; c__Clostridia; o__Lachnospirales; f__Lachnospiraceae	0.9999911420207179
0c6420d6e304a0044492d44b6782be40	d__Bacteria; p__Bacteroidota; c__Bacteroidia; o__Bacteroidales; f__Rikenellaceae; g__Alistipes	0.9999601814071613
6d15c2dec454661eb9f7db8d52d91f0c	d__Bacteria; p__Bacteroidota; c__Bacteroidia; o__Bacteroidales; f__Bacteroidaceae; g__Bacteroides	0.9999990968486643
bdc85f454fedcdd1f15acbcde1fd352f	d__Bacteria; p__Bacteroidota; c__Bacteroidia; o__Bacteroidales; f__Muribaculaceae; g__Incertae_Sedis	0.9678195013147871
333cc65a2fa42f1c2435d4bfb4474038	d__Bacteria; p__Bacteroidota; c__Bacteroidia; o__Bacteroidales; f__Porphyromonadaceae; g__Porphyromonas	0.9970360444663574
02720be32c49fafd4d169723653da379	d__Bacteria; p__Bacillota; c__Clostridia; o__Oscillospirales; f__UCG-010; g__Incertae_Sedis	0.999308130559336
0d915e9c4a1b17d453621b12eb1c40f6	d__Bacteria; p__Pseudomonadota; c__Gammaproteobacteria; o__Burkholderiales; f__Comamonadaceae	0.8826095454884736
6e4e3c8a46f935d7b0b85d2285aa69f8	d__Bacteria; p__Pseudomonadota; c__Gammaproteobacteria; o__Burkholderiales; f__Sutterellaceae; g__Sutterella	0.9999999283808333
2502fe74019219ffb08d32e67b3977c7	d__Bacteria; p__Pseudomonadota; c__Gammaproteobacteria; o__Burkholderiales; f__Sutterellaceae; g__Parasutterella	0.9991222708146938
75b9f6f6521d4f5b5b4b35361f8ea318	d__Bacteria; p__Bacillota; c__Negativicutes; o__Veillonellales-Selenomonadales; f__Veillonellaceae; g__Dialister	0.9999894104789679
382d70f9b39a41ee1235852685cd9134	d__Bacteria; p__Bacillota; c__Clostridia; o__Lachnospirales; f__Lachnospiraceae	0.9999862041348179
21ad3c6ecc9fd5e4e5bc389d9526df97	d__Bacteria; p__Bacillota; c__Clostridia; o__Oscillospirales; f__Ruminococcaceae; g__Faecalibacterium	0.9835035958408861
7dcc04c1c4907a23023ee45678d6a8ec	d__Bacteria; p__Pseudomonadota; c__Gammaproteobacteria; o__Enterobacterales; f__Succinivibrionaceae; g__Succinivibrio	0.946961414671177
091171229e95d59d01f1cf115eb505fd	d__Bacteria; p__Bacillota; c__Clostridia; o__Lachnospirales; f__Lachnospiraceae	0.9997591318658778
2a98dec988ea550a264bdf0444f5b7de	d__Bacteria; p__Bacillota; c__Clostridia; o__Lachnospirales; f__Lachnospiraceae; g__Lachnospiraceae_UCG-004	0.8970247017651778
fd256b641891e4e7562c8d0297e7ddbf	d__Bacteria; p__Bacillota; c__Clostridia; o__Oscillospirales; f__Butyricicoccaceae; g__Agathobaculum	0.9996332985816567
3239e4c7914bffcbc436ef0e33de22fb	d__Bacteria; p__Bacillota; c__Negativicutes; o__Veillonellales-Selenomonadales; f__Veillonellaceae; g__Megasphaera	0.9999160132197558
37ffb2c6c1e01b619f86f28168c66c97	d__Bacteria; p__Actinomycetota; c__Actinobacteria; o__Actinomycetales; f__Actinomycetaceae; g__Schaalia	0.9999999812157798
06abf5c311915d44d396f259759c55fa	d__Bacteria; p__Bacillota; c__Clostridia; o__Lachnospirales; f__Lachnospiraceae	0.9976371571459743
5e39af130ef121c9a4dc8a72c0caa93a	d__Bacteria; p__Bacillota; c__Clostridia; o__Lachnospirales; f__Lachnospiraceae; g__Shuttleworthia	0.8933474558126611
e6f1fe6f0c97828e0e248aba4c8fac84	d__Bacteria; p__Bacillota; c__Clostridia; o__Lachnospirales; f__Lachnospiraceae	0.998745559830825
201bbd0d54a4c2130732c110a2db7cbd	d__Bacteria; p__Pseudomonadota; c__Alphaproteobacteria; o__Rhodospirillales; f__Incertae_Sedis; g__Incertae_Sedis	0.999995936401035
546d397aac22cb1a7773d7b15977005d	d__Bacteria; p__Pseudomonadota; c__Gammaproteobacteria; o__Burkholderiales; f__Sutterellaceae; g__Sutterella	0.9999999423578333
9cdfd1e15709138c3c1616d996df1a8d	d__Bacteria; p__Bacteroidota; c__Bacteroidia; o__Bacteroidales; f__Rikenellaceae; g__Alistipes	0.9999214972819069
dd1bcb9f3972564daf28572f5848d516	d__Bacteria; p__Bacillota; c__Clostridia; o__Lachnospirales; f__Lachnospiraceae; g__Lachnospiraceae_UCG-004	0.9733171355569925
2dbaa0b774f8c86eadb086a99b5e8a62	d__Bacteria; p__Pseudomonadota; c__Alphaproteobacteria; o__Rhodospirillales; f__Incertae_Sedis; g__Incertae_Sedis	0.997902864239718
3eeefc296b029bb9d95bdac668f4bdc3	d__Bacteria; p__Bacillota; c__Clostridia; o__Lachnospirales; f__Lachnospiraceae	0.999962174936379
e9955968a3fe92df4173d2071d8468c9	d__Bacteria; p__Bacteroidota; c__Bacteroidia; o__Bacteroidales; f__Bacteroidaceae; g__Bacteroides	0.9999991833358801
fbf8a285633c1aaa0b194d5b8922c2ae	d__Bacteria; p__Bacillota; c__Bacilli; o__Erysipelotrichales; f__Erysipelatoclostridiaceae; g__Erysipelotrichaceae_UCG-003	0.9999998326754562
ac42f98b8b37ddb91ad7133430fc7591	d__Bacteria; p__Bacillota; c__Clostridia; o__Lachnospirales; f__Lachnospiraceae; g__Lachnospiraceae_UCG-010	0.9995590189807759
40a6e5d497917cca85ba3327a0f73ad8	d__Bacteria; p__Bacillota; c__Clostridia; o__Lachnospirales; f__Lachnospiraceae; g__Mediterraneibacter	0.979064505212437
3ae0229a74d6d715a4c86628d89a8145	d__Bacteria; p__Actinomycetota; c__Actinobacteria; o__Bifidobacteriales; f__Bifidobacteriaceae; g__Bifidobacterium	0.9999999676918355
972abc6d0567a31aa61a68f516d3cb60	d__Bacteria; p__Bacillota; c__Clostridia; o__Lachnospirales; f__Lachnospiraceae; g__Blautia	0.7405922664180791
b5019cd7569f9c8bd894e1484b4166ca	d__Bacteria; p__Bacillota; c__Clostridia; o__Oscillospirales; f__Ruminococcaceae; g__Faecalibacterium	0.9999939623244757
96625e084b715fd750889a96193722b7	d__Bacteria; p__Bacillota; c__Clostridia; o__Lachnospirales; f__Lachnospiraceae	0.9987772181651917
35240c1a47ee546f31442edfb6e7b517	d__Bacteria; p__Bacillota; c__Bacilli; o__Lactobacillales; f__Streptococcaceae; g__Streptococcus	0.9999832902978921
669be571b5c7f8408da06448ea23180a	d__Bacteria; p__Bacillota; c__Clostridia; o__Lachnospirales; f__Lachnospiraceae	0.9991576851448811
badc0a95e1836c0a50a4a354be27b704	d__Bacteria; p__Bacillota; c__Clostridia; o__Lachnospirales; f__Lachnospiraceae	0.9999932330451157
a0c438315cf773a3702e1d245407af13	d__Bacteria; p__Fusobacteriota; c__Fusobacteriia; o__Fusobacteriales; f__Fusobacteriaceae; g__Fusobacterium	0.9996285722169477
89c2abf315dfae810fc724651b430de1	d__Bacteria; p__Bacillota; c__Clostridia; o__Lachnospirales; f__Lachnospiraceae; g__Oribacterium	0.7847541070864249
cfe2914c87e0f2d0317138b5bd25268b	d__Bacteria; p__Bacillota; c__Clostridia; o__Clostridia_vadinBB60_group; f__Incertae_Sedis; g__Incertae_Sedis	0.8697150599785198
456bea822105ef1630a727acdae44c74	d__Bacteria; p__Bacillota; c__Clostridia; o__Monoglobales; f__Monoglobaceae; g__Monoglobus	0.9999512830513627
b6edd4aa007990119aec607763be58cd	d__Bacteria; p__Bacillota; c__Clostridia; o__Lachnospirales; f__Lachnospiraceae	0.9982233742084077
9f9f4bbf2e39d96c4617b7f2e16660db	d__Bacteria; p__Bacillota; c__Clostridia; o__Oscillospirales; f__Ruminococcaceae; g__Faecalibacterium	0.867488438603117
3cd0f24772fa259b2387c3247112e134	d__Bacteria; p__Bacteroidota; c__Bacteroidia; o__Bacteroidales; f__Prevotellaceae; g__Segatella	0.9984234241003654
8f49b5ce97cf782df035471dbae90d0e	d__Bacteria; p__Bacillota; c__Clostridia; o__Lachnospirales; f__Lachnospiraceae; g__Agathobacter	0.818729816004411
072a33ac0dfc6e4347397be5de4dd273	d__Bacteria; p__Pseudomonadota; c__Gammaproteobacteria; o__Burkholderiales; f__Sutterellaceae; g__Sutterella	0.9976326557045407
5396ab0e7a9060246a3b4b8bec1575c9	d__Bacteria; p__Pseudomonadota; c__Gammaproteobacteria; o__Burkholderiales; f__Sutterellaceae; g__Sutterella	0.9999707408708192
5aec2e7865e8a87d37941a434a20761e	d__Bacteria; p__Bacillota; c__Clostridia; o__Christensenellales; f__Christensenellaceae; g__Christensenellaceae_R-7_group	0.9698441848290128
c14bf2f5b9530a8f0af9bb66196a0ca1	d__Bacteria	0.9999999999997039
7b1f51afb661fd140ca25b439f312631	d__Bacteria; p__Bacillota; c__Clostridia; o__Oscillospirales; f__Ruminococcaceae; g__Faecalibacterium	0.9999903954476776
6084915581e8a63e3dcc36efe9b1bfcd	d__Bacteria; p__Bacillota; c__Clostridia; o__Lachnospirales; f__Lachnospiraceae	0.9999554572910221
b385db14525b7e784802af177aeaba56	d__Bacteria; p__Bacillota; c__Clostridia; o__Lachnospirales; f__Lachnospiraceae; g__Lachnospiraceae_UCG-004	0.845235600681654
a286cb3b741c16a8237ba1d02e318a04	d__Bacteria; p__Bacillota; c__Clostridia; o__Peptostreptococcales-Tissierellales; f__Anaerovoracaceae; g__S5-A14a	0.9999996194739267
39f7869ee338bdc5b9603fcdf8bfd3df	d__Bacteria; p__Bacillota; c__Clostridia; o__Oscillospirales; f__Ruminococcaceae	0.9999220399129563
dfe970efce02e985f085a70bcae13d64	d__Bacteria; p__Bacillota; c__Clostridia; o__Peptostreptococcales-Tissierellales; f__Family_XI; g__Peptoniphilus	0.9997212061669237
6ac638b445aeecde5aca05f683a36274	d__Bacteria; p__Bacillota; c__Clostridia; o__Lachnospirales; f__Lachnospiraceae; g__Enterocloster	0.9378718486670011
5124790b738764c6313e20a2e40ecb8e	d__Bacteria; p__Bacillota; c__Clostridia; o__Peptostreptococcales-Tissierellales; f__Anaerovoracaceae; g__Family_XIII_AD3011_group	0.9976433262635777
caa2596d3a4079429dbf425447fe733a	d__Bacteria; p__Bacillota; c__Clostridia; o__Lachnospirales; f__Lachnospiraceae	0.9999900368661918
1dd1d501b02aa876cea8c7c5a8d1a6c5	d__Bacteria; p__Bacillota; c__Clostridia; o__Lachnospirales; f__Lachnospiraceae	0.9978936582429815
53b1cdeb99339ddb5724fd56413b4167	d__Bacteria; p__Bacillota; c__Bacilli; o__Erysipelotrichales; f__Erysipelotrichaceae; g__Holdemanella	0.9997288653236326
bd54bd5aa52a12ece5c31033a2d374b8	d__Bacteria; p__Bacillota; c__Negativicutes; o__Veillonellales-Selenomonadales; f__Veillonellaceae; g__Megasphaera	0.9998791289134452
afee9f81bf2ea471f87eee048713e2e0	d__Bacteria; p__Bacillota; c__Clostridia; o__Lachnospirales; f__Lachnospiraceae; g__[Ruminococcus]_gnavus_group	0.7050328379879555
261e577025afb38f4951841bbd278e93	d__Bacteria; p__Bacillota; c__Clostridia; o__Oscillospirales; f__Oscillospiraceae	0.9978111164785424
1a777c74c2af32f69d5e4795c26a9014	d__Bacteria; p__Bacillota; c__Clostridia; o__Lachnospirales; f__Lachnospiraceae	0.9987317584057358
a249222c8ff07f386c602c9a515d1ca3	d__Bacteria; p__Bacillota; c__Clostridia; o__Peptostreptococcales-Tissierellales; f__Family_XI; g__Peptoniphilus	0.9999991792547107
fea65e5619f838e851679cbf9ef7e3e3	d__Bacteria; p__Bacteroidota; c__Bacteroidia; o__Bacteroidales; f__Bacteroidaceae; g__Bacteroides	0.9999849708859091
d287d1d90b04974ad2c0d1077433d205	d__Bacteria; p__Bacteroidota; c__Bacteroidia; o__Bacteroidales; f__Rikenellaceae; g__Alistipes	0.9997320586848706
01b072836ddb2b53f3de9122443a50d6	d__Bacteria; p__Bacillota; c__Clostridia; o__Clostridia_UCG-014; f__Incertae_Sedis; g__Incertae_Sedis	0.9999999999997016
bc77fa50baaf3f411556a0773e9bfbf5	d__Bacteria; p__Bacillota; c__Clostridia; o__Lachnospirales; f__Lachnospiraceae	0.9925450321435587
964546ecaf011bc80ffc232abf467026	d__Bacteria; p__Pseudomonadota; c__Alphaproteobacteria; o__Hyphomicrobiales; f__Beijerinckiaceae; g__Bosea	0.9951754242805568
7edbb21911ee6b1c3b3b8f52038bd71c	d__Bacteria; p__Bacillota; c__Clostridia; o__Oscillospirales; f__Ruminococcaceae; g__Candidatus_Soleaferrea	0.9999221271446217
ff3255d398a88f4210b03f94bfeead1e	d__Bacteria; p__Thermodesulfobacteriota; c__Desulfovibrionia; o__Desulfovibrionales; f__Desulfovibrionaceae; g__Desulfovibrio	0.9971415356175013
4aaf4a263c81dfb24632763c7d3b1ff5	d__Bacteria; p__Pseudomonadota; c__Gammaproteobacteria; o__Enterobacterales; f__Pasteurellaceae; g__Haemophilus	0.9989531533098653
fd1b52744e9cf1b3e6bd1bf2d9e081eb	d__Bacteria; p__Bacillota; c__Clostridia; o__Lachnospirales; f__Lachnospiraceae	0.9999817879314468
9aa2482f2ab37a0a9e9ae25e97aa5a65	d__Bacteria; p__Bacillota; c__Clostridia; o__Peptostreptococcales-Tissierellales; f__Anaerovoracaceae; g__Family_XIII_AD3011_group	0.882133041657982
da7fe00c2963be82459cf439b3f31991	d__Bacteria; p__Bacillota; c__Clostridia; o__Lachnospirales; f__Lachnospiraceae	0.9999997315774278
97f562d03b3a44c66528e49324618e16	d__Bacteria; p__Bacillota; c__Clostridia; o__Lachnospirales; f__Lachnospiraceae	0.9997499996030743
3cb90fd084acad218d8ae3d71a60b789	d__Bacteria; p__Bacteroidota; c__Bacteroidia; o__Bacteroidales; f__Rikenellaceae; g__Rikenellaceae_RC9_gut_group	0.998287132060334
15e58d8e9e0d42ca7a3385a865938e94	d__Bacteria; p__Bacillota; c__Bacilli; o__Lactobacillales; f__Lactobacillaceae; g__Limosilactobacillus	0.9109082306445667
cbda79035a862c2cb7df013071793a42	d__Bacteria; p__Bacillota; c__Clostridia; o__Oscillospirales; f__Oscillospiraceae; g__Intestinimonas	0.7803418936459441
d4de9833d32305e5e747c0836f0b3a3f	d__Bacteria; p__Bacteroidota; c__Bacteroidia; o__Bacteroidales; f__Prevotellaceae; g__Segatella	0.8171169333433683
bf19288779d9342d20c626b36f688923	d__Bacteria; p__Thermodesulfobacteriota; c__Desulfovibrionia; o__Desulfovibrionales; f__Desulfovibrionaceae; g__Desulfovibrio	0.9982418096654792
dc9b97ec88da88809ba72f1d409d6be8	d__Bacteria; p__Bacillota; c__Clostridia; o__Lachnospirales; f__Lachnospiraceae	0.9975888075511227
2d42f8269a2afa64d057e77e5eb8e27e	d__Bacteria; p__Bacillota; c__Clostridia; o__Oscillospirales; f__Ruminococcaceae; g__Acutalibacter	0.9999994314358585
0fbd4aab7966ed727996bc26e7a14d4e	d__Bacteria; p__Bacteroidota; c__Bacteroidia; o__Bacteroidales; f__Bacteroidaceae; g__Bacteroides	0.9981018054152989
619517b53578e3276e5031f8d76e684e	d__Bacteria; p__Bacteroidota; c__Bacteroidia; o__Bacteroidales; f__Marinifilaceae; g__Butyricimonas	0.9999999279150299
e08de96eb1068277cc0fe4317b182d7e	d__Bacteria; p__Bacillota; c__Clostridia; o__Lachnospirales; f__Lachnospiraceae	0.9999921915034129
20072b49222418e63083bd437304d673	d__Bacteria; p__Bacillota; c__Clostridia; o__Lachnospirales; f__Lachnospiraceae	0.9987667045070096
60d9cfc7be9a4964e396ec964b709db3	d__Bacteria; p__Bacteroidota; c__Bacteroidia; o__Bacteroidales; f__Marinifilaceae; g__Gabonibacter	0.9999999999499352
c198a5e4193b8838e2cf89fc81aeb052	d__Bacteria; p__Bacillota; c__Bacilli; o__Erysipelotrichales; f__Erysipelatoclostridiaceae; g__Massiliomicrobiota	0.9999013312938483
d4fadf79ed0c94b79d3a832ea2455b86	d__Bacteria; p__Bacillota; c__Clostridia; o__Lachnospirales; f__Lachnospiraceae	0.9996066820098941
90738b9f679a56c55c4e5359772377b8	d__Bacteria; p__Bacillota; c__Clostridia; o__Lachnospirales; f__Lachnospiraceae	0.9989738088781923
0533ebee38cbc20c94e96d1b5442e9b4	d__Bacteria; p__Bacillota; c__Clostridia; o__Lachnospirales; f__Lachnospiraceae	0.9872693796056079
6421e386ad5145498c8a4fb42424ef32	d__Bacteria; p__Bacillota; c__Clostridia; o__Lachnospirales; f__Lachnospiraceae	0.9974851174227046
a0bff39260b24f296e5d39ec07be8a91	d__Bacteria; p__Bacillota; c__Clostridia; o__Lachnospirales; f__Lachnospiraceae; g__Anaerostipes	0.7010541224352073
c238144b3b8935724439a7fbcfce5556	d__Bacteria; p__Bacillota; c__Clostridia; o__Oscillospirales; f__Oscillospiraceae	0.9983709960297052
31db1686ad6aab2a4b0678083383be58	d__Bacteria; p__Bacillota; c__Clostridia; o__Lachnospirales; f__Lachnospiraceae; g__Lachnospiraceae_UCG-004	0.8430288232448697
27ac4aaaa6ee51eb7c972c7d7ff627b2	d__Bacteria; p__Bacillota; c__Clostridia; o__Lachnospirales; f__Lachnospiraceae	0.9993527273613176
990fc4d3e7d7adb6898b60410defbb06	d__Bacteria; p__Bacteroidota; c__Bacteroidia; o__Bacteroidales; f__Prevotellaceae	0.9991698183606086
7068ae6702dc79003aa28427db9a8c63	d__Eukaryota	0.7744877606517705
54cb7c9bcdcbfd0199ce0fb7682b5712	d__Bacteria; p__Bacillota; c__Clostridia; o__Peptostreptococcales-Tissierellales; f__Family_XI; g__Peptoniphilus	0.9990299037761317
93f5bf2561da1654daf63d664faae132	d__Bacteria; p__Bacillota; c__Clostridia; o__Oscillospirales; f__Ruminococcaceae	0.9878516612219583
50c6df892470d1e00ccdedb0b1f60f38	d__Bacteria; p__Thermodesulfobacteriota; c__Desulfovibrionia; o__Desulfovibrionales; f__Desulfovibrionaceae; g__Desulfovibrio	0.9918314419041655
724ec192d7638612dcb89769567e0d57	d__Bacteria; p__Bacillota; c__Clostridia; o__Lachnospirales; f__Lachnospiraceae; g__Lachnospiraceae_UCG-004	0.9574840798230705
e13482e9820828ec56f2abf62892d934	d__Bacteria; p__Pseudomonadota; c__Alphaproteobacteria; o__Acetobacterales; f__Acetobacteraceae; g__Rubritepida	0.988132096368778
fd425eac6098ae7438a96dc5fee78134	d__Bacteria; p__Bacillota; c__Clostridia; o__Lachnospirales; f__Lachnospiraceae; g__Lachnospiraceae_UCG-004	0.7980896445976178
1ffe35dae3ef0813a207e64dd5a3ace7	d__Bacteria; p__Bacillota; c__Bacilli; o__Bacillales; f__Bacillaceae; g__Anoxybacillus	0.9851184564121636
4f55a9e3735ad8b54357e9b0e47c3265	d__Bacteria; p__Bacillota; c__Clostridia; o__Lachnospirales; f__Lachnospiraceae	0.7380740639053933
ac52b46d1056c8a773d21406b3324b71	d__Bacteria; p__Bacteroidota; c__Bacteroidia; o__Bacteroidales; f__Tannerellaceae; g__Parabacteroides	0.9739270007340093
b975b0d6d3f25a9c849ed5b444e47434	d__Bacteria; p__Bacteroidota; c__Bacteroidia; o__Bacteroidales; f__Muribaculaceae; g__Incertae_Sedis	0.9713476331079756
1509114e715850ca798cd35ba57d0a03	d__Bacteria; p__Bacillota; c__Clostridia; o__Lachnospirales; f__Lachnospiraceae	0.9999993651395164
ff3f4759beb76af49f609ce3f192946a	d__Bacteria; p__Bacillota; c__Clostridia; o__Oscillospirales; f__Ruminococcaceae; g__Subdoligranulum	0.942894287591651
fe2004bc8cb8f2f2f5d2fd5492ffd39c	d__Eukaryota	0.7450253252625433
4af49d39f4cde46c61f9f202da215484	d__Bacteria; p__Bacteroidota; c__Bacteroidia; o__Bacteroidales; f__Bacteroidaceae; g__Bacteroides	0.997461404714319
9c021d3c64e751965f7cffdffb36d71e	d__Bacteria; p__Thermodesulfobacteriota; c__Desulfovibrionia; o__Desulfovibrionales; f__Desulfovibrionaceae; g__Desulfovibrio	0.9961929472769339
622d330e30efdc7d7297eb553e6f8797	d__Bacteria; p__Bacillota; c__Bacilli; o__Erysipelotrichales; f__Erysipelotrichaceae; g__Solobacterium	0.9999965438215566
6fcb0d1a6f3dae80b762afab74c6af26	d__Bacteria; p__Bacillota; c__Clostridia; o__Oscillospirales; f__Oscillospiraceae; g__UCG-002	0.9959002009954292
5f9f683ceb92fdb2e30650fd9c79e4f7	d__Bacteria; p__Bacillota; c__Bacilli; o__Erysipelotrichales; f__Erysipelotrichaceae; g__Merdibacter	0.9976955414576105
d51fdcfb1d005a8bf3b8c2dbe506ad4e	d__Bacteria; p__Pseudomonadota; c__Gammaproteobacteria; o__Burkholderiales; f__Sutterellaceae; g__Sutterella	0.9497515638525177
255e03ca4d391855a91347ee239d8d66	d__Bacteria; p__Bacillota; c__Clostridia; o__Lachnospirales; f__Lachnospiraceae	0.9997135061411551
49181d8eb4f50b676a7d1b92a019c000	d__Bacteria; p__Bacillota; c__Clostridia; o__Lachnospirales; f__Lachnospiraceae	0.9995846029677096
cf1d35c57308bbff6803c529e10c28ad	d__Bacteria; p__Bacillota; c__Clostridia; o__Lachnospirales; f__Lachnospiraceae; g__Blautia	0.8358459539139756
fd1beaff1cb5d2719a431c1e092b810e	d__Bacteria; p__Pseudomonadota; c__Gammaproteobacteria; o__Enterobacterales; f__Pasteurellaceae; g__Haemophilus	0.9997054000010045
bb9acd16f8fed399059bcf9028ec6669	d__Eukaryota	0.8221712742421937
4076df35c543b6f8c128ebfb474d6e50	Unassigned	0.6526719978109714
75b81b4c79478f5b7a67f9f269bdd23a	d__Bacteria; p__Bacillota; c__Clostridia; o__Oscillospirales; f__UCG-010; g__Incertae_Sedis	0.9998604326698989
7f833554425f9754e288fead73797604	d__Bacteria; p__Bacillota; c__Clostridia; o__Eubacteriales; f__Eubacteriaceae; g__Eubacterium	0.9999829276851968
dbf4a169af8a9976bab5724c4c8c0dfe	d__Bacteria; p__Bacillota; c__Clostridia; o__Peptostreptococcales-Tissierellales; f__Family_XI; g__Anaerococcus	0.9999999999981242
83f8871a4658274ace0b130e5b82e047	d__Bacteria	0.9999999999908681
e420f1437ca663699115265c515c6d86	d__Bacteria; p__Bacillota; c__Clostridia; o__Lachnospirales; f__Lachnospiraceae	0.9999853443908123
09408ab47df607dd9475287f9b19eb9e	d__Bacteria; p__Bacteroidota; c__Bacteroidia; o__Bacteroidales; f__Marinifilaceae; g__Butyricimonas	0.9999543216203496
9a374c67b078cdaea36faa1770a8883c	d__Bacteria; p__Bacillota; c__Clostridia; o__Lachnospirales; f__Lachnospiraceae; g__Lachnospiraceae_UCG-004	0.9512380599648482
190796e29189adbc836c44ada6515367	d__Bacteria; p__Bacteroidota; c__Bacteroidia; o__Bacteroidales; f__Rikenellaceae; g__Rikenellaceae_RC9_gut_group	0.9999189362074917
0078bed0d6634911146fd4dca946d6c4	d__Bacteria; p__Bacillota; c__Clostridia; o__Oscillospirales; f__Ruminococcaceae; g__Acutalibacter	0.9889461795521965
f9f624a747a8fc5dfb350abe50c01ea0	d__Bacteria; p__Bacillota; c__Negativicutes; o__Acidaminococcales; f__Acidaminococcaceae; g__Phascolarctobacterium	0.999999999307164
424f7887e2edd63e23ae09e388e626ee	d__Bacteria; p__Bacillota; c__Clostridia; o__Lachnospirales; f__Lachnospiraceae; g__Lachnospiraceae_UCG-004	0.9291712831269912
c487bffc59c3f71c780c1a613d8f6bb0	d__Bacteria; p__Bacillota; c__Clostridia; o__Peptococcales; f__Peptococcaceae; g__Incertae_Sedis	0.997656898856331
b8d86973f9c0b3d06a628b14bf38da5b	d__Bacteria; p__Pseudomonadota; c__Gammaproteobacteria; o__Burkholderiales	0.9999999364541355
273d128cfccb633ed91bc7eef152fd38	d__Bacteria; p__Bacillota; c__Clostridia; o__Lachnospirales; f__Lachnospiraceae; g__Anaerostipes	0.8616059518732238
274c4644aee1bfadeac07cf5aaa4fd88	d__Bacteria; p__Bacillota; c__Clostridia; o__Oscillospirales; f__Ruminococcaceae; g__Ruminococcus	0.9887602013050537
6533f4b0b9a74252e82477f2b99de38c	d__Bacteria; p__Bacillota; c__Clostridia; o__Oscillospirales; f__Ruminococcaceae; g__Faecalibacterium	0.9998649021580212
6ac752cb76c777f9fce47f606a2261e0	d__Bacteria; p__Bacillota; c__Clostridia; o__Oscillospirales; f__Ruminococcaceae; g__Acutalibacter	0.8067822608836861
f8d1d9c7fe4d46074c8e74ab591c8be0	d__Bacteria; p__Bacillota; c__Clostridia; o__Oscillospirales; f__Ruminococcaceae; g__Acutalibacter	0.9999967505978375
3300d00c70c281f068068c2c7937cdd3	d__Bacteria; p__Bacteroidota; c__Bacteroidia; o__Bacteroidales; f__Rikenellaceae; g__Alistipes	0.9998759090382908
ebb67eb121f58ed6b583839ee2800e35	d__Bacteria; p__Bacteroidota; c__Bacteroidia; o__Bacteroidales; f__Prevotellaceae; g__Segatella	0.9994339471103821
3bcd6999b13ead75734e557ca77c13a6	d__Bacteria; p__Bacteroidota; c__Bacteroidia; o__Bacteroidales; f__Barnesiellaceae; g__Incertae_Sedis	0.999997905580121
f96acd26ecbd20762cf72fd6c0a0a449	d__Bacteria; p__Bacillota; c__Clostridia; o__Lachnospirales; f__Lachnospiraceae	0.9998299893905116
7dc58a6a9ce0d8c5e827a9278546c930	d__Bacteria; p__Bacillota; c__Clostridia; o__Lachnospirales; f__Lachnospiraceae	0.9999577359177458
54d45ee477d5b67d01772bc08ed7e457	d__Bacteria; p__Bacillota; c__Clostridia; o__Lachnospirales; f__Lachnospiraceae	0.9999900635513332
36fe00b664cdc484d5b15d5260c0af70	d__Bacteria; p__Bacillota; c__Clostridia; o__Lachnospirales; f__Lachnospiraceae; g__Lachnospiraceae_UCG-004	0.9589789597556322
bb52b41a6da459d999f4f42b65552dcd	d__Bacteria; p__Bacillota; c__Clostridia; o__Lachnospirales; f__Lachnospiraceae; g__Lachnospiraceae_UCG-004	0.9911675532707918
436ea7f8ecb27f1f31e105fcdf566a2e	d__Bacteria	0.9999999999997863
072d5583e4fb322e3bab16b43bde670d	d__Bacteria; p__Bacillota; c__Clostridia; o__Lachnospirales; f__Lachnospiraceae	0.9999988962715017
dc1d2609edf27da450f95a98d597d07e	d__Bacteria; p__Bacillota; c__Clostridia; o__Lachnospirales; f__Lachnospiraceae	0.9550365913687285
663e944e636b09f7deb52e804989b755	d__Bacteria; p__Bacillota; c__Clostridia; o__Lachnospirales; f__Lachnospiraceae; g__Lachnospiraceae_UCG-004	0.8781627400699598
5911caf552b57d2c0fa03fcfb883dcb5	d__Bacteria; p__Bacteroidota; c__Bacteroidia; o__Flavobacteriales; f__Flavobacteriaceae; g__Citreitalea	0.7807059315539732
61585ad9e80d9e350533f86b7b45c424	d__Bacteria; p__Bacillota; c__Clostridia; o__Lachnospirales; f__Lachnospiraceae; g__Lachnospiraceae_UCG-004	0.8626893195748035
15e5abb8ce3180cc527bfa793dc0b053	d__Bacteria; p__Bacillota; c__Bacilli; o__Erysipelotrichales; f__Erysipelotrichaceae; g__Holdemanella	0.9974287297611711
b095194e5bcd687accca1e15062ff6fa	d__Bacteria; p__Bacillota; c__Clostridia; o__Oscillospirales; f__UCG-010; g__Incertae_Sedis	0.999993017367423
bc9efb140e6bee536fe3a48ca1c8be77	d__Bacteria; p__Bacillota; c__Clostridia; o__Peptostreptococcales-Tissierellales; f__Anaerovoracaceae; g__Family_XIII_UCG-001	0.9990267275038262
92a851a9c2f66352af49e35752970b53	d__Bacteria; p__Bacillota; c__Clostridia; o__Lachnospirales; f__Lachnospiraceae; g__Lachnospiraceae_NC2004_group	0.8601022242320312
4208fc1d7db6c86d779eeb1aa0bc5dff	d__Bacteria; p__Bacillota; c__Clostridia; o__Oscillospirales; f__Ruminococcaceae; g__Hydrogenoanaerobacterium	0.8715846554193781
f1c160328839d27b3f8fb1235a70fcaf	d__Bacteria; p__Bacillota; c__Clostridia; o__Lachnospirales; f__Lachnospiraceae	0.9999980628834695
10fb1da5a55da3bf8b093182bfff2ac9	d__Bacteria; p__Bacillota; c__Clostridia; o__Peptococcales; f__Peptococcaceae; g__Incertae_Sedis	0.9594636400899406
57ca53d47b56508a620230053149fe63	d__Bacteria; p__Bacillota; c__Clostridia; o__Lachnospirales; f__Lachnospiraceae	0.996460252644431
a4517acad7b56bedac9ffa5b787fb8c0	d__Bacteria; p__Bacteroidota; c__Bacteroidia; o__Bacteroidales; f__Prevotellaceae; g__Segatella	0.9991518131972889
98925566df2c0ca255900f36bb5e58c1	d__Bacteria; p__Pseudomonadota; c__Gammaproteobacteria; o__Burkholderiales; f__Sutterellaceae; g__Sutterella	0.9999870775974875
37350107bd0172332855e328e8c763f2	d__Bacteria; p__Bacillota; c__Clostridia; o__Lachnospirales; f__Lachnospiraceae	0.9883844663353226
3e3465a86a77b335e46192579aa211bd	d__Bacteria; p__Bacteroidota; c__Bacteroidia; o__Bacteroidales; f__Barnesiellaceae; g__Coprobacter	0.9999999999144933
78e2ffa83f5b73af098040ad843abb87	d__Bacteria; p__Bacillota; c__Clostridia; o__Lachnospirales; f__Lachnospiraceae; g__Anaerobutyricum	0.99909580777706
939503350c823c74ff70e1f650e2d3ee	d__Bacteria; p__Bacteroidota; c__Bacteroidia; o__Bacteroidales; f__Bacteroidaceae; g__Bacteroides	0.9646753929645198
267c4c739bef314474240bc1ff6964bd	d__Bacteria; p__Bacillota; c__Clostridia; o__Lachnospirales; f__Lachnospiraceae	0.9684502154844675
fe6a843578ba9401fe9dbadc35697c6f	d__Bacteria; p__Bacillota; c__Clostridia; o__Lachnospirales; f__Lachnospiraceae	0.9999765322948624
7cfb6f9f40f84955d5b407563b08eacc	d__Bacteria; p__Bacillota; c__Clostridia; o__Oscillospirales; f__Oscillospiraceae; g__Intestinimonas	0.7189395054523563
dd062baeeb883e1069d4bfa9ecc4ff5e	d__Bacteria; p__Bacillota; c__Bacilli; o__Erysipelotrichales; f__Erysipelatoclostridiaceae; g__Incertae_Sedis	0.9968400859537945
19866b7e74d79d6dca4ab26474d72aa1	Unassigned	0.6054411375812555
ed557897240f6f1808483bfc1870f597	d__Bacteria; p__Actinomycetota; c__Coriobacteriia; o__Coriobacteriales; f__Atopobiaceae; g__Lancefieldella	0.9233825296299883
f84139442d011fc9e95b72408d76b298	d__Bacteria; p__Bacillota; c__Clostridia; o__Oscillospirales; f__Oscillospiraceae; g__Intestinimonas	0.7633233433993064
8030c91274b30bcdf90240fa01f694f3	d__Bacteria; p__Bacillota; c__Clostridia; o__Lachnospirales; f__Lachnospiraceae	0.9977692958464102
2a15d7af2b33a33c04feee4fbdd8f97b	d__Bacteria; p__Bacillota; c__Clostridia; o__Lachnospirales; f__Lachnospiraceae	0.9999987406099909
fbd18a8bf8d189f78a3635ca579ad311	d__Bacteria; p__Bacillota; c__Clostridia; o__Oscillospirales; f__Ruminococcaceae; g__Faecalibacterium	0.999988773110172
b342377df8a37e0f761304a12a486ece	d__Bacteria; p__Bacillota; c__Negativicutes; o__Veillonellales-Selenomonadales; f__Veillonellaceae; g__Megasphaera	0.9997666371842492
0b7855dbca9728c8b2e01aa2e4bdf004	d__Bacteria; p__Bacillota; c__Clostridia; o__Lachnospirales; f__Lachnospiraceae	0.9999996288668915
e4e67297a0ef7d87713aac499bcb4a39	d__Bacteria; p__Bacteroidota; c__Bacteroidia; o__Bacteroidales; f__Rikenellaceae; g__Rikenellaceae_RC9_gut_group	0.9998923239887494
e29f1a78ba2a1d6f91612ebd898adfe6	d__Bacteria; p__Bacteroidota; c__Bacteroidia; o__Bacteroidales; f__Tannerellaceae; g__Parabacteroides	0.9980937991020565
4aeca325d5cfca6e049d33bd7c0c9392	d__Bacteria; p__Bacillota; c__Clostridia; o__Lachnospirales; f__Lachnospiraceae	0.9971992573575628
bc0186678261e04c71c5bec476e80fbb	d__Bacteria; p__Bacteroidota; c__Bacteroidia; o__Bacteroidales; f__Tannerellaceae; g__Parabacteroides	0.9999648863866943
27d357e1f3e93dcf950460c3cf141996	d__Bacteria; p__Bacillota; c__Clostridia; o__Lachnospirales; f__Lachnospiraceae	0.9999859192962731
711bac3b2652deb25a166e69a2baf8ef	d__Eukaryota	0.7544988558052353
8324facd4c1fe7abd0e410100d4f9880	d__Bacteria; p__Bacteroidota; c__Bacteroidia; o__Bacteroidales; f__Prevotellaceae	0.999999983495401
86795cd000c391df37021316eb6fa554	d__Bacteria; p__Bacillota; c__Clostridia; o__Lachnospirales; f__Lachnospiraceae	0.9999987363557281
9abb812f81c8187314a1c13937df9f68	d__Bacteria; p__Bacillota; c__Clostridia; o__Lachnospirales; f__Lachnospiraceae	0.999510112262256
1fd5eb543442b9a138a34e805be7df54	d__Bacteria; p__Bacillota; c__Clostridia; o__Lachnospirales; f__Lachnospiraceae	0.9996289141110075
7f95ddede3986746b3a8f461602516e6	d__Bacteria; p__Bacillota; c__Clostridia; o__Lachnospirales; f__Lachnospiraceae; g__Lachnospiraceae_UCG-004	0.9641500792599468
a4756c195b20987d3f0e06536d117439	d__Bacteria; p__Pseudomonadota; c__Gammaproteobacteria; o__Enterobacterales; f__Pasteurellaceae; g__Haemophilus	0.82414256972036
7aebfdcedcaf5aeeae6dbb366883ad1e	d__Bacteria; p__Actinomycetota; c__Actinobacteria; o__Actinomycetales; f__Actinomycetaceae; g__Actinomyces	0.9999999956105654
72b4c508998c8cf1fd5cc9a60097a4e6	d__Bacteria; p__Bacillota; c__Clostridia; o__Clostridiales; f__Clostridiaceae; g__Clostridium	0.9996621432196595
57bdea0fdb426429df983110ddbdc64d	d__Bacteria; p__Bacillota; c__Clostridia; o__Peptostreptococcales-Tissierellales; f__Peptostreptococcaceae; g__Intestinibacter	0.7170674465256569
29efdf3d5e6fb42a34a0ad4ff869c7da	d__Bacteria; p__Bacillota; c__Clostridia; o__Oscillospirales; f__Oscillospiraceae	0.9978051568606697
afdada22fc0378105d5ca10a94111cba	d__Bacteria; p__Actinomycetota; c__Coriobacteriia; o__Coriobacteriales; f__Eggerthellaceae; g__Incertae_Sedis	0.9997476607746283
032d599868208b6f6d70a17aa68724cb	d__Bacteria; p__Bacillota; c__Clostridia; o__Lachnospirales; f__Lachnospiraceae; g__Blautia	0.7994215081595685
0a71e324d38126041194c72fe797f17f	Unassigned	0.36202706500597315
e007d852b171fbbe8c6b35f12d296595	d__Bacteria; p__Cyanobacteriota; c__Vampirivibrionia; o__Gastranaerophilales; f__Gastranaerophilaceae; g__Zag_111	0.9979547308280733
448c524386aa921553f29920441cd0f8	d__Bacteria; p__Bacillota; c__Clostridia; o__Oscillospirales; f__Butyricicoccaceae; g__Agathobaculum	0.9999850558265669
88a5a7aba5bf52b841b5edb3713a5548	d__Bacteria; p__Bacillota; c__Clostridia; o__Oscillospirales; f__Oscillospiraceae	0.9987102664292282
b329c7baf87fa02b220ab0d3d356c3b2	d__Bacteria; p__Bacillota; c__Clostridia; o__Oscillospirales; f__Ruminococcaceae	0.8253582043398229
1f5604489715775cdd88867c8446808a	d__Bacteria; p__Bacillota; c__Clostridia; o__Oscillospirales; f__UCG-010; g__Incertae_Sedis	0.9999701156019964
338db08c50e806448e1b9960d0c8940d	d__Bacteria; p__Bacillota; c__Clostridia; o__Oscillospirales; f__Ruminococcaceae; g__Faecalibacterium	0.9993789612146516
4407c625dad6bbe9ebbc58dc33da4cd5	d__Bacteria; p__Bacillota; c__Clostridia; o__Lachnospirales; f__Lachnospiraceae	0.9999111823162989
27423fcdfce75c1143dc6439d4e035b2	d__Bacteria; p__Bacillota; c__Negativicutes; o__Veillonellales-Selenomonadales; f__Veillonellaceae; g__Veillonella	0.9999981066532815
55cc12f9da2e482e703f9e37ae0e795f	d__Bacteria; p__Bacillota; c__Clostridia; o__Oscillospirales; f__Ruminococcaceae	0.9998084753157832
1eb862346138b396afef06f1c6119cd8	d__Bacteria; p__Bacillota; c__Clostridia; o__Lachnospirales; f__Lachnospiraceae	0.9996566068166435
02cfdd9e1f929f0b028a8813f9acae89	d__Bacteria; p__Bacillota; c__Clostridia; o__Oscillospirales; f__Butyricicoccaceae; g__Agathobaculum	0.9988926318129188
989e3f212ba0003f036bcab71f57b042	d__Bacteria; p__Bacillota; c__Clostridia; o__Lachnospirales; f__Lachnospiraceae	0.9999995402853632
0973853688a9a9c3ea9754c0ff2c53ab	d__Bacteria; p__Bacillota; c__Clostridia; o__Lachnospirales; f__Lachnospiraceae	0.998123027791137
cbff62b8d91e321a4e333de0acd6914e	d__Bacteria; p__Bacillota; c__Clostridia; o__Lachnospirales; f__Lachnospiraceae; g__Lachnospiraceae_UCG-004	0.9705903733349467
141d500a45797a37c4d1953dc1a1cb86	d__Bacteria; p__Bacillota; c__Clostridia; o__Lachnospirales; f__Lachnospiraceae; g__Falcatimonas	0.7038540233398901
b1fed272eac1b7feb46912c22e07d2fe	d__Bacteria; p__Bacillota; c__Negativicutes; o__Veillonellales-Selenomonadales; f__Veillonellaceae; g__Megasphaera	0.9999999959383246
6690ee1dc2e688f97c4fd2ddf0b365f3	d__Bacteria; p__Bacillota; c__Clostridia; o__Lachnospirales; f__Lachnospiraceae	0.9999780053755107
c07a5817b8f3e0ba5dfbcd7083bd6fca	d__Bacteria; p__Bacteroidota; c__Bacteroidia; o__Bacteroidales; f__Prevotellaceae	0.9999999856354507
7588ad4926f7ab9f1d55cfa20653db65	d__Bacteria; p__Bacillota; c__Clostridia; o__Oscillospirales; f__Ruminococcaceae; g__Faecalibacterium	0.9999985710032014
c6fc25fe89b81d5570ece1ed3c4f2fad	d__Eukaryota	0.8429484936574948
e06b679f060b4dec5096e2b3d95ac119	d__Bacteria; p__Bacillota; c__Clostridia; o__Christensenellales; f__Christensenellaceae; g__Christensenellaceae_R-7_group	0.962096304032396
45f063c6c7b3d14a83de338c1098ba41	d__Bacteria; p__Bacillota; c__Clostridia; o__Peptostreptococcales-Tissierellales; f__Peptostreptococcaceae	0.9998152984259171
a0d22968197d481d6b5aff2a5f908d32	d__Bacteria; p__Pseudomonadota; c__Gammaproteobacteria; o__Enterobacterales; f__Enterobacteriaceae; g__Escherichia-Shigella	0.9987326579359723
b68a6043b3b7633d72e1604f943918d8	d__Bacteria; p__Bacillota; c__Clostridia; o__Lachnospirales; f__Lachnospiraceae; g__GCA-900066755	0.9998507561905491
32e68dd25a7212b7ba420a4a7d687be2	d__Bacteria; p__Bacillota; c__Clostridia; o__Lachnospirales; f__Lachnospiraceae	0.9994221370922757
7d6649aaa0539afef4afa44b2f39c5ff	d__Bacteria; p__Bacteroidota; c__Bacteroidia; o__Bacteroidales; f__Bacteroidaceae; g__Bacteroides	0.9998744625465701
10db73c13e40586cacdd6b0f0938d775	d__Bacteria; p__Bacillota; c__Clostridia; o__Lachnospirales; f__Lachnospiraceae	0.9999185111256896
454ff2360c43b7b8c11bd4d1e52c2c77	d__Bacteria; p__Bacillota; c__Clostridia; o__Oscillospirales; f__Oscillospiraceae; g__UCG-002	0.9847366193642608
1bb73199063f272780e2c2c4cf582507	d__Bacteria; p__Bacillota; c__Clostridia; o__Lachnospirales; f__Lachnospiraceae	0.9999990888117203
f2499558c444d7ccd4d63d65492fa363	Unassigned	0.6067842165348007
d9621552488868245741d63d60a448dc	d__Bacteria; p__Bacillota; c__Clostridia; o__Lachnospirales; f__Lachnospiraceae; g__Shuttleworthia	0.8873615042784567
7eb67ad3da5f378cf46bee5368ff98a3	d__Bacteria; p__Bacillota; c__Clostridia; o__Lachnospirales; f__Lachnospiraceae	0.999981667454326
adc43650aca6155092a5fea20900cec3	d__Bacteria; p__Bacillota; c__Clostridia; o__Oscillospirales; f__Ruminococcaceae; g__Acutalibacter	0.9998183357456983
8d3fa48c611a856595174143f04ef018	d__Bacteria; p__Pseudomonadota; c__Gammaproteobacteria; o__Enterobacterales; f__Enterobacteriaceae; g__Escherichia-Shigella	0.9986740492509444
6901b49f86a8ace68b90d89196e234cb	d__Bacteria; p__Bacteroidota; c__Bacteroidia; o__Bacteroidales; f__Prevotellaceae; g__Leyella	0.9542169293106448
9a9b30893feec18837cb58f8ad48f3b6	d__Bacteria; p__Bacteroidota; c__Bacteroidia; o__Bacteroidales; f__Bacteroidaceae; g__Bacteroides	0.8856010391432458
794f293b4a484f3a3e54398ca43c3af1	d__Bacteria; p__Actinomycetota; c__Actinobacteria; o__Bifidobacteriales; f__Bifidobacteriaceae; g__Gardnerella	0.9999999480304083
e75a75999f4b6e11780f69aee37cbdef	d__Bacteria; p__Pseudomonadota; c__Gammaproteobacteria; o__Burkholderiales; f__Neisseriaceae; g__Neisseria	0.9946729679104146
4c3e6f830b2bc9a9ed90d57ac14660d0	d__Bacteria; p__Bacteroidota; c__Bacteroidia; o__Bacteroidales; f__Tannerellaceae; g__Parabacteroides	0.9998802351485885
927b863290f52eff9f009f14a8c35777	d__Bacteria; p__Bacteroidota; c__Bacteroidia; o__Bacteroidales; f__Tannerellaceae; g__Parabacteroides	0.9999997147904318
b26dabdd0844a592bd8b51cb9140224a	d__Bacteria; p__Bacillota; c__Clostridia; o__Lachnospirales; f__Lachnospiraceae	0.9999983902484515
f2e24b3c98730387d33ff4bd3702bff9	d__Bacteria; p__Bacillota; c__Clostridia; o__Clostridia_vadinBB60_group; f__Incertae_Sedis; g__Incertae_Sedis	0.9989771246391852
3ffba44c1ab4d0361ffe64a321a81443	d__Bacteria; p__Cyanobacteriota; c__Vampirivibrionia; o__Gastranaerophilales; f__Gastranaerophilaceae	0.9999999998235076
cbde8e2394b1991302942e066c1fb2e3	d__Bacteria; p__Bacillota; c__Clostridia; o__Oscillospirales; f__Ruminococcaceae; g__[Eubacterium]_siraeum_group	0.9999999182070416
4b9e642f1082dc00552fe64f868c46dc	d__Bacteria; p__Bacillota; c__Clostridia; o__Oscillospirales; f__Oscillospiraceae	0.808022828112654
41792a07c5c9269e8f4a1375a0f7ca39	d__Bacteria; p__Bacillota; c__Clostridia; o__Lachnospirales; f__Lachnospiraceae	0.999998929443896
13387e1a442643f75de9541542993e04	d__Bacteria; p__Bacillota; c__Clostridia; o__Lachnospirales; f__Lachnospiraceae	0.9990498723102945
17a1e875e2ad6b979c121c17c552258f	d__Bacteria; p__Bacillota; c__Clostridia; o__Lachnospirales; f__Lachnospiraceae; g__Lachnospiraceae_UCG-008	0.7401413563612683
4b8ca7b7a3ac00bf74592f8312cb5c82	d__Bacteria; p__Bacillota; c__Clostridia; o__Lachnospirales; f__Lachnospiraceae	0.9991745751655299
a03e6364bad25a8b418ea4006e566fee	d__Bacteria; p__Bacillota; c__Clostridia; o__Lachnospirales; f__Lachnospiraceae; g__Lachnospiraceae_UCG-004	0.9898381019889027
4c45d926939b6a4b37516d5feeb18714	d__Bacteria; p__Bacteroidota; c__Bacteroidia; o__Bacteroidales; f__Prevotellaceae; g__Segatella	0.9279314988245142
250aff4db7014d62ce79256a7b5142c1	d__Bacteria; p__Bacillota; c__Clostridia; o__Lachnospirales; f__Lachnospiraceae; g__GCA-900066575	0.9003783890217668
9e7982853a39709477e2093f52b33077	d__Bacteria; p__Bacillota; c__Clostridia; o__Lachnospirales; f__Lachnospiraceae; g__Lachnospiraceae_UCG-004	0.7836009749327679
a6b3b31ba2cde63b6809f8ff281d3378	d__Bacteria; p__Bacillota; c__Clostridia; o__Lachnospirales; f__Lachnospiraceae	0.9999987971512874
d16431e782f7a958c262d50ea435ec79	d__Bacteria; p__Bacillota; c__Clostridia; o__Christensenellales; f__Christensenellaceae; g__Christensenellaceae_R-7_group	0.9839588317181239
7da162d3bd39f8a7fede78f2bb81327d	d__Bacteria; p__Bacillota; c__Clostridia; o__Lachnospirales; f__Lachnospiraceae; g__[Eubacterium]_ventriosum_group	0.9975431500089726
e4024ef923427f3ef406f36b981e712d	d__Bacteria; p__Bacillota; c__Clostridia; o__Lachnospirales; f__Lachnospiraceae	0.9999662685103169
163d7215901f85038deb05ef3cffa1c0	d__Bacteria; p__Bacteroidota; c__Bacteroidia; o__Bacteroidales; f__Prevotellaceae; g__Segatella	0.9081434684265034
c0c587fb2d1201efc58532c86ac212ad	d__Bacteria; p__Bacteroidota; c__Bacteroidia; o__Bacteroidales; f__Bacteroidaceae; g__Bacteroides	0.9971405687994471
137b2a037ce286e7fc764076919b7813	d__Eukaryota	0.7230519229410167
10160b407ca1c3fc86f73125b4330a2a	d__Bacteria; p__Bacillota; c__Bacilli; o__Erysipelotrichales; f__Erysipelotrichaceae; g__Merdibacter	0.9911034079402556
9d51b660ae0f6a9d968e8e38dec548fb	d__Bacteria; p__Bacillota; c__Clostridia; o__Christensenellales; f__Christensenellaceae; g__Christensenellaceae_R-7_group	0.9991477190305054
3bfc0c3731baec76bf9c9a279fcd0bcb	d__Bacteria; p__Bacillota; c__Clostridia; o__Lachnospirales; f__Lachnospiraceae	0.8520012883797976
c970382f02623b25a707b9cb1b506aa5	d__Bacteria; p__Bacteroidota; c__Bacteroidia; o__Bacteroidales; f__Bacteroidaceae; g__Bacteroides	0.9999506146259808
4c2ddf9a8313784322148e11b6598f4b	d__Bacteria; p__Bacillota; c__Clostridia; o__Peptostreptococcales-Tissierellales; f__Family_XI; g__Peptoniphilus	0.9999974350080192
b9500ae62e2f244d0d69ae1f9277f47a	d__Bacteria; p__Actinomycetota; c__Coriobacteriia; o__Coriobacteriales; f__Coriobacteriaceae; g__Collinsella	0.9999274858563177
3362ee531f5382bb58e4b1da570952ed	d__Bacteria; p__Bacillota; c__Clostridia; o__Lachnospirales; f__Lachnospiraceae; g__Lachnospiraceae_UCG-004	0.9783095229104132
57e8c83c9a18b503f8e2aef591ef8c26	d__Bacteria; p__Bacillota; c__Clostridia	0.9997983312124962
aecb8760ba578ff4d5aa69248e7b1186	d__Bacteria; p__Bacillota; c__Clostridia; o__Oscillospirales; f__Butyricicoccaceae; g__Agathobaculum	0.9998751282870535
89442bc669a782ed0c05e480f44660b9	d__Bacteria; p__Bacillota; c__Clostridia; o__Lachnospirales; f__Lachnospiraceae	0.9999988348746609
57d42ab39ce232bbbebe1beffdc0e48d	d__Bacteria; p__Bacillota; c__Clostridia; o__Oscillospirales; f__Oscillospiraceae	0.909662284782454
f8bc49c5b4e4bfc30ce970c97a90ef9b	d__Bacteria; p__Bacillota; c__Clostridia; o__Lachnospirales; f__Lachnospiraceae	0.9985839465465941
9c7b74d36d3a0ddef11da184cd66dc2e	d__Bacteria; p__Bacteroidota; c__Bacteroidia; o__Bacteroidales; f__Rikenellaceae; g__Alistipes	0.9974820469822029
27d04a3566bd46fbb2f3fdd90351e867	d__Bacteria; p__Actinomycetota; c__Coriobacteriia; o__Coriobacteriales; f__Eggerthellaceae; g__Slackia	0.9947186565385525
1f57a70c19909e234405250bfdffaa9a	d__Bacteria; p__Bacillota; c__Clostridia; o__Clostridia_vadinBB60_group; f__Incertae_Sedis; g__Incertae_Sedis	0.7885424047812717
f143502a7de04c36638927f8fb3995a9	d__Bacteria; p__Bacillota; c__Bacilli; o__Erysipelotrichales; f__Erysipelotrichaceae; g__Merdibacter	0.9727071423991134
5d052ba9a383d4ddbc6587181e858872	d__Bacteria; p__Bacillota; c__Clostridia; o__Lachnospirales; f__Lachnospiraceae; g__[Eubacterium]_oxidoreducens_group	0.9343863812970402
8ae5db1df53672e6de001eea549eb9f0	d__Bacteria; p__Pseudomonadota; c__Gammaproteobacteria; o__Enterobacterales; f__Enterobacteriaceae; g__Escherichia-Shigella	0.9981264074267525
4d2e90294725d91e22e0ee01cb6ad61d	d__Bacteria; p__Bacillota; c__Negativicutes; o__Veillonellales-Selenomonadales; f__Veillonellaceae; g__Dialister	0.999997324633154
8b9c1d5912117e0add1d6295009da5fd	d__Bacteria; p__Bacillota; c__Clostridia; o__Lachnospirales; f__Lachnospiraceae	0.9999850906897312
3610d5e4e851f08a2a995b12f8804213	d__Bacteria; p__Bacillota; c__Clostridia; o__Lachnospirales; f__Lachnospiraceae; g__Blautia	0.9385411583239339
1adac0769eb0a060309a7375f09b2b8e	d__Bacteria; p__Bacillota; c__Clostridia; o__Lachnospirales; f__Lachnospiraceae	0.9995045111209384
632361ce8c93bfaf9b33e300c8f43a0d	d__Bacteria; p__Bacillota; c__Clostridia; o__Lachnospirales; f__Lachnospiraceae	0.9966354944019742
3fc25d342f0965373d0af7577c91b930	d__Bacteria; p__Bacillota; c__Clostridia; o__Oscillospirales; f__Ruminococcaceae	0.7471750655142648
d0a2c4f4e97636d1ee5df24b386a6408	d__Bacteria; p__Bacillota; c__Bacilli; o__Erysipelotrichales; f__Erysipelotrichaceae; g__Merdibacter	0.9999929204761093
31118a44049317915671060b0fdf27f2	d__Bacteria; p__Bacillota; c__Clostridia; o__Lachnospirales; f__Lachnospiraceae; g__Agathobacter	0.8757170900999861
c7de186e6714ec63a796845a6586516e	d__Bacteria; p__Bacillota; c__Clostridia; o__Peptococcales; f__Peptococcaceae; g__Peptococcus	0.9999995187234582
75f1c7d54518e875b521e88cf77733bf	d__Bacteria; p__Verrucomicrobiota; c__Lentisphaeria; o__Victivallales; f__vadinBE97; g__Incertae_Sedis	0.9999999999680682
a1f7296ad1b570e3ca6d376f9a66e346	d__Bacteria; p__Bacillota; c__Clostridia; o__Oscillospirales; f__Ruminococcaceae; g__Negativibacillus	0.9998376487972253
0eedecf62ff922464b7bb3f16ecfec3f	d__Bacteria; p__Bacillota; c__Clostridia; o__Oscillospirales; f__Ruminococcaceae; g__Paludicola	0.9629972322168788
824bbdac3a24fb9b8ba750e205e0020c	d__Bacteria; p__Bacillota; c__Negativicutes; o__Veillonellales-Selenomonadales; f__Veillonellaceae; g__Veillonella	0.9999995254758562
13c2be4547fd5def24424f4e25a40f5f	d__Bacteria; p__Bacillota; c__Clostridia; o__Lachnospirales; f__Lachnospiraceae	0.9798588132026472
8aae2b9be2a67c1daae3e75641c30420	d__Bacteria; p__Bacillota; c__Clostridia; o__Lachnospirales; f__Lachnospiraceae	0.999681672596102
8cc7cecb263ea2027c72737724a40017	d__Bacteria; p__Actinomycetota; c__Actinobacteria; o__Actinomycetales; f__Actinomycetaceae; g__Schaalia	0.9999998799110942
d9c49da3fa696fc18fbd40f112112bae	d__Bacteria; p__Bacillota; c__Clostridia; o__Lachnospirales; f__Lachnospiraceae	0.999802943859413
5d182e56db544ed4e0d617f259d0b326	d__Bacteria; p__Thermodesulfobacteriota; c__Desulfovibrionia; o__Desulfovibrionales; f__Desulfovibrionaceae; g__Mailhella	0.9911445688001452
c90f595d4bb5aad61d9240f70dd98bf1	d__Bacteria; p__Synergistota; c__Synergistia; o__Synergistales; f__Synergistaceae; g__Rarimicrobium	0.9988092877095119
b780dff0a0a68fa91bbc4aeadfade061	d__Bacteria; p__Bacteroidota; c__Bacteroidia; o__Bacteroidales; f__Porphyromonadaceae; g__Porphyromonas	0.9999999785447076
b21052837742d0d5fc2a82347abefa5a	d__Bacteria; p__Bacteroidota; c__Bacteroidia; o__Bacteroidales; f__Barnesiellaceae; g__Barnesiella	0.999999996053333
697f58085f1520f47f407c6d0547f22c	d__Bacteria; p__Bacteroidota; c__Bacteroidia; o__Bacteroidales; f__Bacteroidaceae; g__Bacteroides	0.9997920118164644
23489add9f501059213a4f4703490a7d	d__Bacteria; p__Bacillota; c__Clostridia; o__Lachnospirales; f__Lachnospiraceae; g__Lachnospiraceae_UCG-004	0.9207470397558536
489af56ada3c7e27b0fb93b34c08fb65	d__Bacteria; p__Bacillota; c__Clostridia; o__Lachnospirales; f__Lachnospiraceae	0.9994039876216881
3801d0fe50bff2467abf0bbea3f4a01b	d__Bacteria; p__Cyanobacteriota; c__Vampirivibrionia; o__Gastranaerophilales; f__Gastranaerophilaceae; g__Zag_111	0.8157315523382822
886a32cb12e8c5395ae103946d6ccc39	d__Bacteria; p__Bacillota; c__Clostridia	0.9889776906528827
65b88bd7d448c6acb748593db50eecb3	d__Bacteria; p__Bacillota; c__Clostridia; o__Oscillospirales; f__Oscillospiraceae; g__Colidextribacter	0.9858413087430327
c4e888852d640bdd43447c136c25d687	d__Bacteria; p__Bacillota; c__Clostridia; o__Lachnospirales; f__Lachnospiraceae; g__Lachnospiraceae_UCG-004	0.764447265821497
11acf8f269f2968bc7ee2d94cd9fcbc8	d__Bacteria; p__Bacillota; c__Clostridia; o__Lachnospirales; f__Lachnospiraceae	0.9999767163530038
81bf3d5792996edacc10fd68902d3290	d__Bacteria; p__Bacillota; c__Negativicutes; o__Acidaminococcales; f__Acidaminococcaceae; g__Phascolarctobacterium	0.9999999999827907
4002ff385f5640df1ee2ef1e490300c0	d__Bacteria; p__Bacillota; c__Clostridia; o__Lachnospirales; f__Lachnospiraceae	0.9991014486875426
e0e48457eb339e9302e37a8868420ae4	d__Bacteria; p__Bacillota; c__Clostridia; o__Peptostreptococcales-Tissierellales; f__Anaerovoracaceae; g__Incertae_Sedis	0.957952535353837
a5023c5bbaeff242a1f0776baa0cb545	d__Bacteria; p__Bacillota; c__Clostridia; o__Lachnospirales; f__Lachnospiraceae	0.9996556773946677
78f635e12660e36e44f4fbcc78ce883e	d__Bacteria; p__Bacteroidota; c__Bacteroidia	0.9609721396956332
464141cafb1ca3aca0830802316aa59e	d__Bacteria; p__Actinomycetota; c__Actinobacteria; o__Actinomycetales; f__Actinomycetaceae; g__Schaalia	0.9999999752840839
9ab1a18660d74cac502a4a14aedd353a	d__Bacteria; p__Bacillota; c__Clostridia; o__Clostridiales; f__Clostridiaceae; g__Clostridium	0.9995188369800326
afe1a309f895e84d0866aa486f50a548	d__Bacteria; p__Bacillota; c__Clostridia; o__Oscillospirales; f__Oscillospiraceae; g__Intestinimonas	0.8864411476099738
63acf9c1f09a7ed27154baf9c4a5fc75	d__Bacteria; p__Bacteroidota; c__Bacteroidia; o__Bacteroidales; f__Prevotellaceae	0.9999999990948172
b6e20277e00df6c0c35ed012f1135d02	d__Bacteria; p__Bacillota; c__Clostridia; o__Christensenellales; f__Christensenellaceae; g__Incertae_Sedis	0.9991550331688289
2e3bf8f0a07c7744cc8cc0aa53ebdfbe	d__Bacteria; p__Bacillota; c__Clostridia; o__Lachnospirales; f__Lachnospiraceae	0.9998517225875035
bfe5188b799ed1e4d5afc85100be20d8	d__Bacteria; p__Bacillota; c__Clostridia; o__Oscillospirales; f__Ruminococcaceae; g__Faecalibacterium	0.9428476158283643
71be9a635038b2491c23bfc765f2fcb7	d__Bacteria; p__Bacillota; c__Clostridia; o__Lachnospirales; f__Lachnospiraceae	0.9998192686372325
3a538b06b9880322bd18f460ece53a21	d__Bacteria; p__Bacillota; c__Clostridia; o__Clostridia_UCG-014; f__Incertae_Sedis; g__Incertae_Sedis	0.9999999854020701
ce8caf5d26534fe99b6632c970f74270	d__Bacteria; p__Bacillota; c__Negativicutes; o__Acidaminococcales; f__Acidaminococcaceae; g__Acidaminococcus	0.9889366565033032
9aa8099b70aa286f66f1cc8bb56de76b	d__Bacteria; p__Bacillota; c__Clostridia; o__Oscillospirales; f__Ruminococcaceae; g__Faecalibacterium	0.9682247444997758
b0d97196e61e4230b70033e40082a52e	d__Bacteria; p__Bacillota; c__Clostridia; o__Lachnospirales; f__Lachnospiraceae	0.9999428555174118
77b677fa8bf0d053dae15242e2a1e53d	d__Bacteria; p__Pseudomonadota; c__Gammaproteobacteria; o__Enterobacterales; f__Enterobacteriaceae	0.7682950751819637
c47413077f01824dfb113402cffb9be1	d__Bacteria; p__Bacillota; c__Clostridia; o__Lachnospirales; f__Lachnospiraceae; g__Enterocloster	0.7149675594799825
5853e59c75b3c6971369b346dbb26f74	d__Bacteria; p__Bacillota; c__Clostridia; o__Lachnospirales; f__Lachnospiraceae	0.999485218441875
62706c19530874778433c2097244b69d	d__Bacteria; p__Bacillota; c__Clostridia; o__Lachnospirales; f__Lachnospiraceae	0.9999970465756809
10ee9c322de6cc0db20effac536b19bf	d__Bacteria; p__Bacillota; c__Clostridia; o__Lachnospirales; f__Lachnospiraceae	0.868201562259084
46fe8932b55829fbc629b06b9a773f53	d__Bacteria; p__Bacillota; c__Clostridia; o__Lachnospirales; f__Lachnospiraceae; g__Lachnospiraceae_UCG-010	0.9991987710351556
42fdb1c18cef7772f863fc896ba8f7bf	d__Bacteria; p__Actinomycetota; c__Coriobacteriia; o__Coriobacteriales; f__Eggerthellaceae; g__Incertae_Sedis	0.9993471567622294
5c52fcb2d0552a93b9b68e6f5a44c541	d__Bacteria; p__Bacillota; c__Clostridia; o__Peptostreptococcales-Tissierellales; f__Family_XI; g__Peptoniphilus	0.9999998451205392
86eab3c52c2856aae5188ef7224cf585	d__Bacteria; p__Bacillota; c__Clostridia; o__Peptostreptococcales-Tissierellales; f__Anaerovoracaceae; g__S5-A14a	0.9999998023570154
194fbe5d9bf4725c21ee773cdb647fb0	d__Bacteria; p__Bacillota; c__Clostridia; o__Peptostreptococcales-Tissierellales; f__Peptostreptococcaceae	0.9999997684419633
0dca4c5f68e16c2f7164b41f76731662	d__Bacteria; p__Bacillota; c__Clostridia; o__Lachnospirales; f__Lachnospiraceae; g__Lachnospiraceae_UCG-004	0.8977707797840708
849b9eb2ec94036bd5c1ed6be861ee98	d__Bacteria; p__Bacillota; c__Clostridia; o__Oscillospirales; f__Oscillospiraceae; g__Pseudoflavonifractor	0.904956256453897
327626269b77a85fd4087d97630f8dc6	d__Bacteria; p__Bacillota; c__Clostridia; o__Oscillospirales; f__Oscillospiraceae; g__Intestinimonas	0.8133058739000542
e25be3541d9455bd39a87482fbb7e64f	d__Bacteria; p__Bacillota; c__Clostridia; o__Lachnospirales; f__Lachnospiraceae	0.9973091499686761
f50172a583bff5bd0d46b5cfd812d3b6	d__Bacteria; p__Bacillota; c__Clostridia; o__Lachnospirales; f__Lachnospiraceae	0.9999675245574428
f1fbc313795af33f761819a6264ba20c	d__Bacteria; p__Bacillota; c__Clostridia; o__Lachnospirales; f__Lachnospiraceae	0.9999410248199305
af1b4e6af301fd7cc43bdc91960de9d8	d__Bacteria; p__Bacillota; c__Clostridia; o__Lachnospirales; f__Lachnospiraceae	0.9816574897758338
ada565290155576238fe753222cfc232	d__Bacteria; p__Bacillota; c__Clostridia	0.9563725006519024
2c4c694542e2e0297a88dd3b1b20c6c8	d__Bacteria; p__Bacteroidota; c__Bacteroidia; o__Bacteroidales; f__Porphyromonadaceae; g__Porphyromonas	0.9992332573831393
5671823e1e1bf43cc7e98b5e159ddc4a	d__Bacteria; p__Bacteroidota; c__Bacteroidia; o__Bacteroidales; f__Rikenellaceae; g__Alistipes	0.9999785847585972
63b215e7affd42dda37c0759fdc5d4d1	d__Bacteria; p__Bacillota; c__Clostridia; o__Lachnospirales; f__Lachnospiraceae	0.9923833510428532
04b7b0683e2e2b7b5bbbcad079225412	d__Bacteria; p__Bacillota; c__Clostridia; o__Lachnospirales; f__Lachnospiraceae	0.8667562891840707
f2e747806217db7e9cf9e139f62f3241	d__Bacteria; p__Pseudomonadota; c__Gammaproteobacteria; o__Burkholderiales; f__Sutterellaceae; g__Parasutterella	0.9982735519802787
f020e3d6d99afb228330e32f2aa112bd	d__Bacteria; p__Bacillota; c__Clostridia; o__Peptostreptococcales-Tissierellales; f__Peptostreptococcaceae	0.9439641623671422
844246f3ca65f4b1f50fc71174728642	d__Bacteria; p__Bacteroidota; c__Bacteroidia; o__Bacteroidales; f__Bacteroidaceae; g__Bacteroides	0.9993971175595072
286752326cdf5a659276bc06d13ff3c6	d__Bacteria; p__Bacillota; c__Clostridia; o__Clostridia_vadinBB60_group; f__Incertae_Sedis; g__Incertae_Sedis	0.999952141498513
dc7e868b425affa0b85f6648c2f6b9c9	d__Bacteria; p__Bacillota; c__Clostridia; o__Lachnospirales; f__Lachnospiraceae; g__Mediterraneibacter	0.9807590646699988
9daa7f2d4d45fbb8a3e39a027b025031	d__Bacteria; p__Actinomycetota; c__Coriobacteriia; o__Coriobacteriales; f__Coriobacteriaceae; g__Collinsella	0.9999369282458722
a07e8c13fedbd2201e9767d9b5a0e928	d__Bacteria; p__Bacillota; c__Clostridia; o__Oscillospirales; f__Oscillospiraceae	0.9688601443138669
fe40ca5f1678d7ebc44e49eaa2df34d3	d__Bacteria; p__Bacillota; c__Negativicutes; o__Veillonellales-Selenomonadales; f__Veillonellaceae; g__Veillonella	0.9999979537688449
91e62b133daf756e9a5eac03df4dcf38	d__Bacteria; p__Bacillota; c__Clostridia	0.999972032682729
d35b0c99f73926a10164539716160e69	d__Bacteria; p__Actinomycetota; c__Actinobacteria; o__Mycobacteriales; f__Corynebacteriaceae; g__Corynebacterium	0.9872926428903013
507319451e236c8233ca625cdffbd7ad	d__Bacteria; p__Bacillota; c__Clostridia; o__Lachnospirales; f__Lachnospiraceae; g__Agathobacter	0.8577269569754747
ad4b25f2dd1666f7e32ba7a17c15f81d	d__Bacteria; p__Bacteroidota; c__Bacteroidia; o__Bacteroidales; f__Rikenellaceae; g__Rikenellaceae_RC9_gut_group	0.9237366033731167
62c4a61e61c32dcc5fff997ae3250ded	d__Bacteria; p__Bacillota; c__Clostridia; o__Lachnospirales; f__Lachnospiraceae	0.9998026101921356
16b34c26ec16f4cffc1dc5b7046e7017	d__Bacteria; p__Bacteroidota; c__Bacteroidia; o__Bacteroidales; f__Bacteroidaceae; g__Bacteroides	0.9997490233070304
0d7124b255485f941df2f0fe37af20f7	d__Bacteria; p__Bacillota; c__Clostridia; o__Lachnospirales; f__Lachnospiraceae; g__Incertae_Sedis	0.7103317009354061
48a7693791e3304c6e1756c3804dce52	d__Bacteria; p__Bacillota; c__Bacilli; o__Staphylococcales; f__Staphylococcaceae; g__Staphylococcus	0.9580303157295812
e61ce846acf74cc01de5931ff4676fa8	d__Bacteria; p__Bacteroidota; c__Bacteroidia; o__Bacteroidales; f__Prevotellaceae; g__Segatella	0.9997319826772713
653ed7b8acbe4a7372ee831f8842dbea	d__Bacteria; p__Bacillota; c__Negativicutes; o__Veillonellales-Selenomonadales; f__Selenomonadaceae; g__Mitsuokella	0.9999997617549354
b76d832220a32f968e1342a9f7675abc	d__Bacteria; p__Bacillota; c__Clostridia; o__Lachnospirales; f__Lachnospiraceae	0.999967426824151
ebc4e35917a45772f440bb11268c4341	d__Bacteria; p__Bacillota; c__Clostridia; o__Peptostreptococcales-Tissierellales; f__Family_XI; g__Anaerococcus	0.9999999999996447
94ad7d634cdf104a48eedcdfedc41aeb	d__Bacteria; p__Bacillota; c__Clostridia; o__Lachnospirales; f__Lachnospiraceae	0.999910119207267
54925b865c1b62bd0dd9281db263caa4	d__Bacteria; p__Pseudomonadota; c__Gammaproteobacteria; o__Burkholderiales; f__Comamonadaceae; g__Comamonas	0.9356714798118713
417124aedf21fbe4dd7fefd60eccd709	d__Bacteria; p__Bacillota; c__Clostridia; o__Oscillospirales; f__Ruminococcaceae; g__Incertae_Sedis	0.7475953012716269
ff418aa65a5b6cbe4dc0188de9712773	d__Bacteria; p__Bacillota; c__Clostridia; o__Peptococcales; f__Peptococcaceae; g__Incertae_Sedis	0.9796757411115901
29a2ba5e1b3b6e1c16332c36840c5b35	d__Bacteria; p__Bacillota; c__Clostridia; o__Peptostreptococcales-Tissierellales; f__Peptostreptococcaceae	0.9999994846353399
2ecffc38bf4bb4603abc93b3cb2c2a76	d__Bacteria; p__Pseudomonadota; c__Gammaproteobacteria; o__Pseudomonadales; f__Moraxellaceae; g__Psychrobacter	0.9999999263972823
36a571c9e274558f096b49e7c0c7eba5	d__Bacteria; p__Bacillota; c__Clostridia; o__Lachnospirales; f__Lachnospiraceae; g__Incertae_Sedis	0.7225175555630934
6cb6c032994df23767d5188334c72d25	d__Bacteria; p__Bacillota; c__Clostridia; o__Lachnospirales; f__Lachnospiraceae; g__Lachnospiraceae_UCG-004	0.9483211226151235
6fc82add11ff8bf61ea5f482e711ff44	d__Bacteria; p__Bacillota; c__Clostridia; o__Lachnospirales; f__Lachnospiraceae; g__Mediterraneibacter	0.9366277062924909
15cf1de213fffd29116948fda2d82f14	d__Bacteria; p__Bacillota; c__Clostridia; o__Lachnospirales; f__Lachnospiraceae; g__Blautia	0.7568801925324898
633e03848be2ea395daeaabf3e76f44d	Unassigned	0.7348213142136206
ac9189ad12659690aa13f594f97948ea	d__Bacteria; p__Bacillota; c__Clostridia; o__Lachnospirales; f__Lachnospiraceae	0.9999937762970142
66f8b98ef9407d536c225f83716c9eff	d__Bacteria; p__Bacillota; c__Bacilli; o__Lactobacillales; f__Lactobacillaceae; g__Lactobacillus	0.9905366864414731
f5ccd31036782fd101214bfc9d34d688	d__Bacteria; p__Bacillota; c__Clostridia; o__Peptostreptococcales-Tissierellales; f__Peptostreptococcaceae; g__Peptostreptococcus	0.9992180172000555
d965dab127f0cff9b4c7da69781e0127	d__Bacteria; p__Bacillota; c__Clostridia; o__Lachnospirales; f__Lachnospiraceae; g__Anaerobutyricum	0.9995413596451174
de88165a2ebca6a6816e0da450d20ca6	d__Bacteria; p__Thermodesulfobacteriota; c__Desulfovibrionia; o__Desulfovibrionales; f__Desulfovibrionaceae; g__Desulfovibrio	0.9976563053845283
e3b0833094999b3f043367b8552c280e	d__Bacteria; p__Bacteroidota; c__Bacteroidia; o__Bacteroidales; f__Barnesiellaceae; g__Coprobacter	0.9986724581617537
51d37d56b896f9a8148b2385e67b38fd	d__Bacteria; p__Bacillota; c__Clostridia; o__Lachnospirales; f__Lachnospiraceae	0.9999326087377544
2a915c127d8587e5ca615ee38f20607e	d__Bacteria; p__Actinomycetota; c__Actinobacteria; o__Mycobacteriales; f__Corynebacteriaceae; g__Corynebacterium	0.9999933210006524
e6f1754762f8a41b8af06496e2c7aa4b	d__Bacteria; p__Bacillota; c__Clostridia; o__Eubacteriales; f__Eubacteriaceae; g__Eubacterium	0.9998617991172306
aea586e69faf6058990a6af8e2d9552a	d__Bacteria; p__Bacillota; c__Clostridia; o__Oscillospirales; f__Oscillospiraceae; g__Oscillibacter	0.9085339490935137
2bed53d9b7cf5d6e77a8e82b8e73b7ec	d__Bacteria; p__Bacillota; c__Clostridia; o__Lachnospirales; f__Lachnospiraceae	0.9999983865788296
1375a1fae3ca912fc1bbba6ce5cd1a1d	d__Bacteria; p__Bacillota; c__Clostridia; o__Lachnospirales; f__Lachnospiraceae	0.999675859630222
ffea91e15035ad44c408ec1d7ca45127	d__Bacteria; p__Bacillota; c__Negativicutes; o__Veillonellales-Selenomonadales; f__Veillonellaceae; g__Negativicoccus	0.9999998189490662
032e6685fe0f1e5eb5d7641acad6b351	d__Bacteria; p__Bacillota; c__Clostridia; o__Lachnospirales	0.99844120531921
b3ada8d2b7ef9f76acf18a1a0d3b82f0	d__Bacteria; p__Bacillota; c__Clostridia; o__Lachnospirales; f__Lachnospiraceae	0.9999077313542977
02eedd7f9886485cd9085dff4af83ede	Unassigned	0.3748529496227482
351e095edd2a4aa923ea008ec4109fdc	d__Bacteria; p__Bacillota; c__Clostridia; o__Lachnospirales; f__Lachnospiraceae; g__[Eubacterium]_ventriosum_group	0.9995619988633898
c5f1167aee409671c6d4022f24586387	d__Bacteria; p__Bacillota; c__Negativicutes; o__Acidaminococcales; f__Acidaminococcaceae; g__Acidaminococcus	0.9998671264818058
c34f874337359e5fc833e6f60eccf6cc	d__Bacteria; p__Pseudomonadota; c__Gammaproteobacteria; o__Burkholderiales	0.9999993511759597
99d4c57c161f34c35690da3e3c4fe47f	d__Bacteria; p__Bacillota; c__Clostridia; o__Lachnospirales; f__Lachnospiraceae	0.999990454962628
186efc128b6876b56204e629d96b4a43	d__Bacteria; p__Bacillota; c__Clostridia; o__Oscillospirales; f__Ruminococcaceae; g__Faecalibacterium	0.8110039180724469
36080b246baa9423640789dc99529b4a	d__Bacteria; p__Bacillota; c__Clostridia; o__Lachnospirales; f__Lachnospiraceae; g__Lachnospiraceae_ND3007_group	0.7534558800819734
612b98c60b0417a195883d6adbb96681	d__Bacteria; p__Bacillota; c__Clostridia; o__Lachnospirales; f__Lachnospiraceae	0.9999622117249216
e0bce6eb52705e6ee1adbbcf672135f3	d__Bacteria; p__Bacillota; c__Clostridia; o__Lachnospirales; f__Lachnospiraceae	0.9940488239883867
a85c9de43a72f69a49336d94e49d0aa2	d__Bacteria; p__Bacillota; c__Clostridia; o__Peptostreptococcales-Tissierellales; f__Anaerovoracaceae; g__[Eubacterium]_brachy_group	0.9999990430660719
5fae060471a4248a19b35d933a614e58	d__Bacteria; p__Actinomycetota; c__Coriobacteriia; o__Coriobacteriales; f__Eggerthellaceae; g__Senegalimassilia	0.9999999991482724
5a978478b7a97d5b60fb203e0295869a	d__Bacteria; p__Bacillota; c__Clostridia; o__Oscillospirales; f__Ruminococcaceae; g__Acutalibacter	0.9849628819278012
1719899464cd1ce8865c8957f22a999e	d__Bacteria; p__Bacillota; c__Clostridia; o__Lachnospirales; f__Lachnospiraceae; g__Lachnospiraceae_UCG-004	0.830947480903418
b65e16a99c81d74320291a26b643ade9	d__Bacteria; p__Actinomycetota; c__Coriobacteriia; o__Coriobacteriales; f__Atopobiaceae; g__Atopobium	0.9882171788319681
ec5cfa95cd1ae65a7289d36cff92d1fa	d__Bacteria; p__Bacteroidota; c__Bacteroidia; o__Bacteroidales; f__Bacteroidaceae; g__Bacteroides	0.9730105532153152
91ce017964b174e148279d0096ef9d53	d__Bacteria; p__Bacillota; c__Clostridia; o__Oscillospirales; f__Oscillospiraceae	0.9984305019069829
66789e62aec3f0b30f27e92384a8deda	d__Bacteria; p__Bacillota; c__Clostridia; o__Peptostreptococcales-Tissierellales; f__Peptostreptococcaceae; g__[Eubacterium]_tenue_group	0.8679636524533091
f7793bf1e5762722406effbfe9480742	d__Bacteria; p__Bacteroidota; c__Bacteroidia; o__Bacteroidales; f__Marinifilaceae; g__Gabonibacter	0.9999999999641318
bd468d6f9e1b3bd252504ff8cfae74c7	d__Bacteria; p__Bacillota; c__Clostridia; o__Lachnospirales; f__Lachnospiraceae	0.9998726385942509
8aa20aa0d35bc87aa599ab8381b6e7d2	d__Bacteria; p__Bacillota; c__Negativicutes; o__Veillonellales-Selenomonadales; f__Selenomonadaceae; g__Megamonas	0.9984374457265839
b9e07581c99858fe79f53509e430fad4	d__Bacteria; p__Bacillota; c__Clostridia; o__Lachnospirales; f__Lachnospiraceae	0.9999934347512187
41359f8cfb379ae7bbf455c63d9cc235	d__Bacteria; p__Bacillota; c__Clostridia; o__Christensenellales; f__Christensenellaceae; g__Christensenellaceae_R-7_group	0.8012272378981103
a94988cb9fad28b1e6ed3cc86d4c521e	d__Bacteria; p__Bacillota; c__Clostridia; o__Lachnospirales; f__Lachnospiraceae; g__Blautia	0.91027374341562
bf56c3897672017cb7f6d5e369d1bc88	d__Bacteria; p__Bacillota; c__Clostridia; o__Oscillospirales	0.9982782857215862
8c520888903e2dcba466f35be8349288	d__Bacteria; p__Actinomycetota; c__Coriobacteriia; o__Coriobacteriales; f__Atopobiaceae; g__Coriobacteriaceae_UCG-002	0.8969271240711743
1d9c7fc3f3cc8f3f65c05faefb3b89f8	d__Bacteria; p__Cyanobacteriota; c__Cyanobacteriia; o__Chloroplast; f__Incertae_Sedis; g__Incertae_Sedis	0.999997582387261
f5eae5f9986f517e20d7eba20140b5b4	d__Bacteria; p__Bacillota; c__Clostridia; o__Lachnospirales; f__Lachnospiraceae; g__GCA-900066575	0.7479427712388884
dea6f460f01fcd1fa6dd129de8ff9aba	d__Bacteria; p__Bacillota; c__Clostridia; o__Lachnospirales; f__Lachnospiraceae	0.9984665672969918
1e0f672e545c731b35b1ea67b4cb5da0	d__Bacteria; p__Bacillota; c__Clostridia; o__Oscillospirales; f__Ruminococcaceae	0.9999880471038284
b91a8fd354c0a519ece119f08d013756	d__Bacteria; p__Bacillota; c__Clostridia; o__Oscillospirales; f__Ruminococcaceae; g__Faecalibacterium	0.999751120137509
48b98ed161b86488ad7a104a96bb4806	d__Bacteria; p__Bacillota; c__Negativicutes; o__Acidaminococcales; f__Acidaminococcaceae; g__Phascolarctobacterium	0.9999999992095923
6d0c42989a636299ececde7ca7fd307b	d__Bacteria; p__Bacteroidota; c__Bacteroidia; o__Bacteroidales; f__Prevotellaceae; g__Incertae_Sedis	0.9999968721849686
efe9964ba27d7c3d3f4350271dee267e	d__Bacteria; p__Bacillota; c__Clostridia; o__Lachnospirales; f__Lachnospiraceae	0.9999941765736509
eddaa77b556beba46b30fe5474e55a93	d__Bacteria; p__Bacillota; c__Clostridia; o__Oscillospirales; f__Butyricicoccaceae; g__Agathobaculum	0.9994163578425549
d5b6afcf21a7f98713fdd2c5ce79bc33	d__Bacteria; p__Bacillota; c__Clostridia; o__Monoglobales; f__Monoglobaceae; g__Monoglobus	0.9999993097765094
82fce4e9a230853497db05b95c918cb3	d__Bacteria; p__Fusobacteriota; c__Fusobacteriia; o__Fusobacteriales; f__Fusobacteriaceae; g__Fusobacterium	0.9999718455821404
b7b6cf44edfab81a86ab5ec886229798	d__Bacteria; p__Bacillota; c__Negativicutes; o__Veillonellales-Selenomonadales; f__Veillonellaceae; g__Dialister	0.9901596720858417
755fc631501a6c8c8cf0ca22cc9b007c	d__Bacteria; p__Pseudomonadota; c__Gammaproteobacteria; o__Burkholderiales; f__Sutterellaceae; g__Sutterella	0.9999996745917731
f80cb7e494f06639b9996643bdc7339a	d__Bacteria; p__Bacillota; c__Clostridia; o__Lachnospirales; f__Lachnospiraceae; g__Lachnospiraceae_UCG-004	0.8962030093542852
409eacc8c286d8bd6bd466cbd7227fec	d__Bacteria; p__Bacillota; c__Clostridia; o__Clostridiales; f__Clostridiaceae; g__Clostridium	0.9449830259378527
f3207f563f269506c649d182131e1fc7	d__Bacteria; p__Bacillota; c__Clostridia; o__Oscillospirales; f__Ruminococcaceae; g__[Eubacterium]_siraeum_group	0.9999999601821664
1e03927fbbb969c73dc8b6565e53975a	d__Bacteria; p__Bacillota; c__Clostridia; o__Lachnospirales; f__Lachnospiraceae	0.9999991667400919
17495358537265ddb00410c3dab28022	d__Bacteria; p__Bacillota; c__Bacilli; o__Erysipelotrichales; f__Erysipelotrichaceae; g__Faecalitalea	0.9999141406521229
d7891319ab792fc0c26463701556d5dd	d__Bacteria; p__Bacillota; c__Clostridia; o__Oscillospirales; f__Ruminococcaceae; g__Faecalibacterium	0.7088693323038494
b31c7c18f1ae18825717850eabcd1d5f	d__Bacteria; p__Bacillota; c__Clostridia; o__Oscillospirales; f__Ruminococcaceae; g__Faecalibacterium	0.9891886978028539
f680025e6605cd1615f28c449c40dd37	d__Bacteria; p__Bacillota; c__Clostridia; o__Lachnospirales; f__Lachnospiraceae	0.9996972386697022
38ea3e6b00cac684815c838508045709	d__Bacteria; p__Bacillota; c__Clostridia; o__Lachnospirales; f__Lachnospiraceae	0.9998442616010685
6202868df8899b608fcb840eb3d7640b	d__Bacteria; p__Bacillota; c__Clostridia; o__Oscillospirales; f__Ruminococcaceae; g__Anaerofilum	0.9993879960982742
a30cce93d78d064393280dd93c5a8c41	d__Bacteria; p__Bacillota; c__Bacilli; o__RF39; f__Incertae_Sedis; g__Incertae_Sedis	0.9999976442658217
0921e6b3ee97c1b719cd1b61991e96a5	d__Bacteria; p__Verrucomicrobiota; c__Lentisphaeria; o__Victivallales; f__Victivallaceae; g__Victivallis	0.8444191650903862
a6503bac364d96da195dd3568d0284f5	d__Bacteria; p__Pseudomonadota; c__Gammaproteobacteria; o__Burkholderiales; f__Sutterellaceae; g__Sutterella	0.9992885520946534
6ab133527f615970df7e7472313f7412	d__Bacteria; p__Bacillota; c__Clostridia; o__Lachnospirales; f__Lachnospiraceae; g__Enterocloster	0.9826376247243412
7e81fca8e71c8f2eecb91d7ffd368e13	d__Bacteria; p__Bacillota; c__Clostridia; o__Lachnospirales; f__Lachnospiraceae	0.9999969786819993
568e49092f03a2dfab260e250633be8f	d__Bacteria; p__Bacillota; c__Clostridia; o__Clostridia_vadinBB60_group; f__Incertae_Sedis; g__Incertae_Sedis	0.9999876982067752
b9563f26072a16272ef3aa8cd74b43ec	d__Bacteria; p__Bacillota; c__Clostridia; o__Lachnospirales; f__Lachnospiraceae	0.9976100747786372
0d03c17be6bfe0c22e3ec58446c679e0	d__Bacteria; p__Bacillota; c__Bacilli; o__Lactobacillales; f__Enterococcaceae; g__Enterococcus	0.9636956251595236
98a24081bba5815a9695d5d4a1e95c7f	d__Bacteria; p__Bacteroidota; c__Bacteroidia; o__Bacteroidales; f__Bacteroidaceae; g__Bacteroides	0.99996806994017
b17e36d5868160fe380b80022b297da3	d__Bacteria; p__Bacillota; c__Clostridia; o__Lachnospirales; f__Lachnospiraceae; g__Roseburia	0.8366402239225256
2b30bafa79a6d8a75f344e30437de4b1	Unassigned	0.4073800264259927
0a736ef819c5461ed127da0ec590111f	d__Bacteria; p__Bacillota; c__Clostridia; o__Oscillospirales; f__Oscillospiraceae	0.9997892569085882
76f053c9250e01b84a57359d9acc85d8	d__Bacteria; p__Bacillota; c__Clostridia; o__Lachnospirales; f__Lachnospiraceae; g__Lachnospiraceae_NC2004_group	0.9212177063507342
eb19c85df98b338c2f334fc1bbb3a7af	d__Bacteria; p__Bacteroidota; c__Bacteroidia; o__Bacteroidales; f__Prevotellaceae; g__Hoylesella	0.9121720438048425
683f6adce05bd3e509af3c9a3a4eca14	d__Bacteria; p__Bacillota; c__Clostridia; o__Oscillospirales; f__Ruminococcaceae; g__Pygmaiobacter	0.7280534036568823
1dc445f73caa148186e9ee6027daf0d2	d__Bacteria; p__Bacteroidota; c__Bacteroidia	0.9608521417292613
c40665ce6303402a7f0219e57af6e0dc	d__Bacteria; p__Bacillota; c__Clostridia; o__Lachnospirales; f__Lachnospiraceae; g__Agathobacter	0.8491148249769845
4fcf3873e44ca02341e5fe1f8333698b	d__Bacteria; p__Bacillota; c__Clostridia; o__Oscillospirales; f__Oscillospiraceae; g__UCG-002	0.9984333592019485
67529f4cc024b23204cba3b27e28031d	d__Bacteria; p__Bacillota; c__Clostridia; o__Lachnospirales; f__Lachnospiraceae	0.9992149073836671
1c399e0afb6f93c499b509929ca658d3	d__Bacteria; p__Bacillota; c__Clostridia; o__Lachnospirales; f__Lachnospiraceae	0.998988024513103
c516349994a375610b98f1bdc3b64680	d__Bacteria; p__Pseudomonadota; c__Gammaproteobacteria; o__Burkholderiales; f__Sutterellaceae; g__Sutterella	0.9033927619304696
20b173c7892b915cb94cf395b06279df	d__Bacteria; p__Bacillota; c__Clostridia; o__Lachnospirales; f__Lachnospiraceae; g__Lachnospiraceae_UCG-004	0.934081740280986
aeaa9c7f5e57eff4e481c72f77260090	d__Bacteria; p__Thermodesulfobacteriota; c__Desulfovibrionia; o__Desulfovibrionales; f__Desulfovibrionaceae; g__Mailhella	0.9780975315100234
3e9bcc3f91021c6853a7d1125bf07c53	d__Bacteria; p__Bacillota; c__Clostridia; o__Clostridia_UCG-014; f__Incertae_Sedis; g__Incertae_Sedis	0.9999999927129295
d988bcb4e380bf22a521afb77a392098	d__Bacteria; p__Bacteroidota; c__Bacteroidia; o__Bacteroidales; f__Prevotellaceae; g__Prevotella	0.999775798855345
d40dec0e46c6116048da6a7e3e6c27db	d__Bacteria; p__Bacillota; c__Clostridia	0.9995730332229565
627840e8703fcaea17d860ed499ebd66	d__Bacteria; p__Bacillota; c__Clostridia; o__Lachnospirales; f__Lachnospiraceae	0.9992472733838721
be53cc78f75c5c469190b821b56bbed0	d__Bacteria; p__Actinomycetota; c__Actinobacteria; o__Bifidobacteriales; f__Bifidobacteriaceae; g__Alloscardovia	0.9999952807994615
34a5e15e3f245132aecb0ca265136b02	d__Bacteria; p__Bacillota; c__Clostridia; o__Lachnospirales; f__Lachnospiraceae; g__Mediterraneibacter	0.9476343874993065
2b49f2c0311958ae80cb3d749db78466	d__Bacteria; p__Bacillota; c__Clostridia	0.8587161774352392
c649915ddbb3b03e30aca07a3fc3c6a5	d__Bacteria; p__Bacillota; c__Clostridia	0.8050463345182799
474442ea8e804555320077e2f7a7af94	d__Bacteria; p__Bacillota; c__Bacilli; o__Lactobacillales; f__Lactobacillaceae; g__HT002	0.8904116770833189
a30854e88a34d74c5a3df98ee49d8bce	d__Bacteria; p__Bacillota; c__Clostridia; o__Lachnospirales; f__Lachnospiraceae	0.9997793933873824
92fbbe12557b354fea7546f740b6a8d1	d__Bacteria; p__Bacillota; c__Clostridia; o__Lachnospirales; f__Lachnospiraceae	0.9998864221724693
c04f6025aef180f85baf14d27f139c79	d__Bacteria; p__Bacillota; c__Clostridia; o__Lachnospirales; f__Lachnospiraceae	0.9965042867725565
dea963ec952485598801e0804556215c	d__Bacteria; p__Bacillota; c__Clostridia; o__Lachnospirales; f__Lachnospiraceae; g__Lachnospiraceae_UCG-004	0.9855809903465185
1fbb619d5eb1242520db01af33298bff	d__Bacteria; p__Bacillota; c__Clostridia; o__Lachnospirales; f__Lachnospiraceae; g__Lachnospiraceae_UCG-008	0.7718484803047324
891fe0538a37e81e2c4ea7349ac9eb36	d__Bacteria; p__Bacillota; c__Clostridia; o__Oscillospirales; f__Ruminococcaceae; g__Faecalibacterium	0.9607821707265829
098c339b1b9955302e46bcfdda708646	d__Bacteria; p__Bacillota; c__Clostridia; o__Lachnospirales; f__Lachnospiraceae	0.9996967960784778
d27d8565f747abc95bad0ea3b5241c82	d__Bacteria; p__Bacteroidota; c__Bacteroidia; o__Bacteroidales; f__Bacteroidaceae; g__Bacteroides	0.9976110994235226
91d70127a16e11c947531d61bbbcc2fc	d__Bacteria; p__Actinomycetota; c__Actinobacteria; o__Micrococcales; f__Micrococcaceae; g__Rothia	0.999995832143628
ed9ecf342b703597b31882bee5007088	d__Bacteria; p__Pseudomonadota; c__Gammaproteobacteria; o__Enterobacterales; f__Enterobacteriaceae; g__Escherichia-Shigella	0.9987760243114556
8435ec6c1d4bffa3f3243249e116f2aa	d__Bacteria; p__Bacillota; c__Clostridia; o__Lachnospirales; f__Lachnospiraceae	0.9996395934344733
fa3a6c2597bd5ab08e8c41482f005807	d__Bacteria; p__Bacillota; c__Clostridia; o__Lachnospirales; f__Lachnospiraceae; g__GCA-900066575	0.9884072765541828
c20fcd79d6ace67309f059c82479dd93	d__Bacteria; p__Bacillota; c__Clostridia; o__Lachnospirales; f__Lachnospiraceae; g__Frisingicoccus	0.9993834252927672
5342beb6bb7d15ac7e5190eba2738c66	d__Bacteria; p__Actinomycetota; c__Coriobacteriia; o__Coriobacteriales; f__Atopobiaceae; g__Tractidigestivibacter	0.9999577107699447
bd581aa920b62076f02520c8439afc4a	d__Bacteria; p__Bacillota; c__Clostridia; o__Oscillospirales; f__Ruminococcaceae	0.9290470391086205
f05eaba78fbcb686b9e166dfc3cfcfda	d__Bacteria; p__Bacillota; c__Clostridia; o__Lachnospirales; f__Lachnospiraceae	0.9999997579134894
dcdf823e780fb45fb6ca205e5d6e148e	d__Bacteria; p__Thermodesulfobacteriota; c__Desulfovibrionia; o__Desulfovibrionales; f__Desulfovibrionaceae; g__Desulfovibrio	0.9615210301421175
c16214187069962bfd843eeb002c8e05	d__Bacteria; p__Actinomycetota; c__Coriobacteriia; o__Coriobacteriales; f__Eggerthellaceae; g__Senegalimassilia	0.9999999936851793
8690da8d9da9c9e83e6f060d2e8a4d1c	d__Bacteria; p__Bacillota; c__Clostridia; o__Lachnospirales; f__Lachnospiraceae; g__Enterocloster	0.9648522488137201
fb72dd246c90bb743fdf431eeb2b324e	d__Bacteria; p__Bacillota; c__Clostridia; o__Oscillospirales; f__Ruminococcaceae; g__CAG-352	0.9770812708171361
3352c87e1ea9b9c2796734b780c1cc5c	d__Bacteria; p__Bacillota; c__Clostridia; o__Lachnospirales; f__Lachnospiraceae	0.9996881912843605
c7abbf2242676765b5cdc26d5d7df012	d__Bacteria; p__Bacillota; c__Clostridia; o__Oscillospirales; f__Oscillospiraceae; g__Pseudoflavonifractor	0.9890459844957157
a9916fd2343442cf65fb3605b2b9c161	d__Bacteria; p__Bacillota; c__Clostridia; o__Oscillospirales; f__Oscillospiraceae; g__UCG-005	0.9934043459164882
0778dac43fefea5a76e95b803a6939eb	d__Bacteria; p__Bacillota; c__Clostridia; o__Lachnospirales; f__Lachnospiraceae; g__Incertae_Sedis	0.7499159231609114
70a6b822958085caa0b3284ced6724e4	d__Bacteria; p__Bacillota; c__Clostridia; o__Lachnospirales; f__Lachnospiraceae	0.9999919510230935
0b168c3d3621f6a3f85a68b58cb40c52	d__Bacteria; p__Bacillota; c__Clostridia; o__Lachnospirales; f__Lachnospiraceae	0.9930660526740653
0339fe4262a8d136ce26f8bd73c53885	d__Bacteria; p__Bacillota; c__Clostridia; o__Oscillospirales; f__Ruminococcaceae; g__Acutalibacter	0.9998754175127236
707520bb31f6ecd4f5144209ae7fa00e	d__Bacteria; p__Bacillota; c__Clostridia; o__Lachnospirales; f__Lachnospiraceae	0.9999850963149032
58bdf8154f0cdcbba3491297c4b8d81f	d__Bacteria; p__Bacillota; c__Clostridia; o__Oscillospirales; f__Ruminococcaceae	0.9272003365008412
7894d9e2cf475dd221e0770ea19207dc	d__Bacteria; p__Bacteroidota; c__Bacteroidia; o__Bacteroidales; f__Prevotellaceae; g__Prevotellaceae_NK3B31_group	0.9959815957665038
8b76df95db6b8c959cdd59e10e537363	d__Bacteria; p__Bacillota; c__Bacilli; o__Lactobacillales	0.9999999981249994
761fa86132b9cb683b6f11b5369aaaa5	d__Bacteria; p__Bacteroidota; c__Bacteroidia; o__Bacteroidales; f__Prevotellaceae; g__Prevotellaceae_NK3B31_group	0.9894494617412252
141a2fb537101364a7d649654b674835	d__Bacteria; p__Bacteroidota; c__Bacteroidia; o__Bacteroidales; f__Tannerellaceae; g__Parabacteroides	0.9981430513531495
fecb2040683f5bac8ff176958e03f533	d__Bacteria; p__Actinomycetota; c__Actinobacteria; o__Mycobacteriales; f__Corynebacteriaceae; g__Corynebacterium	0.9997704747261841
4b91d63b0c29c835e9657dbc1e210c32	d__Bacteria; p__Pseudomonadota; c__Gammaproteobacteria; o__Enterobacterales; f__Pasteurellaceae; g__Basfia	0.9029976593284406
05b3616d6c17fff810af98249a912f45	d__Bacteria; p__Bacillota; c__Clostridia; o__Lachnospirales; f__Lachnospiraceae; g__Shuttleworthia	0.9597497938659844
04487563a47b6c0fd2f833565ae7d8c0	d__Bacteria; p__Bacillota; c__Clostridia; o__Lachnospirales; f__Lachnospiraceae	0.9999970781631269
2755c8810aee058eb8b3049a856f742e	d__Bacteria; p__Pseudomonadota; c__Gammaproteobacteria; o__Burkholderiales; f__Sutterellaceae; g__Sutterella	0.9995106602546218
390062dee071ef2a95b993a083b36824	d__Bacteria; p__Bacillota; c__Negativicutes; o__Veillonellales-Selenomonadales; f__Veillonellaceae; g__Negativicoccus	0.9999999338580232
3a29150f0a69a4435af1c25ac9d326bb	d__Bacteria; p__Bacillota; c__Clostridia; o__Oscillospirales; f__Ruminococcaceae; g__Faecalibacterium	0.9175005131778985
01aa79a8e7febf500f8da1d3785b6ac5	d__Bacteria; p__Bacillota; c__Clostridia; o__Incertae_Sedis; f__Incertae_Sedis; g__Lutispora	0.8430169535900985
0c42767ec404af00b8f08eb36337566e	d__Bacteria; p__Bacillota; c__Negativicutes; o__Veillonellales-Selenomonadales; f__Selenomonadaceae; g__Megamonas	0.9999991861627721
25bb2100d1750092a9effcc3615e2d80	d__Bacteria; p__Bacillota; c__Bacilli; o__Lactobacillales; f__Streptococcaceae; g__Streptococcus	0.997407288651816
e8c8df7d576a1225be5de1fc43e3e33c	d__Bacteria; p__Bacillota; c__Clostridia; o__Oscillospirales; f__Oscillospiraceae; g__Colidextribacter	0.9012263628543986
31b987af8274a07fb4ee57710e8250d1	d__Bacteria; p__Pseudomonadota; c__Gammaproteobacteria; o__Enterobacterales; f__Enterobacteriaceae; g__Escherichia-Shigella	0.9990011336114234
16db3cf50f474638c8d58e9d56e857ab	d__Bacteria; p__Bacillota; c__Clostridia; o__Lachnospirales; f__Lachnospiraceae	0.8218896254452766
6e5926b34234a44f142e86ce40034d85	d__Bacteria; p__Bacillota; c__Clostridia; o__Lachnospirales; f__Lachnospiraceae	0.9929439445867098
0d5cc9c5b0d433b6186c629e64ceda05	d__Bacteria; p__Bacillota; c__Clostridia; o__Oscillospirales; f__Ruminococcaceae; g__Faecalibacterium	0.9999968638255163
e4867c43de98b10c29c528730ee6770e	d__Bacteria; p__Bacillota; c__Clostridia; o__Oscillospirales; f__Oscillospiraceae; g__UCG-002	0.954163446177631
b5184bf22fe4320510090193c00899b3	d__Bacteria; p__Bacillota; c__Clostridia; o__Lachnospirales; f__Lachnospiraceae	0.7352857350700002
186b979af2c3eaf177bba60f854074b3	d__Bacteria; p__Bacteroidota; c__Bacteroidia; o__Bacteroidales; f__Prevotellaceae; g__Prevotellaceae_NK3B31_group	0.999910185316764
e1f4f6da5d0553d82b0a1ba016616789	d__Bacteria; p__Bacillota; c__Clostridia; o__Lachnospirales; f__Lachnospiraceae; g__Lachnospiraceae_UCG-004	0.7749629593234334
703f0f177698e6b54876c320eb858eb3	d__Bacteria; p__Bacillota; c__Clostridia; o__Lachnospirales; f__Lachnospiraceae; g__Incertae_Sedis	0.7716692701384021
df67d874c4ee7d9c5085eb0b2c4eac35	d__Bacteria; p__Actinomycetota; c__Actinobacteria; o__Actinomycetales; f__Actinomycetaceae; g__Varibaculum	0.9999999993394368
d50379a1e8aa7fab7f172cdf69a10ef7	d__Bacteria; p__Spirochaetota; c__Brachyspirae; o__Brachyspirales; f__Brachyspiraceae; g__Brachyspira	0.9999999999837428
01f23b0cfeccb5cd6f3bcb7760ec07e2	d__Bacteria; p__Bacillota; c__Bacilli; o__Lactobacillales; f__Streptococcaceae; g__Streptococcus	0.9999914042315323
64ef434fa18ce8e3f8169a89d72cf291	d__Bacteria; p__Bacillota; c__Clostridia; o__Oscillospirales; f__Ruminococcaceae; g__[Eubacterium]_siraeum_group	0.9999858158325002
b519d4f58225a93ccc760ffab8a68ac5	Unassigned	0.4209857975572433
df763ff028c34aa1d6657a5096e5ff73	d__Bacteria; p__Actinomycetota; c__Coriobacteriia; o__Coriobacteriales; f__Coriobacteriaceae; g__Collinsella	0.999911032436285
3969269db049b1d604039fb4148ee5c1	d__Eukaryota	0.8876362533198059
bde54fb65dc7909ed2470f22681ab14c	d__Bacteria; p__Bacillota; c__Clostridia; o__Lachnospirales; f__Lachnospiraceae; g__Lachnospiraceae_UCG-004	0.8623774483445686
1916ddbb50b51742a96c46f464b64ddb	d__Bacteria; p__Pseudomonadota; c__Gammaproteobacteria; o__Enterobacterales; f__Pasteurellaceae; g__Haemophilus	0.9999594883833657
3d12b485c446a385b684d86d109dfb0a	d__Bacteria; p__Bacteroidota; c__Bacteroidia; o__Bacteroidales; f__Bacteroidaceae; g__Bacteroides	0.7645934904536238
175217bd1480b9b9850ec1b70ea48389	d__Bacteria; p__Bacteroidota; c__Bacteroidia; o__Bacteroidales; f__Marinifilaceae; g__Butyricimonas	0.9999840433910167
134340b6e1ce52dbe1e3263a8ad4de75	d__Bacteria; p__Bacillota; c__Clostridia	0.9998331344669977
3632870c770e336be9e0af625771373f	d__Bacteria; p__Bacillota; c__Clostridia; o__Lachnospirales; f__Lachnospiraceae	0.9944325189872516
5c2bde2c107af97b0c5d4fec1bd7c5d1	d__Bacteria; p__Bacteroidota; c__Bacteroidia; o__Bacteroidales; f__Marinifilaceae; g__Butyricimonas	0.9999999012162042
c9807cabc3a1a34cda5c3e3b59308a2a	d__Bacteria; p__Bacillota; c__Clostridia; o__Oscillospirales; f__Oscillospiraceae	0.7994023954672022
bbe54cafcc8eac006737a67e58d61801	d__Bacteria; p__Actinomycetota; c__Coriobacteriia; o__Coriobacteriales; f__Eggerthellaceae; g__Eggerthella	0.9999943404714027
79459d24c1e60b6bbeb6c8b507fb631b	d__Bacteria; p__Bacillota; c__Clostridia; o__Lachnospirales; f__Lachnospiraceae; g__Epulopiscium	0.9698299952034259
d84d5aeb09b53eff8074a6104cc3d4f5	d__Bacteria; p__Fusobacteriota; c__Fusobacteriia; o__Fusobacteriales; f__Fusobacteriaceae; g__Fusobacterium	0.9999999999521663
7041584620984ba6ecf8a8b11e25c9ad	d__Bacteria; p__Bacillota; c__Clostridia; o__Lachnospirales; f__Lachnospiraceae; g__Falcatimonas	0.9218576651902969
9526168235b7eca8e78307d7ee2532e9	d__Bacteria; p__Pseudomonadota; c__Gammaproteobacteria; o__Burkholderiales; f__Sutterellaceae; g__Sutterella	0.9999999761187727
1e9bc3ee91595ece8baafdd8b889626f	d__Bacteria; p__Bacillota; c__Clostridia; o__Oscillospirales; f__Butyricicoccaceae; g__Agathobaculum	0.9599179644711339
47424a63506e81fc57ff89f6fdc3af5a	d__Bacteria; p__Bacillota; c__Clostridia; o__Lachnospirales; f__Lachnospiraceae	0.8963035351827013
128ad44c1a0a73652cc5300173024f36	d__Bacteria; p__Bacillota; c__Negativicutes; o__Acidaminococcales; f__Acidaminococcaceae; g__Phascolarctobacterium	0.9363020635511189
1163425e529d5fd78ba6cee62efcd17d	d__Bacteria; p__Bacillota; c__Clostridia; o__Lachnospirales; f__Lachnospiraceae	0.9992723610359371
9d6e0d9c8303ec54e21f4c07d21c67c3	d__Bacteria; p__Pseudomonadota; c__Gammaproteobacteria; o__Burkholderiales; f__Sutterellaceae; g__Sutterella	0.9999953598678325
8fba41dbda98972ccb7c18cdf551f9c2	d__Bacteria; p__Bacteroidota; c__Bacteroidia; o__Bacteroidales; f__Rikenellaceae; g__Rikenellaceae_RC9_gut_group	0.9999496323728914
22f65e266b452170a1b5f93d996fabb3	d__Bacteria; p__Pseudomonadota; c__Gammaproteobacteria; o__Enterobacterales; f__Enterobacteriaceae; g__Escherichia-Shigella	0.9992081306028647
c5c24d0430aa047efa1dca0a15f07f5c	d__Bacteria; p__Bacillota; c__Clostridia; o__Oscillospirales; f__Oscillospiraceae; g__Oscillibacter	0.9696504494413716
35b810758dca6c76e231cdf98b4fd5e9	d__Bacteria	0.9999999999989115
483f8b965721828c938d75964fd98356	d__Bacteria; p__Synergistota; c__Synergistia; o__Synergistales; f__Synergistaceae; g__Pyramidobacter	0.9999167274806094
def2ccdbceec02df2242d47c32aff552	d__Bacteria; p__Actinomycetota; c__Coriobacteriia; o__Coriobacteriales; f__Atopobiaceae; g__Olsenella	0.8055619985927137
daff48b5a7f5a84cf26d12545c0b6ebd	d__Bacteria; p__Actinomycetota; c__Actinobacteria; o__Actinomycetales; f__Actinomycetaceae; g__Varibaculum	0.999999997409617
2b52ee121a94279ed46313e6ca2b33c5	d__Bacteria; p__Bacillota; c__Clostridia; o__Oscillospirales; f__Ruminococcaceae; g__Hydrogenoanaerobacterium	0.8803073103911337
4a2c52af61c62fd495f2422f542b7a9a	d__Bacteria; p__Bacillota; c__Clostridia; o__Lachnospirales; f__Lachnospiraceae; g__Lachnospiraceae_UCG-004	0.8702562075134282
cf6cda4874d23035923fa0c6dd43a553	d__Bacteria; p__Bacillota; c__Clostridia; o__Lachnospirales; f__Lachnospiraceae; g__FD2005	0.8339263359435529
7efe9cf52ff421a35d80a24820ee18c7	d__Bacteria; p__Bacillota; c__Bacilli; o__Erysipelotrichales; f__Erysipelotrichaceae; g__Solobacterium	0.9999979392719697
1b83a3c0656574282a7b646b832c6533	d__Bacteria; p__Bacillota; c__Clostridia; o__Oscillospirales; f__Ruminococcaceae; g__Incertae_Sedis	0.9999913023438252
e087d669c14eac6fb91fd8516d572963	d__Bacteria; p__Bacillota; c__Clostridia; o__Lachnospirales; f__Lachnospiraceae	0.9984090568276487
4c0c4f0948592dfd252d150a9eb0ffdb	d__Bacteria; p__Bacillota; c__Clostridia; o__Lachnospirales; f__Lachnospiraceae	0.9999983707591868
80093b1086fec26b7850a81d3fefb4be	d__Bacteria; p__Thermodesulfobacteriota; c__Desulfovibrionia; o__Desulfovibrionales; f__Desulfovibrionaceae; g__Desulfovibrio	0.9953809628633763
1adaccd90102ea8146a19664e3729c5f	d__Bacteria; p__Bacillota; c__Clostridia; o__Oscillospirales; f__Ruminococcaceae; g__Anaerofilum	0.9962817234723462
d2ecd2cb674c8c5de09ddf542b946eed	d__Bacteria; p__Bacillota; c__Clostridia; o__Clostridia_UCG-014; f__Incertae_Sedis; g__Incertae_Sedis	0.9999999999976694
f0d347a799f587f7b834300998f17197	d__Bacteria; p__Bacillota; c__Clostridia; o__Lachnospirales; f__Lachnospiraceae	0.999904671464571
c53e2f706a96be4e9a6a85e72b933c7b	d__Bacteria; p__Verrucomicrobiota; c__Verrucomicrobiia; o__Opitutales; f__Puniceicoccaceae; g__Incertae_Sedis	0.9999382207206651
c49e4ca23c5d8e2728b003f76a73aff4	d__Bacteria; p__Bacillota; c__Bacilli; o__Erysipelotrichales; f__Erysipelotrichaceae; g__Holdemanella	0.9998721514916165
94aac806c06856bd42346c64154ffb54	d__Bacteria; p__Bacillota; c__Clostridia; o__Lachnospirales; f__Lachnospiraceae	0.9997008145170099
0eab540054bbcd32d11cd72c8f261efb	d__Bacteria; p__Bacillota; c__Clostridia; o__Oscillospirales; f__Ruminococcaceae; g__Gemmiger	0.7838015838434192
529ef28efff148d90fe150f0bdfea636	d__Bacteria; p__Bacillota; c__Bacilli; o__Lactobacillales; f__Lactobacillaceae; g__Ligilactobacillus	0.9997989509253339
83d0856481a84dc6b81c3fab46b9aa2f	d__Bacteria; p__Fusobacteriota; c__Fusobacteriia; o__Fusobacteriales; f__Fusobacteriaceae; g__Fusobacterium	0.9996448777302219
98168bd8b91f80a9b908a85d50b5792e	d__Bacteria; p__Bacteroidota; c__Bacteroidia; o__Bacteroidales; f__Prevotellaceae; g__Paraprevotella	0.9998077036386899
e43609001b4549bf0c59d3b7839952d3	d__Bacteria; p__Bacillota; c__Clostridia; o__Lachnospirales; f__Lachnospiraceae; g__Anaerobutyricum	0.926382883853691
fae54ada5453bf28ef044b3ea797a562	d__Bacteria; p__Pseudomonadota; c__Gammaproteobacteria; o__Enterobacterales; f__Morganellaceae; g__Proteus	0.9985299457585258
8b8f0189f90969273bf149f6b7d9727b	d__Bacteria; p__Bacillota; c__Clostridia; o__Oscillospirales; f__Butyricicoccaceae; g__Agathobaculum	0.999738178509178
9ddd681da3091a25a1c90a3b4d1852d3	d__Eukaryota	0.8275287234822292
0d4fbce49103445ed3fca2c273976866	d__Bacteria; p__Bacillota; c__Negativicutes; o__Acidaminococcales; f__Acidaminococcaceae; g__Phascolarctobacterium	0.778890962265689
e0972118258416917794df0cca6d5bd6	d__Bacteria; p__Bacillota; c__Clostridia; o__Lachnospirales; f__Lachnospiraceae	0.9997769951954779
23ffe4b3d8e7664044e382d8806169bd	d__Bacteria; p__Bacteroidota; c__Bacteroidia; o__Bacteroidales; f__Prevotellaceae; g__Prevotella	0.998312883620505
55fad8935ccadb84f8e805ec316bc4d3	d__Bacteria; p__Bacillota; c__Clostridia; o__Oscillospirales; f__Ruminococcaceae; g__Ruminococcus	0.9782414440244163
a38b321a867514c1e7a74d707ed4b8c1	d__Bacteria; p__Bacillota; c__Clostridia; o__Lachnospirales; f__Lachnospiraceae; g__Lachnospiraceae_UCG-004	0.9019901978617552
23d02e0cb1038baeaa8837acdc0aebc2	d__Bacteria; p__Bacillota; c__Clostridia; o__Lachnospirales; f__Lachnospiraceae	0.9602228958305608
d0af2dd0f1743f7621d15e19db897362	d__Bacteria; p__Bacillota; c__Clostridia; o__Lachnospirales; f__Lachnospiraceae	0.9999584880689278
83766734fe5d54411416f0e5f1a4d306	d__Bacteria; p__Bacillota; c__Clostridia; o__Oscillospirales; f__Oscillospiraceae; g__UCG-002	0.9954484745320854
ea2836e66144513a058a8f9e2e14c34a	d__Bacteria; p__Bacillota; c__Clostridia; o__Lachnospirales; f__Lachnospiraceae; g__[Eubacterium]_oxidoreducens_group	0.7352037697725096
181a41afa1a473fca23bad92ca3dd2ab	d__Bacteria; p__Bacteroidota; c__Bacteroidia; o__Bacteroidales; f__Prevotellaceae; g__Segatella	0.998734275192548
ea74d02934f2fad8ddc21e1d7e98206f	d__Bacteria; p__Pseudomonadota; c__Alphaproteobacteria; o__Rhodospirillales; f__Incertae_Sedis; g__Incertae_Sedis	0.9999998403370668
bc6bde9f4560e0a3eb0803a20429613d	d__Bacteria; p__Actinomycetota; c__Actinobacteria; o__Mycobacteriales; f__Corynebacteriaceae; g__Corynebacterium	0.9999579035720999
015ad432f6b124ab1d998a4e7d21505e	d__Bacteria; p__Bacillota; c__Clostridia; o__Lachnospirales; f__Lachnospiraceae	0.999958293779575
a810716c832afd70924e045caf9153a7	d__Bacteria; p__Bacillota; c__Clostridia; o__Lachnospirales; f__Lachnospiraceae	0.8117962884348287
d8aaeb9b50dd7e2cd05e047b4245ccc3	d__Bacteria; p__Bacillota; c__Clostridia; o__Lachnospirales; f__Lachnospiraceae; g__Pseudobutyrivibrio	0.862739980133723
37549f359dc7500e5286566c71759e93	d__Bacteria; p__Bacillota; c__Clostridia; o__Oscillospirales; f__Ruminococcaceae; g__Incertae_Sedis	0.983729504801765
39645451b846ea25b0d498d75c6cd73f	d__Bacteria; p__Bacillota; c__Negativicutes; o__Acidaminococcales; f__Acidaminococcaceae; g__Phascolarctobacterium	0.953731334230842
4b5786d65e0069409e5700768d0571fa	d__Bacteria; p__Bacteroidota; c__Bacteroidia; o__Bacteroidales; f__Bacteroidaceae; g__Bacteroides	0.9994506446786422
aad07d25a126c74e0e86bb80d4ce8cbf	d__Bacteria; p__Bacillota; c__Clostridia; o__Lachnospirales; f__Lachnospiraceae; g__Lachnospiraceae_UCG-008	0.8329640935638014
8e2be14e874050653fb2a68f93ac22eb	d__Bacteria; p__Bacillota; c__Clostridia; o__Lachnospirales; f__Lachnospiraceae; g__Blautia	0.977838818184447
a8601f017e6d16fbe0e58331382c1854	d__Bacteria; p__Bacillota; c__Clostridia; o__Lachnospirales; f__Lachnospiraceae	0.9982049906062501
fe9a9fde62725cf172d4c6713717bccb	d__Bacteria; p__Pseudomonadota; c__Gammaproteobacteria; o__Burkholderiales; f__Sutterellaceae; g__Sutterella	0.9999983952168294
833858af7326c42879b0674ae5935e67	d__Bacteria; p__Bacillota; c__Bacilli; o__Lactobacillales; f__Streptococcaceae; g__Streptococcus	0.9999734675433875
1249e3528df01a24543267bbbce3acb0	d__Bacteria; p__Bacillota; c__Clostridia; o__Christensenellales; f__Christensenellaceae	0.8589259925311239
3c6bf8e4c0fb383f88c0977ef88f1a6d	d__Eukaryota	0.8847406010117584
996eed5bc77751394469754939f58029	d__Bacteria; p__Bacillota; c__Clostridia; o__Oscillospirales; f__Ruminococcaceae; g__Anaerofilum	0.9999866597687732
5a800e328faf669fba4e4d7c894110bf	d__Bacteria; p__Bacteroidota; c__Bacteroidia; o__Bacteroidales; f__Bacteroidaceae; g__Bacteroides	0.9999673292461019
d285fcbb2ec6eb6b377c62ab5a0f8f5c	d__Bacteria; p__Pseudomonadota; c__Gammaproteobacteria; o__Enterobacterales; f__Pasteurellaceae; g__Haemophilus	0.9533215931344163
174be1797c45c84ee360c80dfec243dc	d__Bacteria; p__Bacillota; c__Clostridia; o__Lachnospirales; f__Lachnospiraceae	0.9999030674832592
48622f99af46582576b69171c3f1971c	d__Bacteria; p__Bacillota; c__Clostridia; o__Lachnospirales; f__Lachnospiraceae	0.9998384653238701
59e71a5f57d70f38c51607705ba8cac2	d__Bacteria; p__Bacillota; c__Clostridia; o__Lachnospirales; f__Lachnospiraceae; g__Lachnospiraceae_UCG-004	0.9648937681112598
a5103b582058c92d0eb4935a6975ea63	d__Bacteria; p__Pseudomonadota; c__Alphaproteobacteria; o__Sphingomonadales; f__Sphingomonadaceae; g__Rhizorhabdus	0.8335386523872371
12e1bc28429df698c554c29b006045f8	d__Bacteria; p__Bacillota; c__Clostridia; o__Lachnospirales; f__Lachnospiraceae; g__Enterocloster	0.9638221885934951
4e10fe51ab3149905bbe183beaa46606	d__Bacteria; p__Bacillota; c__Clostridia; o__Oscillospirales; f__Ruminococcaceae; g__Hydrogenoanaerobacterium	0.7413306220241846
080cff589615fc6b3e082a558db14b9f	d__Bacteria; p__Bacillota; c__Clostridia; o__Lachnospirales; f__Lachnospiraceae; g__Lachnospiraceae_UCG-004	0.8346923356286585
2f4b28a42bf9e3adf37dd6ba318415f8	d__Bacteria; p__Bacillota; c__Clostridia; o__Clostridia_UCG-014; f__Incertae_Sedis; g__Incertae_Sedis	0.9999999999949836
705ccc7358cad39c6d780b170988421c	d__Bacteria	0.9999999968061873
7c346c137e91e54683fcc4aa924aed26	d__Bacteria; p__Bacillota; c__Clostridia; o__Lachnospirales; f__Lachnospiraceae	0.9992510700728634
36b367b1061eb83cb0339276104a8844	d__Bacteria; p__Bacillota; c__Bacilli; o__Lactobacillales; f__Streptococcaceae; g__Streptococcus	0.9983834815271602
1ca5d1234047badcb2667178553adcc6	d__Bacteria; p__Pseudomonadota; c__Alphaproteobacteria; o__Rhodospirillales; f__Incertae_Sedis; g__Incertae_Sedis	0.9999985036584573
73f0d7143fdf00c9a994c051d0fc6364	d__Bacteria; p__Bacillota; c__Clostridia; o__Lachnospirales; f__Lachnospiraceae	0.9999944228818155
8a72d5cecd9f7b131e479bd0b8f5414c	d__Bacteria; p__Actinomycetota; c__Coriobacteriia; o__Coriobacteriales; f__Atopobiaceae; g__Incertae_Sedis	0.9999999694168342
beb5560a19364d77c9e5f84b4898abca	d__Bacteria; p__Bacillota; c__Clostridia; o__Lachnospirales; f__Lachnospiraceae	0.9984150738048898
12a05f24a9b8083eb911b788d8ea3d12	d__Bacteria; p__Bacteroidota; c__Bacteroidia; o__Bacteroidales; f__Bacteroidaceae; g__Bacteroides	0.7528805328700909
cfda49641873ca5fff58b5d299586aaf	d__Bacteria; p__Bacillota; c__Clostridia; o__Christensenellales; f__Christensenellaceae; g__Christensenellaceae_R-7_group	0.9818702462112294
adc4215c888f04aba1da91fad5256628	d__Bacteria; p__Bacillota; c__Clostridia; o__Lachnospirales; f__Lachnospiraceae; g__Lachnospiraceae_NC2004_group	0.7933921615380957
b69a611a34a5fec9fcb08f592c1ffb7e	d__Bacteria; p__Bacillota; c__Clostridia; o__Lachnospirales; f__Lachnospiraceae	0.9999557376983634
5b4a60cb41f9a00abb437de185e241b2	d__Bacteria; p__Bacillota; c__Clostridia; o__Lachnospirales; f__Lachnospiraceae; g__Lachnospiraceae_UCG-010	0.9996161301694312
9c7ec2b6d33c2328e006472f8b37c555	d__Eukaryota	0.8674389020662991
5b7fe9dc5be82f29c387ffbe1ef33a64	d__Bacteria; p__Bacillota; c__Clostridia; o__Peptostreptococcales-Tissierellales; f__Peptostreptococcaceae; g__Romboutsia	0.8366645335203596
abf901215f22e96e1a63c850713bc4c3	d__Bacteria; p__Pseudomonadota; c__Alphaproteobacteria; o__Sphingomonadales; f__Sphingomonadaceae	0.9999999953747164
030d01a561b096d70c4d0d0cdf9c7274	d__Bacteria; p__Bacteroidota; c__Bacteroidia; o__Bacteroidales; f__Bacteroidaceae; g__Bacteroides	0.9724712042029018
a3f284629be7256ab5709403ffcde3df	d__Bacteria; p__Pseudomonadota; c__Alphaproteobacteria; o__Rhodobacterales; f__Paracoccaceae; g__Paracoccus	0.881999573236782
1b5247655c01b7688365560720552a34	d__Bacteria; p__Bacillota; c__Clostridia; o__Lachnospirales; f__Lachnospiraceae; g__Lachnospiraceae_UCG-004	0.9886010434795803
e3b607d9e151596b98eb5dfdd8cff2a5	d__Bacteria; p__Bacillota; c__Clostridia; o__Lachnospirales; f__Lachnospiraceae; g__Anaerostipes	0.7205490956943079
83771d210a8d3eb5ff7df30d36f2b02c	d__Bacteria; p__Pseudomonadota; c__Gammaproteobacteria; o__Burkholderiales; f__Sutterellaceae; g__Sutterella	0.9971683762299955
f686cd8b65cba709adcaae2585fc6599	d__Bacteria; p__Bacillota; c__Clostridia; o__Lachnospirales; f__Lachnospiraceae; g__Lachnospiraceae_UCG-004	0.8230813239717424
d9a0f12cedb7a822c1cda0a54bcf3584	d__Bacteria; p__Bacillota; c__Clostridia; o__Clostridia_UCG-014; f__Incertae_Sedis; g__Incertae_Sedis	0.9999999998863842
9d85533a6c93c6b18e3b64c514edeb31	d__Bacteria; p__Bacteroidota; c__Bacteroidia; o__Bacteroidales; f__Rikenellaceae; g__Alistipes	0.999755491410032
f4db32a31812d2f65cc66858834962f5	d__Bacteria; p__Bacillota; c__Clostridia; o__Oscillospirales; f__Oscillospiraceae	0.9541938960700137
fe67621a228aa837f73aa87235bb6e09	d__Bacteria; p__Bacillota; c__Clostridia; o__Oscillospirales; f__Oscillospiraceae; g__UCG-005	0.9975485559430639
f3cbb9480ccb9f66a322f97ae0336945	d__Bacteria; p__Bacillota; c__Clostridia; o__Lachnospirales; f__Lachnospiraceae	0.9879033046411831
90e6572957820466ed01ec2e49b4860e	d__Bacteria; p__Bacillota; c__Clostridia; o__Lachnospirales; f__Lachnospiraceae; g__Lachnospiraceae_UCG-004	0.9969191034681161
8d8241e29710f70f0ac430186b29ae2c	d__Bacteria; p__Bacillota; c__Clostridia; o__Lachnospirales; f__Lachnospiraceae	0.9796687219465903
f36ba5f20b6dc1503e2020857beedee2	d__Bacteria; p__Bacillota; c__Clostridia; o__Lachnospirales; f__Lachnospiraceae; g__Lachnospiraceae_UCG-008	0.7300438864539424
90d5a803d18b48bac9c77953d7aa101a	d__Bacteria; p__Bacillota; c__Clostridia; o__Oscillospirales; f__Ruminococcaceae; g__Faecalibacterium	0.9999932774995139
fa198cfd757c3577246f95dfdef9c79a	d__Bacteria; p__Pseudomonadota; c__Gammaproteobacteria; o__Enterobacterales; f__Enterobacteriaceae; g__Escherichia-Shigella	0.9992708967672747
d3f9078785510e91ff5f8062914c3ad9	d__Bacteria; p__Bacillota; c__Clostridia; o__Lachnospirales; f__Lachnospiraceae	0.9919024413353414
cf4a9090f7562a79d22a7b0c04d6e23a	d__Bacteria; p__Bacillota; c__Clostridia; o__Lachnospirales; f__Lachnospiraceae; g__Lachnospiraceae_UCG-004	0.9878811530053266
7e70d8159b4f8ffcc4413922039d5753	d__Bacteria; p__Bacteroidota; c__Bacteroidia; o__Bacteroidales; f__Prevotellaceae; g__Massiliprevotella	0.9999928017768137
4fc5a260d7ede62bdc2313540ab7352d	d__Bacteria; p__Bacillota; c__Clostridia; o__Lachnospirales; f__Lachnospiraceae; g__Lachnospiraceae_UCG-004	0.9916544807953704
f41708b6be45f9b311f6bea66b4c7452	d__Bacteria; p__Bacillota; c__Clostridia; o__Lachnospirales; f__Lachnospiraceae	0.9968662629691393
2061876fd1672c5b02e15408d127fb7b	d__Bacteria; p__Bacillota; c__Clostridia; o__Oscillospirales; f__Oscillospiraceae; g__UCG-005	0.9901482905880975
f1e671f6908064648c729ed1a1861ece	d__Bacteria; p__Bacillota; c__Clostridia; o__Lachnospirales; f__Lachnospiraceae; g__Lachnospiraceae_UCG-004	0.9840389856689185
3de7bca30dc74a9762512eafe916ebda	d__Bacteria; p__Bacillota; c__Clostridia; o__Oscillospirales; f__Ruminococcaceae; g__Faecalibacterium	0.7003874324880657
256d083d91f9fc679b0d467bdfc42770	d__Bacteria; p__Bacillota; c__Clostridia; o__Lachnospirales; f__Lachnospiraceae	0.9999993195864865
00393b6e507770b2598200a501d9c3b2	d__Bacteria; p__Bacillota; c__Clostridia; o__Clostridia_UCG-014; f__Incertae_Sedis; g__Incertae_Sedis	0.9999999999980815
1e5ab4513850f9d0eaad6de01d60e7e7	d__Bacteria; p__Bacillota; c__Clostridia; o__Lachnospirales; f__Lachnospiraceae	0.9999427453890897
06446841e16ef4296a25e7e2e58cc48e	d__Bacteria; p__Bacillota; c__Bacilli; o__Erysipelotrichales; f__Erysipelotrichaceae; g__Turicibacter	0.9999999996355342
8a6301752a72b7182f9b5173541728aa	d__Bacteria; p__Bacillota; c__Clostridia; o__Lachnospirales; f__Lachnospiraceae	0.9999120025796981
18668a30fe6c1fc7934e7f3c0ce8e6a9	d__Bacteria; p__Bacillota; c__Clostridia; o__Lachnospirales; f__Lachnospiraceae	0.9999757809786036
9c68fe81bb2206eb3f8c71b1934bd7bb	d__Bacteria; p__Bacillota; c__Clostridia; o__Oscillospirales; f__Oscillospiraceae; g__Oscillibacter	0.9789303899358451
a267d1f5065db3d7f5d970bccd62d91f	d__Bacteria; p__Bacillota; c__Clostridia; o__Lachnospirales; f__Lachnospiraceae; g__Howardella	0.9999986831471406
c3735bba9e42267a894da4dc56e6807b	d__Bacteria; p__Fusobacteriota; c__Fusobacteriia; o__Fusobacteriales; f__Fusobacteriaceae; g__Fusobacterium	0.909928467713996
255a5cf87629ea0fb6f4a82cb8f0fa28	d__Bacteria; p__Bacillota; c__Clostridia; o__Lachnospirales; f__Lachnospiraceae; g__Lachnospiraceae_UCG-010	0.9997838292288852
6809d263d7b781b3c6386d43008c740f	d__Bacteria; p__Bacillota; c__Clostridia; o__Clostridia_vadinBB60_group; f__Incertae_Sedis; g__Incertae_Sedis	0.8134543687082538
9c71a7935afefd9bfdb362cb1cb5cbea	d__Eukaryota	0.8240791386512216
0303f72a72e59ca9a2a40d049a532264	d__Eukaryota	0.9195790346691257
7b64335bc2cecb392a270894c1c23585	d__Bacteria; p__Bacteroidota; c__Bacteroidia	0.9562484979081902
7c1af1573b4c754322680bb4a5faa056	d__Bacteria; p__Bacillota; c__Clostridia; o__Oscillospirales; f__Oscillospiraceae; g__UCG-002	0.9902478735785573
b8a2ba324c323ec386a4a2004ddb7939	d__Bacteria; p__Bacillota; c__Clostridia; o__Lachnospirales; f__Lachnospiraceae	0.9999995197317992
3680270c5b38b386b6679984caeefa26	d__Bacteria; p__Bacteroidota; c__Bacteroidia; o__Flavobacteriales; f__Flavobacteriaceae; g__Incertae_Sedis	0.7616653015959631
f7ee60e7c3d76ca10932a1f7836c4ae4	d__Bacteria; p__Bacillota; c__Clostridia; o__Oscillospirales; f__[Eubacterium]_coprostanoligenes_group; g__Incertae_Sedis	0.999454154457964
175b6b4ca0549bb48bebdd75a9840a93	d__Bacteria; p__Bacteroidota; c__Bacteroidia; o__Bacteroidales; f__Prevotellaceae	0.9999998331168332
f8f8a03fb9e74cd994040ae4944d620a	d__Bacteria; p__Bacillota; c__Clostridia; o__Lachnospirales; f__Lachnospiraceae; g__Lachnospiraceae_UCG-004	0.9830798386330962
5c80c54078130503d0f26bfbd77c7680	d__Bacteria	0.9999999999449452
4ad1a49348eb55f1981ff35b981124bd	d__Bacteria; p__Bacillota; c__Clostridia; o__Clostridia_UCG-014; f__Incertae_Sedis; g__Incertae_Sedis	0.9999999999826201
a3cd9c4f1dbdcfcf5bc8faf472f043b6	d__Bacteria; p__Bacteroidota; c__Bacteroidia; o__Bacteroidales; f__Rikenellaceae; g__Alistipes	0.9999265256807814
62cde74b02f4dd0a03cce0277450605e	d__Bacteria; p__Actinomycetota; c__Actinobacteria; o__Bifidobacteriales; f__Bifidobacteriaceae; g__Bifidobacterium	0.9999628465208309
3a02ac6e4e4b41e637e9e885a3721c5e	d__Bacteria; p__Pseudomonadota; c__Gammaproteobacteria; o__Burkholderiales; f__Comamonadaceae	0.999986541653754
4b00acfa2a9ca158f750f5b91591253d	d__Bacteria; p__Bacillota; c__Clostridia; o__Lachnospirales; f__Lachnospiraceae	0.8773493800312115
c88e391213a2f678354e18a68c565f55	d__Eukaryota	0.8501655872462011
3df332e4d1b2e2d2bd0575a4d8d08503	d__Bacteria; p__Bacillota; c__Clostridia; o__Lachnospirales; f__Lachnospiraceae	0.9982304699384104
67b7e82b918177b340f9f16c660a0db6	d__Bacteria; p__Pseudomonadota; c__Gammaproteobacteria; o__Enterobacterales; f__Enterobacteriaceae; g__Escherichia-Shigella	0.998423635264042
d07a860d90ecb246a9388d98e16aa3cd	d__Bacteria; p__Bacillota; c__Clostridia; o__Lachnospirales; f__Lachnospiraceae	0.9977020281104054
e0ee6e2be57b8f1d5a407ccd63fae487	Unassigned	0.4085205743960717
ff2a1eb56d1390d07f209ca39fa43a4f	d__Bacteria; p__Bacillota; c__Clostridia; o__Lachnospirales; f__Lachnospiraceae; g__Anaerostipes	0.9930410526468563
1b60b9f40b489345fb94999259291ea7	d__Bacteria; p__Pseudomonadota; c__Alphaproteobacteria; o__Sphingomonadales; f__Sphingomonadaceae	0.9999998815379029
d571fd68ee3ef91d8cab7624678e271c	d__Bacteria; p__Bacteroidota; c__Bacteroidia; o__Bacteroidales; f__Tannerellaceae; g__Parabacteroides	0.9999988550799248
41b5247a92e0eda87c6088f090dcb5f0	d__Bacteria; p__Bacillota; c__Clostridia; o__Lachnospirales; f__Lachnospiraceae; g__Cellulosilyticum	0.9999744331957467
8ecbcfff1dcca7ad741852a3db30b37c	d__Bacteria; p__Bacteroidota; c__Bacteroidia; o__Bacteroidales; f__Prevotellaceae; g__Xylanibacter	0.7795387370641734
ba28550439b2c3174838e112375b2f9f	d__Bacteria; p__Bacillota; c__Clostridia; o__Lachnospirales; f__Lachnospiraceae	0.9999755365265839
09025cffb983f25b7e5bdcda43bbb57f	d__Bacteria; p__Bacteroidota; c__Bacteroidia; o__Bacteroidales; f__Bacteroidaceae; g__Bacteroides	0.9998803796435762
051ec38ae3790b161c20cf69d3602ac4	d__Bacteria; p__Bacillota; c__Clostridia; o__Peptostreptococcales-Tissierellales; f__Peptostreptococcaceae	0.9999823708495528
ed198bfbfc5450271005abd83a4f3871	d__Bacteria; p__Bacillota; c__Clostridia; o__Christensenellales; f__Christensenellaceae	0.9322328026415199
7fc48add85306c08edbbdde071efefbf	d__Bacteria; p__Bacillota; c__Clostridia; o__Lachnospirales; f__Lachnospiraceae; g__[Eubacterium]_ventriosum_group	0.999839507228196
5a9281f7c2c229f5c9a1c854d2ba6234	d__Bacteria; p__Bacillota; c__Clostridia; o__Oscillospirales; f__UCG-010; g__Incertae_Sedis	0.9998238486827686
656cf21ffe9ea9112e8124edcbf9f74a	d__Bacteria; p__Bacteroidota; c__Bacteroidia	0.9488677994167416
5492acdac51af9aaa2b75709ed15fb4f	d__Bacteria; p__Pseudomonadota; c__Gammaproteobacteria; o__Enterobacterales; f__Pasteurellaceae; g__Haemophilus	0.999217925774424
b2fa2e67986466b440684628543ea53a	d__Bacteria; p__Bacillota; c__Clostridia; o__Peptostreptococcales-Tissierellales; f__Anaerovoracaceae; g__Family_XIII_AD3011_group	0.9992026529701755
cd154659bae7c0230a1e032bf6251e7a	d__Bacteria; p__Bacillota; c__Clostridia; o__Oscillospirales; f__Ruminococcaceae; g__Faecalibacterium	0.7224408057253305
1f2df259653cd85fd10dee3383f78013	d__Bacteria; p__Bacillota; c__Clostridia; o__Peptostreptococcales-Tissierellales; f__Family_XI; g__Anaerococcus	0.9999999999981952
3565ccf2dd6f35a735d292589e48e25c	d__Bacteria; p__Bacillota; c__Bacilli; o__RF39; f__Incertae_Sedis; g__Incertae_Sedis	0.9999999967251796
09d75a0a3a9a4491bb2d5319a0c1e958	d__Bacteria; p__Bacillota; c__Clostridia; o__Peptostreptococcales-Tissierellales; f__Peptostreptococcaceae	0.9999997475211004
824acf5d2edf206d813faf7c6790d465	d__Bacteria; p__Bacillota; c__Clostridia; o__Oscillospirales; f__Ruminococcaceae; g__Faecalibacterium	0.999996203947518
75e513a21836ae0878f21a957bfdaa76	d__Bacteria; p__Bacteroidota; c__Bacteroidia; o__Bacteroidales; f__Marinifilaceae; g__Butyricimonas	0.9999999442134582
bfdf0258e4c3ea96a2ff0d772eaf47ce	d__Bacteria; p__Bacillota; c__Clostridia; o__Lachnospirales; f__Lachnospiraceae	0.9999959294881717
9458b4c349e5ed813a5bbdc7df66dd29	d__Bacteria; p__Bacillota; c__Clostridia; o__Lachnospirales; f__Lachnospiraceae	0.9998045242799345
5b3c67d0f8f2342bdcef0aa2738aaa9a	d__Bacteria; p__Pseudomonadota; c__Gammaproteobacteria; o__Burkholderiales; f__Sutterellaceae; g__Parasutterella	0.9990967047222965
4f0df29fa7266494fe24efc5231d3cd5	d__Bacteria; p__Bacillota; c__Clostridia; o__Lachnospirales; f__Lachnospiraceae; g__Lachnospiraceae_UCG-008	0.9052542159780652
a8d119ee5673a1305b7cc3f6f8150fdb	d__Bacteria; p__Pseudomonadota; c__Alphaproteobacteria; o__Hyphomicrobiales; f__Beijerinckiaceae; g__Methylorubrum	0.9924139538421813
1603f2ec0326d20b0417df07f48a39ab	d__Bacteria; p__Bacillota; c__Bacilli; o__Lactobacillales; f__Lactobacillaceae; g__Limosilactobacillus	0.9709957921889594
58795b25fad72b88bcdf1ddf16138819	d__Bacteria; p__Bacillota; c__Clostridia; o__Lachnospirales; f__Lachnospiraceae	0.9988560486377847
e0b579ae6a29103a368eca81768bb6c0	d__Bacteria; p__Bacillota; c__Clostridia; o__Lachnospirales; f__Lachnospiraceae; g__Incertae_Sedis	0.7153005581367269
5c1aab458de12c11dd8dcecba89ed47e	d__Bacteria; p__Bacteroidota; c__Bacteroidia; o__Bacteroidales; f__Bacteroidaceae; g__Bacteroides	0.9999909401425666
5d2efbe64a85d6ebc886caf7d2340bf5	d__Bacteria; p__Bacteroidota; c__Bacteroidia; o__Bacteroidales; f__Tannerellaceae; g__Parabacteroides	0.9999844484715003
b34203f3ddd048b6e50e52bccb4d1de6	d__Bacteria; p__Bacillota; c__Clostridia; o__Lachnospirales; f__Lachnospiraceae; g__Agathobacter	0.7652360667007038
9a27f40588ca02b025ef2bb7f99f683d	d__Bacteria; p__Bacteroidota; c__Bacteroidia; o__Bacteroidales; f__Bacteroidaceae; g__Bacteroides	0.9998788665982599
ba446ba3423cb2d0de644b3a278e02a8	d__Bacteria; p__Bacillota; c__Clostridia; o__Oscillospirales; f__Ruminococcaceae; g__Ruminococcus	0.9945797840534569
92d01e375bf49174475ec64c567d55ae	d__Bacteria; p__Verrucomicrobiota; c__Lentisphaeria; o__Victivallales; f__Victivallaceae; g__Victivallis	0.9999888810482093
41db09b8689ce0f6a374fe6a5a325503	d__Bacteria; p__Bacillota; c__Clostridia; o__Lachnospirales; f__Lachnospiraceae	0.9995484596242353
360897e15ffd09b7e10d2b1fb366cf90	d__Bacteria; p__Bacillota; c__Clostridia; o__Lachnospirales; f__Lachnospiraceae; g__Roseburia	0.9244073370290498
9b8989d647ce575002186441b2ec92e1	d__Bacteria; p__Actinomycetota; c__Coriobacteriia; o__Coriobacteriales; f__Eggerthellaceae; g__Adlercreutzia	0.9992551263556353
d641b73a4c67fc8968930b666b3daab0	d__Bacteria; p__Bacillota; c__Clostridia; o__Lachnospirales; f__Lachnospiraceae	0.9998602834790546
61cf47867b8421d0aed8ce1ae546e874	d__Bacteria; p__Bacillota; c__Clostridia; o__Peptostreptococcales-Tissierellales; f__Anaerovoracaceae; g__Mogibacterium	0.984505831953915
9cf549d99ec67489820fae7c35e38ac6	d__Bacteria; p__Actinomycetota; c__Actinobacteria; o__Actinomycetales; f__Actinomycetaceae; g__Actinomyces	0.7186587806380417
74a52fc2b4527f4e8aad357d902c6f4b	d__Bacteria; p__Bacteroidota; c__Bacteroidia; o__Cytophagales; f__Spirosomataceae; g__Spirosoma	0.999909101202188
155cebdbb82cd7b82159fd7f9e0ecb83	d__Bacteria; p__Bacillota; c__Negativicutes; o__Acidaminococcales; f__Acidaminococcaceae; g__Phascolarctobacterium	0.9999999989628918
8547be6eb283f83bd2e1ce7a524f9b37	d__Bacteria; p__Actinomycetota; c__Actinobacteria; o__Micrococcales; f__Dermabacteraceae; g__Dermabacter	0.9999799477279737
60922f35096febec96d86bd29c5b68e2	d__Bacteria; p__Bacillota; c__Clostridia; o__Oscillospirales; f__Oscillospiraceae; g__Oscillospira	0.9528817778901546
22050a0bb1ce1502422db5d732a688f4	d__Bacteria; p__Bacillota; c__Clostridia; o__Lachnospirales; f__Lachnospiraceae	0.9937023911504427
462bdd1cbae070dbeaeb092ce3903816	d__Bacteria; p__Bacillota; c__Clostridia; o__Lachnospirales; f__Lachnospiraceae; g__Lachnospiraceae_UCG-004	0.8332020832630148
e934d1682a838a210169fca94f4244ea	d__Bacteria; p__Bacillota; c__Clostridia; o__Lachnospirales; f__Lachnospiraceae	0.9996851287059758
2bb9e330e7915e3c211d53d8806fe10c	Unassigned	0.3831765988547299
5b82cf2b3b7911f4c40569718fb24076	d__Bacteria; p__Bacteroidota; c__Bacteroidia; o__Bacteroidales; f__Bacteroidaceae; g__Bacteroides	0.9344339156624004
54d5ef45619f6b5ae20c406c94413f7f	d__Bacteria; p__Bacillota; c__Bacilli; o__Erysipelotrichales; f__Erysipelatoclostridiaceae; g__UCG-004	0.9999339909542738
417702a7bafd297e03b61f3c61e33dc7	d__Bacteria; p__Bacillota; c__Clostridia; o__Lachnospirales; f__Lachnospiraceae; g__Lachnospiraceae_UCG-004	0.9880462445500013
7c4507bf48d05d28637c40b33b8ab3d0	d__Bacteria; p__Bacillota; c__Clostridia; o__Oscillospirales; f__Oscillospiraceae; g__UCG-005	0.9955507527096309
1782537b808c56ffdd245d434baa75fc	d__Bacteria; p__Bacillota; c__Clostridia; o__Oscillospirales; f__Ruminococcaceae; g__Fournierella	0.8249439345240662
2701e83a824d8e6869611a07f688893d	d__Bacteria; p__Bacillota; c__Clostridia; o__Clostridia_UCG-014; f__Incertae_Sedis; g__Incertae_Sedis	0.9999999996727666
e10d44d1c796224a3454f437ceee2a62	d__Bacteria; p__Bacillota; c__Clostridia; o__Lachnospirales; f__Lachnospiraceae	0.9915572604258209
e8394de9b8e36351a61e678c7b83626a	d__Bacteria; p__Bacillota; c__Clostridia; o__Clostridia_vadinBB60_group; f__Incertae_Sedis; g__Incertae_Sedis	0.9999900859835295
0fcd68c40d679ac6305d6ebff8a512ae	d__Bacteria; p__Bacteroidota; c__Bacteroidia; o__Bacteroidales; f__Tannerellaceae; g__Parabacteroides	0.9999988699131555
d4ea37892a742e905d8e797fb9817fd7	d__Bacteria; p__Bacteroidota; c__Bacteroidia; o__Bacteroidales; f__Bacteroidaceae; g__Bacteroides	0.9999970277419241
06119fb64d3514202b68d851685b0652	d__Bacteria; p__Bacillota; c__Clostridia; o__Oscillospirales; f__Oscillospiraceae; g__UCG-005	0.9694895440646402
2f4206e80e716feb633ae6861d6b1577	d__Bacteria; p__Bacteroidota; c__Bacteroidia; o__Bacteroidales; f__Prevotellaceae; g__Prevotellaceae_UCG-001	0.8805395821548385
ead7c98b3bdac7d9c173f71c78f7187a	d__Bacteria; p__Bacillota; c__Bacilli; o__Lactobacillales; f__Streptococcaceae; g__Streptococcus	0.9994773211198024
9dea5d91ddef4412495cb13c2064dab1	d__Bacteria; p__Bacillota; c__Clostridia; o__Oscillospirales; f__UCG-010; g__Incertae_Sedis	0.9996006536128348
d61cc861624cf3105bfa6beb7af43a37	d__Bacteria; p__Bacillota; c__Clostridia; o__Peptostreptococcales-Tissierellales; f__Peptostreptococcaceae	0.9999943852799116
87e482ef50b1b2503f2ccdc5b6c34409	d__Bacteria; p__Bacillota; c__Negativicutes; o__Veillonellales-Selenomonadales; f__Veillonellaceae; g__Dialister	0.9311076108789159
07d54a1039d6cb4e9d72d7a10e311180	d__Bacteria; p__Bacillota; c__Clostridia; o__Peptostreptococcales-Tissierellales; f__Family_XI; g__Anaerococcus	1.0
9c9d3bb15814476e558d5fe512b06255	d__Bacteria; p__Bacteroidota; c__Bacteroidia; o__Bacteroidales; f__Bacteroidaceae; g__Bacteroides	0.9999671003199638
4795a923475ec9092f053f1b4b8c61a9	d__Bacteria; p__Pseudomonadota; c__Gammaproteobacteria; o__Burkholderiales; f__Oxalobacteraceae; g__Oxalobacter	0.9990665036294564
4ed935bc0bd583681dfb78a4c5a7e298	d__Bacteria; p__Bacillota; c__Clostridia; o__Oscillospirales; f__UCG-010; g__Incertae_Sedis	0.9999168316966749
63aed4ef9a4c6ccf8cbc8f59a530aa10	d__Bacteria; p__Bacillota; c__Clostridia; o__Oscillospirales; f__Ruminococcaceae; g__Ruminococcus	0.9564140142783186
75c629b9bdb881823bd48690f5604046	d__Bacteria; p__Bacillota; c__Clostridia; o__Lachnospirales; f__Lachnospiraceae	0.9999971907392334
69ae69efb09dc296da55f704b2331c92	d__Bacteria; p__Bacteroidota; c__Bacteroidia; o__Bacteroidales; f__Marinifilaceae; g__Butyricimonas	0.9999906931215409
996926722567a0d1185894b1ef97df80	d__Bacteria; p__Bacillota; c__Clostridia; o__Lachnospirales; f__Lachnospiraceae; g__Blautia	0.9555315670762617
61f104ef166cf7cf35e01517c7a250c3	d__Bacteria; p__Bacillota; c__Clostridia; o__Lachnospirales; f__Lachnospiraceae	0.9999933919371277
6a960fdfa116ec0423abb49a60286fe4	d__Bacteria; p__Bacillota; c__Clostridia; o__Lachnospirales; f__Lachnospiraceae	0.9755948365799332
a3a1a0b4b6b0ee5cb4beace652f4cfdc	d__Bacteria; p__Bacteroidota; c__Bacteroidia; o__Bacteroidales; f__Prevotellaceae; g__Segatella	0.9990852025625856
9b7d9b3dd4bfae2e2cea26623a9bc995	d__Bacteria; p__Bacillota; c__Clostridia; o__Oscillospirales; f__Butyricicoccaceae; g__Agathobaculum	0.9979735993507216
89630bd211f9e243ff904bdf01eabccc	d__Bacteria; p__Bacillota; c__Clostridia; o__Oscillospirales; f__Oscillospiraceae; g__UCG-002	0.9925075987666553
fef2fd2be724ec51863c91c0dd9ba115	d__Bacteria; p__Bacillota; c__Clostridia; o__Lachnospirales; f__Lachnospiraceae	0.9950588859524889
736fdf573e4b40c4486a92f8af75169e	d__Bacteria; p__Pseudomonadota; c__Gammaproteobacteria; o__Burkholderiales; f__Burkholderiaceae; g__Burkholderia-Caballeronia-Paraburkholderia	0.978525887435798
f32b02b246ba1c25d08ebbaac4dc98ad	d__Bacteria; p__Bacteroidota; c__Bacteroidia; o__Bacteroidales; f__Bacteroidaceae; g__Bacteroides	0.9998479878803547
d9f6b6deec3c572685b06ef1e5d79bbf	d__Bacteria; p__Bacteroidota; c__Bacteroidia; o__Bacteroidales; f__Rikenellaceae; g__Alistipes	0.999954116613202
c301e7b8fbdcf70dcf4da22bde905c54	d__Bacteria; p__Bacillota; c__Clostridia; o__Lachnospirales; f__Lachnospiraceae	0.999995922362811
5fdb9969d662aaf6218247fdd5a5d543	d__Bacteria; p__Fusobacteriota; c__Fusobacteriia; o__Fusobacteriales; f__Fusobacteriaceae; g__Fusobacterium	0.9999999999941167
3259720a3b4c5a1d9dfe065cfdec57e1	d__Bacteria; p__Bacillota; c__Clostridia; o__Lachnospirales; f__Lachnospiraceae	0.7811047880361857
43c9ee8520f0bf58709c4ebf935bc09c	d__Bacteria; p__Bacteroidota; c__Bacteroidia; o__Bacteroidales; f__Prevotellaceae; g__Prevotella	0.9834649857785315
7ff2b62aabe81b1819b342d216ee68a2	d__Bacteria; p__Bacillota; c__Negativicutes; o__Veillonellales-Selenomonadales; f__Sporomusaceae; g__Anaerosporomusa	0.9974935658376236
b3a3eedbe8d06a5ed501ad84328f0b32	d__Bacteria; p__Bacillota; c__Negativicutes; o__Veillonellales-Selenomonadales; f__Veillonellaceae; g__Veillonella	0.9998839535570845
d9cbd88d251d140d2de7c6121aee1d42	d__Bacteria; p__Bacillota; c__Clostridia; o__Clostridiales; f__Clostridiaceae; g__Clostridium	0.999703875616355
0cbdb90da3e78b765bbc1df889bcf147	d__Bacteria; p__Bacillota; c__Clostridia; o__Oscillospirales; f__Oscillospiraceae; g__Ruminiclostridium	0.8785226074411833
757c15295bc38e6a733e07e9d860b9e7	d__Bacteria; p__Bacillota; c__Clostridia; o__Oscillospirales; f__Butyricicoccaceae; g__UCG-008	0.7805168408197221
736b54127864d85412b3c3bcab62de18	d__Bacteria; p__Bacillota; c__Clostridia; o__Lachnospirales; f__Lachnospiraceae	0.9999313570673662
7dadc3604e69b541082bc8e7265fd827	d__Bacteria; p__Bacillota; c__Clostridia; o__Lachnospirales; f__Lachnospiraceae	0.9994128078711971
837f42b66e64893f6fad2bad9d9c7d2e	d__Bacteria; p__Bacillota; c__Clostridia; o__Peptostreptococcales-Tissierellales; f__Anaerovoracaceae; g__Family_XIII_AD3011_group	0.9990001477161558
04a9e2de9c07c3e0539626313c49e795	d__Bacteria; p__Pseudomonadota; c__Gammaproteobacteria; o__Enterobacterales; f__Pasteurellaceae; g__Haemophilus	0.9997520443385152
9639a8fd986728832c23f3acd42b8a10	d__Bacteria; p__Bacillota; c__Clostridia; o__Oscillospirales; f__Ruminococcaceae; g__Anaerotruncus	0.999951599442114
2b1c62c4b60b6efbf001646fe9cdfaf7	d__Bacteria; p__Bacillota; c__Clostridia; o__Peptococcales; f__Peptococcaceae	0.999999802138609
b21336006a5a76829eb15b62bee7da62	d__Bacteria; p__Bacillota; c__Clostridia; o__Oscillospirales; f__Ruminococcaceae; g__Caproiciproducens	0.8787885771143592
f76c27a85235986102a460bd9f88c8d4	d__Bacteria; p__Bacteroidota; c__Bacteroidia; o__Bacteroidales; f__Marinifilaceae; g__Butyricimonas	0.9999993084876853
7f583fdb2376180b69cca57f7b2c5341	d__Bacteria; p__Bacteroidota; c__Bacteroidia; o__Chitinophagales; f__Chitinophagaceae; g__Sediminibacterium	0.9986232559706318
301bc6378dc432fa5578ce3867b045cc	d__Bacteria; p__Bacillota; c__Clostridia; o__Lachnospirales; f__Lachnospiraceae	0.9989566403387083
4c23e3bd82da8f2a9f651ffd7c395358	d__Bacteria; p__Bacillota; c__Clostridia; o__Lachnospirales; f__Lachnospiraceae; g__Lachnospiraceae_UCG-004	0.9848815222058315
6618c74e88a763f465182cdf3984184b	d__Bacteria; p__Actinomycetota; c__Actinobacteria; o__Actinomycetales; f__Actinomycetaceae; g__Schaalia	0.9999994904274009
552fa53705381d333e12d738e0b4a6c4	d__Bacteria; p__Bacteroidota; c__Bacteroidia; o__Bacteroidales; f__Prevotellaceae; g__Paraprevotella	0.8796389030271226
c6aac0c8ed2d9653d00267c951a43abe	d__Bacteria; p__Bacillota; c__Clostridia; o__Lachnospirales; f__Lachnospiraceae; g__[Eubacterium]_oxidoreducens_group	0.9666137071314819
931056594277277169df26dd221dd220	d__Bacteria; p__Bacteroidota; c__Bacteroidia; o__Bacteroidales; f__Prevotellaceae	0.9999997779696975
0c2fcccc2421c8eab6e7ddabfe358b1e	d__Bacteria; p__Bacteroidota; c__Bacteroidia; o__Bacteroidales; f__Tannerellaceae; g__Parabacteroides	0.999999946601919
fcc3cff9d646e0ca48e8e81dcb8ebcb8	d__Bacteria; p__Bacillota; c__Bacilli; o__Erysipelotrichales; f__Erysipelotrichaceae; g__[Clostridium]_innocuum_group	0.9686823672554323
462ee8b76a215049f481540e82466530	d__Bacteria; p__Bacillota; c__Clostridia; o__Oscillospirales; f__Oscillospiraceae	0.8219283510292896
74d0d98bcdb7ce031cb54ab59a5f97af	d__Bacteria; p__Thermodesulfobacteriota; c__Desulfovibrionia; o__Desulfovibrionales; f__Desulfovibrionaceae; g__Desulfovibrio	0.7117658875012237
61e6595ac5b3bfe15e786403c3e85b83	d__Bacteria; p__Bacillota; c__Clostridia; o__Lachnospirales; f__Lachnospiraceae	0.9761097894971121
b009fbc6034f9401476881728259f960	d__Bacteria; p__Bacillota; c__Bacilli; o__Erysipelotrichales; f__Erysipelatoclostridiaceae; g__Thomasclavelia	0.9998505769265295
50c44aac23f9cef7877ead5ca85221dc	d__Bacteria; p__Bacillota; c__Clostridia; o__Oscillospirales; f__Ruminococcaceae	0.7001449951044026
6381f877f8f82fced74f99fc77ca2470	d__Bacteria; p__Bacillota; c__Clostridia; o__Lachnospirales; f__Lachnospiraceae	0.9999931132612604
bd4276b584cd84899ef22b426e6aae69	d__Bacteria; p__Bacillota; c__Clostridia; o__Lachnospirales	0.9996343772378229
117fe7c5e1e847be7c4d7f7af418595e	d__Bacteria; p__Bacteroidota; c__Bacteroidia; o__Bacteroidales	0.9874052843335241
56e5769135a8c27cca46b3028c477e99	d__Bacteria; p__Bacillota; c__Clostridia; o__Lachnospirales; f__Lachnospiraceae	0.9995544181470503
df2a4c3fc697bf5f907445d743d5714f	d__Bacteria; p__Bacillota; c__Clostridia; o__Lachnospirales; f__Lachnospiraceae	0.9999988934986226
da168a721f35a7e3d483a3d8b1e51351	Unassigned	0.6400407208589849
e363a6102686c88b6b8a5d08c21eacb1	d__Bacteria; p__Pseudomonadota; c__Gammaproteobacteria; o__Burkholderiales; f__Sutterellaceae; g__Parasutterella	0.9988116002555544
0d4a6e11330178b80eb935e345578220	d__Bacteria; p__Actinomycetota; c__Coriobacteriia; o__Coriobacteriales; f__Eggerthellaceae	0.9999808368300832
9d563484a57c806ac86c377dce517a85	d__Bacteria; p__Bacillota; c__Clostridia; o__Oscillospirales; f__Ruminococcaceae	0.9946093232645302
e81afbb553d90137567e79db368baf67	d__Eukaryota	0.807215786783191
d0b587a234e4f19e48085073906ac66a	d__Bacteria; p__Bacillota; c__Clostridia; o__Lachnospirales; f__Lachnospiraceae	0.9999789319825114
5e67d622001d3d4ef1edd5d0ca5cf5d1	d__Bacteria; p__Pseudomonadota; c__Alphaproteobacteria; o__Rhodospirillales; f__Incertae_Sedis; g__Incertae_Sedis	0.999976377715905
2a55f799cf0f26f71b1040af33ba71ce	d__Bacteria; p__Bacillota; c__Bacilli; o__Erysipelotrichales; f__Erysipelatoclostridiaceae; g__Asteroleplasma	0.999996150948409
9f4623883fe30f7491d1968c18037081	d__Bacteria; p__Pseudomonadota; c__Gammaproteobacteria; o__Enterobacterales; f__Pasteurellaceae; g__Actinobacillus	0.9693270156850425
9f17a4a3072ae47353533158701804d0	d__Bacteria; p__Bacillota; c__Clostridia; o__Oscillospirales; f__Oscillospiraceae; g__UCG-002	0.900435770208659
9026d32f41b87d85155dc2b7de2d3676	d__Bacteria; p__Bacillota; c__Clostridia; o__Lachnospirales; f__Lachnospiraceae	0.9994081641411107
69b34056415c9644890502e1449aa4f7	d__Bacteria; p__Bacillota; c__Clostridia; o__Lachnospirales; f__Lachnospiraceae; g__Lachnospiraceae_UCG-004	0.8000420690550156
6ab21753b65efbbc792ac3e422a6e906	d__Bacteria; p__Pseudomonadota; c__Gammaproteobacteria; o__Pseudomonadales; f__Moraxellaceae; g__Acinetobacter	0.9999707340794657
5fc51abfdf7d1cfdaae8ef475b37864b	d__Bacteria; p__Bacillota; c__Clostridia; o__Clostridiales; f__Clostridiaceae; g__Clostridium	0.9831272552366458
0d852ea3d9af7fdd79c8ae00992452a7	d__Bacteria; p__Bacillota; c__Clostridia; o__Oscillospirales; f__Oscillospiraceae	0.9898070817928445
f6652ec950e73c8c164ed4b428ffcc60	d__Bacteria; p__Bacillota; c__Clostridia; o__Lachnospirales; f__Lachnospiraceae	0.9852112664188579
5eb8a6601543eca5b7c25d756ad74e05	d__Bacteria; p__Bacillota; c__Clostridia; o__Lachnospirales; f__Lachnospiraceae; g__Anaerostipes	0.9948631483170846
8dc6157b6e79cdab2855f22d9fe4d198	d__Bacteria; p__Bacillota; c__Bacilli; o__Lactobacillales; f__Enterococcaceae; g__Enterococcus	0.9888985933061969
a8c29cb81737b94f1f4a2521f7408f58	d__Bacteria; p__Bacteroidota; c__Bacteroidia; o__Bacteroidales	0.8605464620535078
a00d59a0079f132c6e399e4fd125c458	d__Bacteria; p__Bacteroidota; c__Bacteroidia; o__Bacteroidales; f__Tannerellaceae; g__Parabacteroides	0.968744358532854
d231e42447787f7f5bd62c226c2bc7cf	d__Bacteria; p__Actinomycetota; c__Actinobacteria; o__Actinomycetales; f__Actinomycetaceae; g__Schaalia	0.9999999849202085
eb67c243c6ec801b08e310ad51373328	d__Bacteria; p__Bacillota; c__Clostridia; o__Lachnospirales; f__Lachnospiraceae; g__Lachnospiraceae_UCG-004	0.9758396601100533
493e58fb07a9783b855d2b6500516fe9	d__Bacteria; p__Bacillota; c__Clostridia; o__Lachnospirales; f__Lachnospiraceae	0.9998594307226376
11961d85692d951deb0cbe9272620a4d	d__Bacteria; p__Bacillota; c__Clostridia; o__Lachnospirales; f__Lachnospiraceae	0.9994226064110514
ccab7ad855890feead4e024447c22b84	d__Bacteria; p__Bacillota; c__Clostridia; o__Lachnospirales; f__Lachnospiraceae; g__Lachnospiraceae_UCG-004	0.9852938619270292
14f61bc89fd14f1cbf1b8618e1a0c46e	d__Bacteria; p__Bacillota; c__Clostridia; o__Lachnospirales; f__Lachnospiraceae	0.8808763482454913
2a8a9187132b9cd63180feeb344976c2	d__Bacteria; p__Fusobacteriota; c__Fusobacteriia; o__Fusobacteriales; f__Fusobacteriaceae; g__Fusobacterium	0.992995400576526
a900faf8e21ea581b3b286e657deac6a	d__Bacteria; p__Bacillota; c__Clostridia; o__Lachnospirales; f__Lachnospiraceae; g__Lachnospiraceae_UCG-004	0.977333736613333
27730013a83cc14f54d4e3513c44ec61	d__Bacteria; p__Bacillota; c__Clostridia; o__Lachnospirales; f__Lachnospiraceae	0.9998541219186036
d163d8a980f778c6958a29a1618a3bba	d__Bacteria; p__Bacteroidota; c__Bacteroidia	0.735120610149952
f583c457799ddae4c6afa843a7f3e286	d__Bacteria; p__Bacillota; c__Clostridia; o__Eubacteriales; f__Anaerofustaceae; g__Anaerofustis	0.9999918165982001
71cdfae8e8fa2e8918f5db97f0fe52ab	d__Bacteria; p__Pseudomonadota; c__Gammaproteobacteria; o__Burkholderiales; f__Rhodocyclaceae	0.9950036833679544
b493b0e4b88d014dc879f6f8f8bf2cc3	d__Bacteria; p__Bacillota; c__Clostridia; o__Lachnospirales; f__Lachnospiraceae; g__Lachnospiraceae_UCG-008	0.7115813323591096
9a078dbd9b0289c6799a51f8de4c400e	d__Bacteria; p__Bacillota; c__Clostridia; o__Peptostreptococcales-Tissierellales; f__Family_XI; g__Anaerococcus	0.9999999999975842
b3d9d70d5fdc63fda3b22d09967eb646	d__Bacteria; p__Bacteroidota; c__Bacteroidia; o__Bacteroidales; f__Rikenellaceae; g__Alistipes	0.9999697191935321
9b729425b4bb53d2892bfe9dc7b3d1f0	d__Bacteria; p__Bacillota; c__Clostridia; o__Christensenellales; f__Christensenellaceae	0.9274271329567279
6d3b4f8619f871cfd676aa1c0f638f1b	d__Bacteria; p__Bacillota; c__Clostridia; o__Lachnospirales; f__Lachnospiraceae	0.9997892248955353
65d532c28408b8b4cd371875647a21f7	d__Bacteria; p__Bacillota; c__Clostridia; o__Lachnospirales; f__Lachnospiraceae	0.9999273146094362
1bd37de6e07baa97a796d4bc217555cf	d__Bacteria; p__Bacillota; c__Clostridia; o__Lachnospirales; f__Lachnospiraceae	0.9999878014448768
2a51e3fd29d84514f9418c914fae794a	d__Bacteria; p__Pseudomonadota; c__Gammaproteobacteria; o__Enterobacterales; f__Enterobacteriaceae	0.9939772910611379
1106127edc95c4a9c347fe57589a431e	d__Bacteria; p__Bacillota; c__Clostridia; o__Lachnospirales; f__Lachnospiraceae	0.9965955006768423
a838323170ac6efc454ba647e2aefb41	d__Bacteria; p__Bacillota; c__Clostridia; o__Peptostreptococcales-Tissierellales; f__Peptostreptococcaceae; g__Incertae_Sedis	0.760011502573589
d8fe04124e7def749c47ae0393bdb331	d__Bacteria; p__Bacillota; c__Clostridia; o__Peptococcales; f__Peptococcaceae; g__Incertae_Sedis	0.9953563269396184
41776b72a710e4017c64d0ecfbd57f90	d__Bacteria; p__Bacillota; c__Clostridia; o__Lachnospirales; f__Lachnospiraceae	0.9998473148416767
6edd7d3c731cffc6910ce14b8e1167bc	d__Bacteria; p__Bacillota; c__Clostridia; o__Lachnospirales; f__Lachnospiraceae	0.997190346090631
ad417356c5c0e038fd851387cf16e35d	d__Bacteria; p__Bacillota; c__Clostridia; o__Lachnospirales; f__Lachnospiraceae; g__Lachnospiraceae_UCG-004	0.7373694460687793
9f7c74bf2c05a4f808dcc097f012d3c2	d__Bacteria; p__Actinomycetota; c__Actinobacteria; o__Mycobacteriales; f__Corynebacteriaceae; g__Corynebacterium	0.999966798531729
234f94167b842e93670781ddf20a64a7	d__Bacteria; p__Bacillota; c__Clostridia; o__Lachnospirales; f__Lachnospiraceae	0.998461239092636
bf4728761393a7971699c6b5e9f2a860	d__Bacteria; p__Bacillota; c__Clostridia; o__Lachnospirales; f__Lachnospiraceae; g__Lachnospiraceae_UCG-008	0.8552292571052175
d7fb58bbee223e2b28edc29e03f9f285	d__Bacteria; p__Bacillota; c__Clostridia; o__Lachnospirales; f__Lachnospiraceae	0.9986923175118458
93fd46b9451c8013e796473ea0f87afc	d__Bacteria; p__Pseudomonadota; c__Gammaproteobacteria; o__Burkholderiales; f__Sutterellaceae; g__Sutterella	0.9999986879483568
53a7a828b88a95b347b92ab41a905957	d__Bacteria; p__Bacillota; c__Clostridia; o__Lachnospirales; f__Defluviitaleaceae; g__Defluviitaleaceae_UCG-011	0.9999990961132531
34ca21e26c10b09a74088afb15864c72	d__Bacteria; p__Bacillota; c__Clostridia; o__Lachnospirales; f__Lachnospiraceae	0.9996067733875429
8444bb1a268ae43ebb288bd0da49eb40	d__Bacteria; p__Bacillota; c__Clostridia; o__Oscillospirales; f__Ruminococcaceae; g__Faecalibacterium	0.8285647370937084
3c07f755ac3d24984ca0091dc5b91384	d__Bacteria; p__Bacteroidota; c__Bacteroidia; o__Bacteroidales; f__Prevotellaceae; g__Prevotella	0.9999367392783675
1f6f57d66ea70161b05db3f1eed89c1f	d__Bacteria; p__Bacillota; c__Clostridia; o__Oscillospirales; f__Oscillospiraceae	0.9954210352999097
93a097f158e4163c46dbf0d45cbf5609	d__Bacteria; p__Bacillota; c__Clostridia; o__Oscillospirales; f__Ruminococcaceae; g__Acutalibacter	0.973687905962915
5de3974b8d2ce5c460f4beeefab29165	d__Bacteria; p__Bacteroidota; c__Bacteroidia	0.9480333046054797
c57349bbb3a6611f3ff632a757a832c4	d__Bacteria; p__Pseudomonadota; c__Alphaproteobacteria; o__Sphingomonadales; f__Sphingomonadaceae	0.999999998602489
0c3e6e8b57ad6347417356ab909df4a8	d__Bacteria; p__Bacillota; c__Clostridia; o__Lachnospirales; f__Lachnospiraceae	0.9967646879940788
0e7bbe0a83b2eb5aaf4bf88b4e49c885	d__Bacteria; p__Bacillota; c__Clostridia; o__Oscillospirales; f__Ruminococcaceae; g__Hydrogenoanaerobacterium	0.8600906265401904
06c85503b39ba34ef6f6380f432c28dd	d__Bacteria; p__Bacillota; c__Clostridia; o__Oscillospirales; f__Ruminococcaceae; g__Fournierella	0.9530206191026409
b0a97269b531758c0fe08fcfc72b9226	d__Bacteria; p__Bacteroidota; c__Bacteroidia; o__Bacteroidales; f__Prevotellaceae; g__Incertae_Sedis	0.9912510799977893
1d06b185cd3e35ddaac95156ac92e39c	d__Bacteria; p__Bacteroidota; c__Bacteroidia; o__Bacteroidales; f__Prevotellaceae; g__Segatella	0.9991674197527822
31812f620d75e6efb69ca6e532eeb449	d__Bacteria; p__Bacillota; c__Clostridia; o__Peptostreptococcales-Tissierellales; f__Family_XI; g__Anaerococcus	0.9999999999975557
433de28ba5f6adee2f436f875ed10a23	d__Bacteria; p__Bacillota; c__Negativicutes; o__Veillonellales-Selenomonadales; f__Veillonellaceae; g__Incertae_Sedis	0.9928609933763602
b96be71e8878a49c41067f548b1efbb1	d__Bacteria; p__Bacillota; c__Clostridia; o__Clostridia_vadinBB60_group; f__Incertae_Sedis; g__Incertae_Sedis	0.9999928311673928
d13aee5c2e71778a4cb79a9d5657339c	d__Bacteria; p__Bacillota; c__Clostridia; o__Lachnospirales; f__Lachnospiraceae; g__Lachnospira	0.9880017386875853
24df0ccbb7772c509a84ebcfb3289ec6	d__Bacteria; p__Bacillota; c__Clostridia; o__Lachnospirales; f__Lachnospiraceae; g__Lachnospiraceae_UCG-004	0.9258055908841928
ad822fac7f3d2c0d422b1c7896cd138e	d__Bacteria; p__Bacillota; c__Clostridia; o__Lachnospirales; f__Lachnospiraceae; g__Lachnospiraceae_UCG-004	0.799549564572049
cc44c07329465f35e7555bb45e952702	d__Bacteria; p__Pseudomonadota; c__Gammaproteobacteria; o__Enterobacterales; f__Succinivibrionaceae	0.9987652416363535
870dd63d292011878d7dab305ced784b	d__Bacteria; p__Bacteroidota; c__Bacteroidia; o__Bacteroidales; f__Barnesiellaceae; g__Coprobacter	0.999999999766672
5ff5da43c514a9b1e1fa48f95ad2393b	d__Bacteria; p__Bacillota; c__Clostridia; o__Lachnospirales; f__Lachnospiraceae	0.9999995234638633
6b8307c8067295b1a2e71b43697f752a	d__Bacteria; p__Bacillota; c__Clostridia; o__Lachnospirales; f__Lachnospiraceae	0.9999973601422643
270f031fabc820eb0256e9b74d6847f5	d__Bacteria; p__Bacteroidota; c__Bacteroidia; o__Bacteroidales; f__Prevotellaceae; g__Prevotellaceae_UCG-001	0.9940806062702355
cef4554fc58854f19f775364aaf3f260	d__Bacteria; p__Bacillota; c__Clostridia; o__Lachnospirales; f__Lachnospiraceae	0.9998787680735929
d1adfafac7b85d7bb971bd1e7775be28	d__Bacteria; p__Pseudomonadota; c__Alphaproteobacteria; o__Hyphomicrobiales; f__Rhizobiaceae	0.9997602109552844
308fe940be2b87760fefcab2e513f03a	d__Bacteria; p__Actinomycetota; c__Actinobacteria; o__Mycobacteriales; f__Corynebacteriaceae; g__Corynebacterium	0.9997104787303315
1d5efa8ef764801692a8fe1a7fcd486d	d__Bacteria; p__Bacillota; c__Clostridia; o__Lachnospirales; f__Lachnospiraceae; g__Dorea	0.9661106650073156
55b11d65f9633b4bc8622c8ad4cd1b07	d__Bacteria; p__Fusobacteriota; c__Fusobacteriia; o__Fusobacteriales; f__Fusobacteriaceae; g__Fusobacterium	0.9999604405045285
af31a3fae6aeed8a5340f5f5311d63ee	d__Bacteria; p__Bacillota; c__Clostridia; o__Lachnospirales; f__Lachnospiraceae	0.9990404022867763
613acc034a49f722825d2d420c5197b0	d__Bacteria; p__Bacillota; c__Clostridia; o__Lachnospirales; f__Lachnospiraceae; g__Cellulosilyticum	0.9999946193534248
a03cba7dd2899fa55cc5da6572126d74	d__Bacteria; p__Bacillota; c__Clostridia; o__Lachnospirales; f__Lachnospiraceae; g__Lachnospiraceae_UCG-004	0.8526696172638952
d79dd4646c45bda770d13f3bf8d55d8b	d__Bacteria; p__Bacillota; c__Clostridia; o__Lachnospirales; f__Lachnospiraceae	0.999773600191546
5539bbd9b6e4a352f11ea90338d7558c	d__Bacteria; p__Pseudomonadota; c__Alphaproteobacteria; o__Sphingomonadales; f__Sphingomonadaceae	0.999999975898293
6fce2272bef822a8607655122e32bb38	d__Bacteria; p__Bacillota; c__Clostridia; o__Lachnospirales; f__Lachnospiraceae	0.9922971679140515
b7cb849e0708a5bfaad8adcef20f6817	d__Bacteria; p__Bacillota; c__Bacilli; o__Lactobacillales; f__Streptococcaceae; g__Streptococcus	0.9998769465610694
4eda9be2c0715728a98a3faa0a73df1f	d__Bacteria; p__Bacteroidota; c__Bacteroidia; o__Bacteroidales; f__Porphyromonadaceae; g__Porphyromonas	0.9926753715978175
4e79c5917fc90bab8bc8858e744b98a8	d__Bacteria; p__Bacteroidota; c__Bacteroidia; o__Bacteroidales; f__Prevotellaceae	0.9999998858322434
31ae51d8757629f6fad7050fd3286d98	d__Eukaryota	0.9433118252073244
3f79655d16b1b40bec4ff43bfb00280c	Unassigned	0.3745571349124096
6e78cd2770b245c09e4cc69e52b8955f	d__Bacteria; p__Bacillota; c__Clostridia; o__Clostridia_UCG-014; f__Incertae_Sedis; g__Incertae_Sedis	0.9999999999875371
f0b6cc5734525b2f791498151f29cee8	d__Bacteria; p__Actinomycetota; c__Actinobacteria; o__Micrococcales; f__Micrococcaceae; g__Rothia	0.9999998899227113
84c4b0cc68302a0db2766b5ae9bf5509	d__Bacteria; p__Bacillota; c__Clostridia; o__Oscillospirales; f__Oscillospiraceae; g__Oscillibacter	0.9814266440543159
74d7a53f838c00b57f651a1aedba905f	d__Bacteria; p__Bacillota; c__Clostridia; o__Lachnospirales; f__Lachnospiraceae	0.9999858896063867
a341f142dfb4a638c987970b700c55ed	d__Bacteria; p__Bacillota; c__Clostridia; o__Peptostreptococcales-Tissierellales; f__Peptostreptococcaceae	0.999740985478413
9d464dfb070455a4376c56a813a3aa98	d__Bacteria; p__Bacillota; c__Clostridia; o__Peptostreptococcales-Tissierellales; f__Anaerovoracaceae; g__S5-A14a	0.9999993998520249
c5b7671d33c9fc0bcd0603dc7aae1def	d__Bacteria; p__Bacteroidota; c__Bacteroidia; o__Bacteroidales; f__Tannerellaceae; g__Parabacteroides	0.9882731803950268
37ac94a09f724fab52ac327f5ddb0fcd	d__Bacteria; p__Bacillota; c__Clostridia; o__Lachnospirales; f__Lachnospiraceae	0.9970436665527295
8f3a314f4c3e7db579a531800ad17aba	d__Bacteria; p__Bacillota; c__Clostridia; o__Lachnospirales; f__Lachnospiraceae	0.9997687344121019
7fb6c4b9a4a3353973a266b941307acd	d__Bacteria; p__Bacillota; c__Clostridia; o__Oscillospirales; f__Oscillospiraceae; g__Colidextribacter	0.8258865222986999
c480684ca32e43b3035ba74c8f7830e3	Unassigned	0.7823594409525663
7a3ec45e0ffd249a0ad4075cc0a4cc2d	d__Bacteria; p__Verrucomicrobiota; c__Verrucomicrobiia; o__Verrucomicrobiales; f__Akkermansiaceae; g__Akkermansia	0.9999916383025327
6dea84c754023916886fe67c768a292f	d__Bacteria	0.9999999999636989
be44a8db08eb7bab45c64f9f5939e0c5	d__Bacteria; p__Bacillota; c__Clostridia; o__Lachnospirales; f__Lachnospiraceae	0.9481815066532926
642872b44d514cd446ae1e821eb4142b	d__Bacteria; p__Bacillota; c__Clostridia; o__Clostridia_UCG-014; f__Incertae_Sedis; g__Incertae_Sedis	0.9999999993826663
6ac464b249b6e00793cda309d99361de	d__Bacteria; p__Bacillota; c__Clostridia; o__Lachnospirales; f__Lachnospiraceae	0.9999935813008817
4f3147fb2b35455b85e9798f858269da	d__Bacteria; p__Bacillota; c__Clostridia; o__Lachnospirales; f__Lachnospiraceae; g__Lachnospiraceae_UCG-004	0.9805686740236303
643f40cabd4a5c4ac5ae8ed891198915	d__Bacteria; p__Bacillota; c__Clostridia; o__Lachnospirales; f__Lachnospiraceae	0.9999102429348661
cb2ac6a6ba500ea6248b3d605630cace	d__Bacteria; p__Bacillota; c__Clostridia; o__Oscillospirales; f__Ruminococcaceae; g__Ruminococcus	0.9980635936527618
7e317d426a9c1aace5157e25fda4a431	d__Bacteria; p__Bacillota; c__Clostridia; o__Lachnospirales; f__Lachnospiraceae; g__Blautia	0.7959523054034622
a10b4c19075ad31be5c75c7f5f8e8dbf	d__Bacteria; p__Bacillota; c__Clostridia; o__Oscillospirales; f__Ruminococcaceae; g__Ruminococcus	0.9738319127473156
08e40aa85159316893a8cce0e0f0c7a8	d__Bacteria; p__Bacillota; c__Clostridia; o__Lachnospirales; f__Lachnospiraceae	0.9999858974868826
f37171cff371567eda3af13b2d00ef9d	Unassigned	0.41127701675191597
5792b13f644dce17955aaf7fb67f141d	d__Bacteria; p__Bacillota; c__Clostridia; o__Clostridia_vadinBB60_group; f__Incertae_Sedis; g__Incertae_Sedis	0.9998184540305025
6c3c3e40d64a471cdac93b74e51fd023	d__Bacteria; p__Bacillota; c__Clostridia; o__Lachnospirales; f__Lachnospiraceae	0.9999205377369617
9fff5aff96b4d3d58073d67b7c4f9fe6	d__Bacteria	0.9999999998189042
1b30f6a6b25104911535d63511a2df5f	d__Bacteria; p__Bacillota; c__Clostridia; o__Oscillospirales; f__Ruminococcaceae; g__Faecalibacterium	0.9906583743016322
2c3068b3a2c8f1c273bcf7a4e6caa9f3	d__Bacteria; p__Bacteroidota; c__Bacteroidia; o__Bacteroidales; f__Prevotellaceae; g__Prevotellaceae_NK3B31_group	0.8938298562849462
3c39e775b569a00b53cf68243a03b3f3	d__Bacteria; p__Bacillota; c__Clostridia; o__Lachnospirales; f__Lachnospiraceae; g__Blautia	0.718773983634739
d1f6fe1a36e8cd75ead38789f51fe3ec	d__Bacteria; p__Bacteroidota; c__Bacteroidia; o__Bacteroidales; f__Rikenellaceae; g__Alistipes	0.9999914715080984
94fca9e2850c1083f19b1c559ab0c83c	d__Bacteria; p__Bacillota; c__Clostridia; o__Oscillospirales; f__Ruminococcaceae; g__Faecalibacterium	0.8775099773552842
394eac987073de379b880a050e90065e	d__Bacteria; p__Pseudomonadota; c__Alphaproteobacteria; o__Rhodospirillales; f__Incertae_Sedis; g__Incertae_Sedis	0.9999783583617473
9463d145826e0c0d6574e192c16b5b60	d__Bacteria; p__Bacillota; c__Clostridia; o__Lachnospirales; f__Lachnospiraceae; g__Lachnospiraceae_NK4A136_group	0.7063873301397294
70f00433b9545c5a042afab990d4b650	d__Bacteria; p__Bacteroidota; c__Bacteroidia; o__Bacteroidales; f__Bacteroidaceae; g__Bacteroides	0.9999199808385396
f2f28514582defee6aba2cffe1fd72f7	d__Bacteria; p__Bacillota; c__Clostridia; o__Lachnospirales; f__Lachnospiraceae	0.999977121846765
b48df01851373024fdd61984c5a9f1c5	d__Bacteria	0.9999981734221958
0b97fa9924ddde7934405afc7a4ee6f4	d__Bacteria; p__Bacillota; c__Clostridia; o__Lachnospirales; f__Lachnospiraceae	0.9999998111589837
886538fa660ce5168b70279793b863e8	d__Bacteria; p__Bacillota; c__Clostridia; o__Clostridiales; f__Clostridiaceae; g__Clostridium	0.9704142431591248
183dc723f1004ac2eca75969f21c5b9a	d__Bacteria; p__Bacillota; c__Clostridia; o__Lachnospirales; f__Lachnospiraceae	0.999977555153517
e6bee62019bbbbba173ea1a9cef968b5	d__Bacteria; p__Bacteroidota; c__Bacteroidia; o__Bacteroidales; f__Bacteroidaceae; g__Bacteroides	0.9997244972709345
b5402437a93b72207c99f8e23aae1ebd	d__Bacteria; p__Bacillota; c__Clostridia; o__Peptostreptococcales-Tissierellales; f__Family_XI; g__Parvimonas	0.9999997291705338
6b31d6f4944ec996963b1d90796c1794	d__Bacteria; p__Pseudomonadota; c__Gammaproteobacteria; o__Burkholderiales; f__Comamonadaceae	0.9999999148053451
466120520532badcb33510217c73c59c	d__Bacteria; p__Bacillota; c__Clostridia; o__Christensenellales; f__Christensenellaceae; g__Christensenellaceae_R-7_group	0.9989071920703979
d4eb1daa77398d26f0df4a22c81b6774	d__Bacteria; p__Bacillota; c__Clostridia; o__Christensenellales; f__Christensenellaceae; g__Christensenellaceae_R-7_group	0.9833112260589001
9c0188ae579c8f5d24d0fdbde25b2c10	d__Bacteria; p__Bacillota; c__Clostridia; o__Oscillospirales; f__[Eubacterium]_coprostanoligenes_group; g__Incertae_Sedis	0.9994198840317196
427f902fc90c5010f94ffb3764125130	d__Bacteria; p__Bacillota; c__Clostridia; o__Lachnospirales; f__Lachnospiraceae; g__Lachnospiraceae_UCG-004	0.9948485515431111
bb5e3080da22d1dbe964459ef4f5cf90	d__Bacteria; p__Bacillota; c__Bacilli; o__Lactobacillales	0.9999999998662766
537db03624fab873ff1b55de67e4eb01	d__Bacteria; p__Bacillota; c__Clostridia; o__Clostridia_UCG-014; f__Incertae_Sedis; g__Incertae_Sedis	0.9999973419105515
ae0ff8ada6e993343fe24461de6c3f99	d__Bacteria; p__Bacillota; c__Clostridia; o__Lachnospirales; f__Lachnospiraceae	0.9999843752545674
182b86923431525e3f7b81817c0b62a3	d__Bacteria; p__Bacillota; c__Clostridia; o__Oscillospirales; f__Oscillospiraceae; g__UCG-005	0.9325916494392981
b084ec9d807fe674fadd38dccbde5804	d__Bacteria; p__Actinomycetota; c__Coriobacteriia; o__Coriobacteriales; f__Eggerthellaceae; g__Eggerthella	0.99995351395029
09b9fc9704ae01459b3c7bc6d056ad2c	d__Bacteria; p__Bacillota; c__Bacilli; o__Erysipelotrichales; f__Erysipelatoclostridiaceae; g__UCG-004	0.9526124214740205
99b0eb0eed299d3088bf3ede39ffff01	d__Bacteria; p__Spirochaetota; c__Spirochaetia; o__Spirochaetales; f__Spirochaetaceae; g__Sphaerochaeta	0.9999994403050895
0988083b96fdb54943a54f5c840b9de9	d__Bacteria; p__Bacillota; c__Clostridia; o__Oscillospirales; f__Ruminococcaceae; g__Faecalibacterium	0.9536743532238366
90327f56ed31d06123cc259735b78676	d__Bacteria; p__Bacillota; c__Clostridia; o__Oscillospirales; f__Ruminococcaceae; g__Faecalibacterium	0.9812071769369562
5a358f5fdf5b7508671b77902caf5c4f	d__Bacteria; p__Bacillota; c__Clostridia; o__Lachnospirales; f__Lachnospiraceae; g__Lachnospiraceae_UCG-004	0.9907773030170717
a5b6b0b535e845fac2520bb754872539	d__Bacteria; p__Bacillota; c__Bacilli; o__RF39; f__Incertae_Sedis; g__Incertae_Sedis	0.9999999999804317
a5bcd4d0001c8fa15168adede01486b5	d__Bacteria; p__Bacillota; c__Clostridia; o__Lachnospirales; f__Lachnospiraceae	0.9999991834344055
c7a5e05ce0af8590e6a35b86fb0c847f	d__Bacteria; p__Bacillota; c__Clostridia; o__Christensenellales; f__Christensenellaceae; g__Christensenellaceae_R-7_group	0.9774523176255818
f67a0c90181d9782727f0e60c12d642f	d__Bacteria; p__Bacillota; c__Clostridia; o__Lachnospirales; f__Lachnospiraceae; g__Lachnospiraceae_UCG-008	0.8002820970181427
24cb52276c852f0d58e68ccc271375fb	d__Bacteria; p__Bacillota; c__Clostridia; o__Lachnospirales; f__Lachnospiraceae; g__Lachnospiraceae_UCG-008	0.7703056186266787
78c72a85f8c940a84ea836c0855400f1	d__Bacteria; p__Actinomycetota; c__Coriobacteriia; o__Coriobacteriales; f__Eggerthellaceae; g__Senegalimassilia	0.9999999985758592
f09e8d6fa29b130e1e5ae74c45cc2d71	d__Bacteria; p__Bacillota; c__Clostridia; o__Lachnospirales; f__Lachnospiraceae	0.9999990547153905
20d10e8f136467b1d791269006bb8c03	d__Bacteria; p__Bacillota; c__Clostridia; o__Oscillospirales; f__Oscillospiraceae	0.9527522777983427
0e271a990f5af046925b8faf7bb031b5	d__Bacteria; p__Verrucomicrobiota; c__Lentisphaeria; o__Victivallales; f__Victivallaceae; g__Victivallis	0.9999977410958754
f994ca72b7b3b3bf3fe39d844108f10d	d__Bacteria; p__Bacillota; c__Clostridia; o__Oscillospirales; f__Ruminococcaceae; g__Negativibacillus	0.9995721941339407
33ee3f522095399bedddaa74ec57dd2f	d__Bacteria; p__Bacillota; c__Clostridia; o__Oscillospirales; f__UCG-010; g__Incertae_Sedis	0.9999041674877611
851315e4e9369c95dad28f84a75f701b	d__Bacteria; p__Bacillota; c__Clostridia; o__Lachnospirales; f__Lachnospiraceae; g__Lachnospiraceae_UCG-004	0.976189762710002
6edfdd161509639bec36acbb86553ef7	d__Eukaryota	0.7803867908368165
aea1bd8b56a90f71537d5d5f8a2d83d0	d__Bacteria; p__Bacillota; c__Clostridia; o__Christensenellales; f__Christensenellaceae; g__Christensenellaceae_R-7_group	0.9883822809284414
c082124446bce4aeb291cfa45fb739cd	d__Bacteria; p__Bacillota; c__Clostridia; o__Lachnospirales; f__Lachnospiraceae	0.9937106468649803
10732e04c0114713bd955a3e9ed49691	d__Bacteria; p__Bacillota; c__Clostridia; o__Oscillospirales; f__[Eubacterium]_coprostanoligenes_group; g__Incertae_Sedis	0.9999633458848679
cd679701de95f01d7b9ceb80044a8c45	d__Bacteria; p__Bacillota; c__Clostridia; o__Oscillospirales; f__Ruminococcaceae; g__Angelakisella	0.9994650051537246
67720b32ab33cbba90efde29adb87b81	d__Bacteria; p__Bacillota; c__Bacilli; o__Lactobacillales; f__Aerococcaceae; g__Facklamia	0.9997736509884843
7b30c5d4ff0f9fd84f7c04163e10630f	d__Bacteria; p__Bacillota; c__Clostridia; o__Oscillospirales; f__Butyricicoccaceae; g__Agathobaculum	0.9999422580892162
c9c85a88583ce0b8f5a415202e478653	d__Bacteria; p__Bacillota; c__Clostridia; o__Clostridia_vadinBB60_group; f__Incertae_Sedis; g__Incertae_Sedis	0.9999999751915286
45dde92fa73f2bdb73ba7d06f831fb39	d__Bacteria; p__Bacillota; c__Clostridia; o__Lachnospirales; f__Lachnospiraceae; g__Howardella	0.9999997043834281
2bc0659e85c483133cfea7ea880f18b2	d__Bacteria; p__Bacillota; c__Bacilli; o__Erysipelotrichales; f__Erysipelatoclostridiaceae; g__Asteroleplasma	0.9999999999998579
4bab58479745a387789aecfcec12bfb0	d__Bacteria; p__Bacillota; c__Clostridia; o__Lachnospirales; f__Lachnospiraceae; g__Incertae_Sedis	0.7701633666700889
b2db0046690844a999729f51bfdc9cec	d__Bacteria; p__Actinomycetota; c__Actinobacteria; o__Bifidobacteriales; f__Bifidobacteriaceae; g__Bifidobacterium	0.9999996618546877
92646dbcaf0f0767e6961e4d72310cd8	d__Bacteria; p__Bacillota; c__Clostridia; o__Clostridia_vadinBB60_group; f__Incertae_Sedis; g__Incertae_Sedis	0.9999972156708419
be5e4d32b1fa727e78d6f15d12e21130	d__Eukaryota	0.8023112882983127
64d61f403cab688e3624a8af532053dd	d__Bacteria; p__Bacillota; c__Clostridia; o__Lachnospirales; f__Lachnospiraceae	0.8456597861295115
1473d333ec57dc9e268a666f5369fa6b	d__Bacteria; p__Pseudomonadota; c__Gammaproteobacteria; o__Burkholderiales; f__Sutterellaceae; g__Sutterella	0.8733912304993768
f2ef387808e871ed616ebd17de1d77cc	d__Bacteria; p__Bacillota; c__Clostridia; o__Oscillospirales; f__[Eubacterium]_coprostanoligenes_group; g__Incertae_Sedis	0.8512202740670958
e55751e7dded8c7f81dbfbbda47aa6fb	d__Eukaryota	0.7598728600407412
545d98f1739a6e21457808c20e84e316	d__Eukaryota	0.9185346337057916
4e180d4357deaf8d93c2639f0d266da4	d__Bacteria; p__Bacillota; c__Clostridia; o__Peptococcales; f__Peptococcaceae; g__Peptococcus	0.9999999691318355
b26b629426013f9652b711dd19c82ebd	d__Bacteria; p__Actinomycetota; c__Coriobacteriia; o__Coriobacteriales; f__Eggerthellaceae; g__CHKCI002	0.9159938501462574
f43e68a21305803539174d956bca947c	d__Bacteria; p__Bacillota; c__Negativicutes; o__Acidaminococcales; f__Acidaminococcaceae; g__Acidaminococcus	0.8685573540491544
bcf48fcb95ee31d9e3283cdd0cd67258	d__Bacteria; p__Bacillota; c__Clostridia; o__Lachnospirales; f__Lachnospiraceae; g__[Eubacterium]_oxidoreducens_group	0.9943870057900687
fe5d073ac71176f207fc03c23acc8aa9	d__Bacteria; p__Bacillota; c__Clostridia; o__Lachnospirales; f__Lachnospiraceae	0.9894215424812339
706ed59996d8a053f03f37ce217cb57c	d__Bacteria; p__Bacillota; c__Clostridia; o__Oscillospirales; f__Oscillospiraceae	0.7004608039149555
8d3f89e9e695fb0f1920c44c67ea417c	d__Bacteria; p__Bacillota; c__Clostridia; o__Lachnospirales; f__Lachnospiraceae; g__[Eubacterium]_oxidoreducens_group	0.9931269281279211
d6d734977637d9d33bf600e214b08b79	d__Bacteria; p__Bacillota; c__Clostridia; o__Lachnospirales; f__Lachnospiraceae	0.9986797916379788
438adbb4b45fff725ef1e4cb3db0ce79	d__Bacteria; p__Bacillota; c__Clostridia; o__Peptococcales; f__Peptococcaceae; g__Incertae_Sedis	0.706434496053044
5d21bd517c378d4498546f8d16f78ee3	d__Bacteria; p__Bacillota; c__Clostridia	0.9896621568914988
391e182d756e4b6e1338b14537e590ac	d__Bacteria; p__Bacillota; c__Clostridia; o__Oscillospirales; f__Ruminococcaceae; g__Incertae_Sedis	0.9772073788995165
d2149e474cf1f6d8195a6cefcbdff601	d__Bacteria; p__Bacillota; c__Clostridia; o__Lachnospirales; f__Lachnospiraceae; g__Lachnospiraceae_UCG-004	0.7049612533180254
fd0ca0c154c4d5b98551b06f0e4b5003	d__Bacteria; p__Bacillota; c__Bacilli; o__Lactobacillales; f__Aerococcaceae; g__Abiotrophia	0.9963387723198275
1a57edaa6b13a488bcd6538b70147d3c	d__Bacteria; p__Pseudomonadota; c__Gammaproteobacteria; o__Burkholderiales; f__Sutterellaceae; g__Sutterella	0.9999988837587898
d9ccdab23c5ef5e64b1bbc043ef4606d	d__Bacteria; p__Actinomycetota; c__Actinobacteria; o__Micrococcales; f__Brevibacteriaceae; g__Brevibacterium	0.999939265947407
e0f266e9bd90bf1b92678bcb29ea4e64	d__Bacteria; p__Actinomycetota; c__Coriobacteriia; o__Coriobacteriales; f__Eggerthellaceae; g__Senegalimassilia	0.999999983330568
122f4af21911b8524016197f232ae75c	d__Bacteria; p__Bacillota; c__Bacilli; o__Bacillales; f__Bacillaceae; g__Anoxybacillus	0.9998914733222353
4cbf57013179a45cf0bc8e533d8d7c12	d__Bacteria; p__Bacillota; c__Clostridia; o__Oscillospirales; f__Ruminococcaceae	0.9113800979232477
d71cbaf65d735d1b65e0f4722e6b007c	d__Bacteria; p__Bacteroidota; c__Bacteroidia; o__Bacteroidales; f__Bacteroidaceae; g__Bacteroides	0.9063468978870046
cba9f403c0ee5314903edf5e63f1210a	d__Bacteria; p__Bacteroidota; c__Bacteroidia; o__Bacteroidales; f__Prevotellaceae	0.9999999976438356
2a609eba07478c452e24124535d8c2c0	d__Bacteria; p__Bacillota; c__Clostridia; o__Peptostreptococcales-Tissierellales; f__Peptostreptococcaceae; g__Romboutsia	0.7082556718847873
6b61e04d49001ee6751c77b208b02514	Unassigned	0.5536351980852711
a3c611a6162ea4db814d5a22de715211	d__Bacteria; p__Bacillota; c__Clostridia; o__Oscillospirales; f__Ruminococcaceae; g__Faecalibacterium	0.9549897130092062
1b859a07caaf63f25135a550f147b343	d__Bacteria; p__Bacteroidota; c__Bacteroidia; o__Bacteroidales; f__Bacteroidaceae; g__Bacteroides	0.9995063979929577
46921e2d722fc67a1656c240bd120b0e	d__Bacteria; p__Bacteroidota; c__Bacteroidia; o__Bacteroidales; f__Bacteroidaceae; g__Bacteroides	0.9999970632998361
51375f7cccdd7ed1f43c31f937d004a5	d__Bacteria; p__Bacillota; c__Bacilli; o__Lactobacillales; f__Lactobacillaceae; g__Latilactobacillus	0.999989359977949
3dc99bb580d540981774eb84316c9aa9	d__Bacteria; p__Bacillota; c__Bacilli; o__Staphylococcales; f__Staphylococcaceae; g__Staphylococcus	0.9866980422592098
6b44fb871632ceb4a1dfa415dd15de61	d__Eukaryota	0.7455934060380763
d7c7726fc8160c0b2e5feaa23836d066	d__Bacteria; p__Bacillota; c__Clostridia; o__Oscillospirales; f__Oscillospiraceae	0.9993972400667284
725e7ba5eff2bfc64244a42337102461	d__Bacteria; p__Bacillota; c__Clostridia; o__Lachnospirales; f__Lachnospiraceae	0.999935263331303
cb4659f34222161f7686df6cd326ab22	d__Bacteria; p__Bacillota; c__Clostridia; o__Lachnospirales; f__Lachnospiraceae; g__Roseburia	0.9457749426323534
58d815408d72b3fb8cd28fb762413c46	d__Bacteria; p__Bacillota; c__Clostridia; o__Oscillospirales; f__Ruminococcaceae	0.992501803243448
90187bcba8e0996813deb5e08875b916	d__Bacteria; p__Bacteroidota; c__Bacteroidia; o__Bacteroidales; f__Prevotellaceae	0.9998763544402869
dce364ebc53b5a122423aa52c47380a0	d__Bacteria; p__Bacillota; c__Clostridia; o__Oscillospirales; f__[Eubacterium]_coprostanoligenes_group; g__Incertae_Sedis	0.9999947290650159
7f83ae4b4bd781e53f9f26bf3e6c5680	d__Bacteria; p__Bacillota; c__Clostridia; o__Peptostreptococcales-Tissierellales; f__Anaerovoracaceae	0.9988732033126025
a666674170cd529fada4f277f875f308	d__Bacteria; p__Pseudomonadota; c__Gammaproteobacteria	0.9181817432972981
119fa07934032dfcb7b9638bfee8d10a	d__Bacteria; p__Bacillota; c__Clostridia; o__Lachnospirales; f__Lachnospiraceae	0.999957794117339
130a99753fd57be2388a234bb6585e1b	d__Bacteria; p__Actinomycetota; c__Actinobacteria; o__Mycobacteriales; f__Corynebacteriaceae; g__Corynebacterium	0.9998860757339464
f4bb51f0adb0302c1f5ff431d7f659df	d__Bacteria; p__Bacillota; c__Clostridia; o__Peptostreptococcales-Tissierellales; f__Peptostreptococcaceae	0.8959223705651227
e0c3c92d0d3e5686d71c73aafd18503d	d__Eukaryota	0.751842265230352
918c2f96f0609793879fd3ac27add354	d__Bacteria; p__Bacillota; c__Clostridia; o__Lachnospirales; f__Lachnospiraceae	0.9999980225940199
fd918ce14fa7eb22d394854cefb85195	d__Bacteria; p__Bacillota; c__Clostridia; o__Oscillospirales; f__Ruminococcaceae	0.9996084051299021
324be1d62a830334402dc4e94b5c8dd5	d__Bacteria; p__Pseudomonadota; c__Gammaproteobacteria; o__Burkholderiales; f__Sutterellaceae; g__Sutterella	0.9996994778860256
c75a2e6789287835ffde14abb21d87a0	d__Bacteria; p__Bacteroidota; c__Bacteroidia; o__Bacteroidales; f__Prevotellaceae; g__Incertae_Sedis	0.9885361549465166
f5635130e4a3e1654da4e5d3d406d5fd	d__Bacteria; p__Bacillota; c__Bacilli; o__Bacillales; f__Bacillaceae; g__Niallia	0.7721988916852781
006f6423ed09ea50c366cb2ae899256c	d__Bacteria; p__Bacillota; c__Clostridia; o__Peptostreptococcales-Tissierellales; f__Peptostreptococcaceae	0.9998590482143739
4468cfb0a48d1dc12fc926d4609da3c7	d__Bacteria; p__Bacillota; c__Clostridia; o__Lachnospirales; f__Lachnospiraceae	0.9989641268631155
30485b714572b92751b94f8cab34ad2f	d__Bacteria; p__Bacteroidota; c__Bacteroidia; o__Bacteroidales; f__Prevotellaceae	0.9999975693899794
3a568f7da1c22bcd5566d3fa188c547f	d__Bacteria; p__Actinomycetota; c__Actinobacteria; o__Micrococcales; f__Intrasporangiaceae	0.9862282134285819
167481e90a3cc6fb9f5e3a652dc7e0a7	d__Bacteria; p__Bacteroidota; c__Bacteroidia; o__Bacteroidales; f__Bacteroidaceae; g__Bacteroides	0.8660249789740475
29fe257cbc9ec526d74f0f7c7c53a885	d__Bacteria; p__Bacillota; c__Clostridia; o__Lachnospirales; f__Lachnospiraceae	0.9999035178659752
24732e1954a14d09bfbe91037ba9577e	d__Bacteria; p__Bacillota; c__Clostridia; o__Lachnospirales; f__Lachnospiraceae	0.999336428887758
6b7ade5f74a08fcdc6ebe4cb4d44f842	d__Bacteria; p__Bacillota; c__Clostridia; o__Oscillospirales; f__Ruminococcaceae; g__Faecalibacterium	0.9771561131525466
b7f512f4d6e2f28924794bd4b68a6247	d__Bacteria; p__Bacteroidota; c__Bacteroidia; o__Bacteroidales; f__Bacteroidaceae; g__Bacteroides	0.9991626039014241
e7dfba6b601ab6f5610396e445fd4a58	d__Bacteria; p__Bacillota; c__Clostridia; o__Oscillospirales; f__UCG-010; g__Incertae_Sedis	0.9996505025738311
65b452571f0d479292f3cc5a87b03bb4	d__Bacteria; p__Bacillota; c__Clostridia; o__Lachnospirales; f__Lachnospiraceae; g__Lachnospiraceae_UCG-004	0.9801089898659299
28e5b5363fee542c2474eb99284e302e	d__Bacteria; p__Bacteroidota; c__Bacteroidia; o__Bacteroidales; f__Bacteroidaceae; g__Bacteroides	0.9847800193075316
6032e6d5139b68ac9604a90e01147514	d__Bacteria; p__Bacillota; c__Bacilli; o__Erysipelotrichales; f__Erysipelatoclostridiaceae; g__UCG-004	0.9999997061029978
bc94be144ea5479438e989bdf4095ac5	d__Bacteria; p__Bacillota; c__Clostridia; o__Oscillospirales; f__Oscillospiraceae	0.9164043348951095
6f22d171489627740e649174051d0744	d__Bacteria; p__Bacillota; c__Clostridia; o__Oscillospirales; f__Oscillospiraceae; g__UCG-005	0.9765215038959687
ca6df3223cdf618980784387c5aca945	d__Bacteria; p__Bacillota; c__Clostridia; o__Lachnospirales; f__Lachnospiraceae; g__Mediterraneibacter	0.9764476172030887
dfc06172fc04511f17a5d62195dd1390	d__Bacteria; p__Actinomycetota; c__Actinobacteria; o__Actinomycetales; f__Actinomycetaceae; g__Schaalia	0.9999999428054184
f1bfb1ca24c5f694f1e107803594a4a0	d__Bacteria; p__Bacillota; c__Clostridia; o__Lachnospirales; f__Lachnospiraceae; g__Lachnospiraceae_UCG-004	0.8567951506365801
cd9548d5e073205d432ca8d72f94c128	d__Bacteria; p__Bacillota; c__Clostridia; o__Lachnospirales; f__Lachnospiraceae	0.9999103199932361
f3c4a3856918d3b60dcf7c105b0c239a	d__Bacteria; p__Bacteroidota; c__Bacteroidia; o__Bacteroidales; f__Bacteroidaceae; g__Bacteroides	0.9999217110972812
e91fc51c7fd70d8c3ef13a8cfde05bfe	d__Bacteria; p__Bacillota; c__Clostridia; o__Lachnospirales; f__Lachnospiraceae	0.9792654358436628
799aed79d7e1e72f774cfcbaec964073	d__Bacteria; p__Bacillota; c__Clostridia; o__Lachnospirales; f__Lachnospiraceae	0.9971060875620883
8f98de9e8ca564f84cd15213731eff15	d__Bacteria; p__Bacillota; c__Negativicutes; o__Veillonellales-Selenomonadales; f__Selenomonadaceae; g__Mitsuokella	0.9999983665265103
b7b1105a2318770f73f1ae9182e8f910	d__Bacteria; p__Thermodesulfobacteriota; c__Desulfovibrionia; o__Desulfovibrionales; f__Desulfovibrionaceae; g__Mailhella	0.9614111789169715
d9eed0c318aa487679b38eebda3d7cda	d__Eukaryota	0.808631423008126
deb453f197347dd6c23c1f30f2b6d2ca	d__Bacteria; p__Fusobacteriota; c__Fusobacteriia; o__Fusobacteriales; f__Leptotrichiaceae; g__Pseudoleptotrichia	0.9619306482484019
ad7839f3e773bbd65edf2bf0cb59ca02	d__Bacteria; p__Bacillota; c__Clostridia; o__Oscillospirales; f__Ruminococcaceae; g__Faecalibacterium	0.9384225917885016
e72457e808158efa8d243031b663b3f9	d__Bacteria; p__Bacillota; c__Bacilli; o__Erysipelotrichales; f__Erysipelotrichaceae; g__Holdemania	0.9999997461607999
f03fe4e39ccceea98c726975ac65ef92	d__Bacteria; p__Bacillota; c__Clostridia; o__Lachnospirales; f__Lachnospiraceae	0.9999906416209218
babda08cb5f41a7dba5409394391f449	d__Bacteria; p__Bacillota; c__Clostridia; o__Lachnospirales; f__Lachnospiraceae	0.9992723260367069
e7e818444c26a5225994a430ec321421	d__Bacteria; p__Bacillota; c__Clostridia	0.9999481870302934
fe664cbe411fd87c2d6ec84ebc5f8d3d	d__Bacteria; p__Bacillota; c__Clostridia; o__Lachnospirales; f__Lachnospiraceae; g__Lachnospiraceae_UCG-004	0.7181217837046884
c0f49b56d3e705e36bcd09fc88f57316	d__Bacteria; p__Bacillota; c__Clostridia; o__Oscillospirales; f__Ruminococcaceae; g__Faecalibacterium	0.9258011331957908
0f376f07c99380cab39a13316649fe39	d__Bacteria; p__Bacillota; c__Clostridia; o__Clostridia_UCG-014; f__Incertae_Sedis; g__Incertae_Sedis	0.9999999999883471
0133acd57b6a2fb6516bf675b13664ae	d__Bacteria; p__Fusobacteriota; c__Fusobacteriia; o__Fusobacteriales; f__Leptotrichiaceae; g__Sneathia	0.9999992011649461
892ab842f629d9ad25bbbc788d872e35	d__Bacteria; p__Bacillota; c__Clostridia; o__Lachnospirales; f__Lachnospiraceae	0.9999668167348149
f1aba92924f8e6351d3937d54ebd031d	d__Bacteria; p__Bacillota; c__Clostridia; o__Lachnospirales; f__Lachnospiraceae	0.9997664005328619
8b99e5e6ef915cff10f6e9cc1b8d1062	d__Bacteria; p__Bacteroidota; c__Bacteroidia; o__Bacteroidales; f__Rikenellaceae; g__Alistipes	0.997989774560474
7c5e1187b11d34c267710a3c3c4bd51c	d__Bacteria; p__Bacteroidota; c__Bacteroidia; o__Bacteroidales; f__Prevotellaceae; g__Segatella	0.9992375642412276
f87cf78d0054cdc2d10134eaa7331ba8	d__Bacteria; p__Bacillota; c__Clostridia; o__Lachnospirales; f__Lachnospiraceae	0.9991011931092159
832e7e7119a2c53c3fc7a828d5fe51e7	Unassigned	0.8000774743027456
043c80a511f5d7c7960fc96d47b7a9a0	d__Bacteria; p__Bacillota; c__Clostridia; o__Christensenellales; f__Christensenellaceae; g__Christensenellaceae_R-7_group	0.9888995207715591
4ef015e0039150e531275b0205e2ab28	d__Eukaryota	0.8298483345326182
a7cc0698e87030944df89dd996ce2413	d__Bacteria; p__Bacillota; c__Bacilli; o__Erysipelotrichales; f__Erysipelotrichaceae; g__Merdibacter	0.9681443988212849
9225bc6e5359314a653c275111b14f54	d__Bacteria; p__Pseudomonadota; c__Alphaproteobacteria; o__Rhodospirillales; f__Incertae_Sedis; g__Incertae_Sedis	0.9999987314540507
e27f0117671735c5c218ea3f7b101948	d__Bacteria; p__Bacteroidota; c__Bacteroidia; o__Bacteroidales; f__Porphyromonadaceae; g__Porphyromonas	0.999999795403404
0ddaf6ed69e1c0cd3bad605a058e6f3f	d__Bacteria; p__Bacillota; c__Bacilli; o__Erysipelotrichales; f__Erysipelotrichaceae; g__Holdemanella	0.9999937120587977
07f59c53dbe6ea109ba974592be8e9f5	d__Bacteria; p__Bacillota; c__Clostridia; o__Oscillospirales; f__Ruminococcaceae	0.9989485748422
f79c740f17ee1c0443db4e9183a7ae41	d__Bacteria; p__Bacillota; c__Clostridia; o__Oscillospirales; f__Butyricicoccaceae; g__Agathobaculum	0.9995053223201843
61d48aeaf45114b631acdd43ac79e074	d__Bacteria; p__Bacillota; c__Clostridia; o__Oscillospirales; f__Oscillospiraceae; g__Colidextribacter	0.7861125673674332
f4d05414f3c4fa345d5e9f26bbbc2647	d__Bacteria; p__Bacillota; c__Clostridia; o__Lachnospirales; f__Lachnospiraceae; g__Lachnospiraceae_UCG-004	0.9961327330827581
ca45f7f8e902eab3d8a5bf699b5388b5	d__Bacteria; p__Bacteroidota; c__Bacteroidia; o__Bacteroidales; f__Marinifilaceae; g__Butyricimonas	0.999999467433781
4fe977b604ff989743cd84da9e68bfd3	d__Bacteria; p__Bacillota; c__Clostridia; o__Lachnospirales; f__Lachnospiraceae	0.9999932904881984
5bc67aa3a444c55bf2e963a7f9b20063	d__Bacteria; p__Bacteroidota; c__Bacteroidia; o__Bacteroidales; f__Tannerellaceae; g__Parabacteroides	0.9928768310151995
8e7938ab3c0ee4a10f6d6aa22185473b	d__Bacteria; p__Bacillota; c__Clostridia; o__Christensenellales; f__Christensenellaceae; g__Christensenellaceae_R-7_group	0.9956897724287448
77395cf5f25081c89e34aa6f5b490cdf	d__Bacteria; p__Pseudomonadota; c__Gammaproteobacteria; o__Enterobacterales; f__Enterobacteriaceae; g__Escherichia-Shigella	0.9995373607161939
9cac3096cd5d1152eecead9b7a58e4b4	d__Bacteria; p__Bacillota; c__Clostridia; o__Lachnospirales; f__Lachnospiraceae; g__Falcatimonas	0.8382101117976813
198c3cf63c656cc654d70b7298743235	d__Bacteria; p__Bacillota; c__Clostridia; o__Peptostreptococcales-Tissierellales; f__Family_XI; g__Anaerococcus	1.0
cdce821043fb86543562b992f7249e36	d__Bacteria; p__Bacillota; c__Clostridia; o__Oscillospirales; f__Ruminococcaceae; g__Incertae_Sedis	0.7895323815272196
19853b0ce09c21b019ee6493f043e303	d__Bacteria; p__Bacillota; c__Bacilli; o__Lactobacillales; f__Streptococcaceae; g__Streptococcus	0.9956051631604959
8737983ff6bde6bc53e1dec2fa64ba18	d__Bacteria; p__Bacteroidota; c__Bacteroidia; o__Bacteroidales; f__Muribaculaceae; g__Incertae_Sedis	0.9998637202385742
fdd9bbf26d2fefbc1f358841f987b163	d__Bacteria; p__Bacillota; c__Clostridia; o__Lachnospirales; f__Lachnospiraceae	0.9993088451851504
40ad21ed8d391bbd578e22e62226ac3f	d__Bacteria; p__Pseudomonadota; c__Gammaproteobacteria; o__Pseudomonadales; f__Moraxellaceae; g__Acinetobacter	0.9999950962576786
3e91129b9fcaacf3223a0cff319ea6d4	d__Eukaryota	0.8406486832804272
af3a14d2674a73b16ccade425f6b8eed	d__Bacteria; p__Bacillota; c__Clostridia; o__Lachnospirales; f__Lachnospiraceae	0.9999957584888075
c6be4bca5cf8b836aba6d1492168067a	d__Bacteria; p__Bacillota; c__Clostridia; o__Lachnospirales; f__Lachnospiraceae	0.9999999060650949
ec5139d66c6e0af85b71ebc148f41e72	d__Bacteria; p__Bacillota; c__Clostridia; o__Lachnospirales; f__Lachnospiraceae; g__Lachnospiraceae_UCG-004	0.9935217590776652
3957e757b6473a11e72229817a65b8ec	d__Bacteria; p__Bacillota; c__Bacilli; o__Lactobacillales; f__Streptococcaceae; g__Streptococcus	0.9999282230767361
7312ecb2c3eac1e33cbd80cab75bd9b5	d__Bacteria; p__Bacillota; c__Clostridia; o__Oscillospirales; f__Ruminococcaceae	0.9999999704010386
d6a60470417305c01eac247e86007cfe	d__Bacteria; p__Bacteroidota; c__Bacteroidia; o__Bacteroidales; f__Barnesiellaceae; g__Barnesiella	0.9999985275983119
c8ed55b5e0f07921b6a4180cd67782e9	d__Bacteria; p__Bacillota; c__Clostridia; o__Lachnospirales; f__Lachnospiraceae; g__Anaerostipes	0.7507164540025625
b38984b369402bf2d9c22025b884c11e	d__Bacteria; p__Bacillota; c__Clostridia; o__Oscillospirales; f__Oscillospiraceae	0.9996521696925044
79300ca0233977139dc3848f232640e4	d__Bacteria; p__Spirochaetota; c__Brachyspirae; o__Brachyspirales; f__Brachyspiraceae; g__Brachyspira	0.9999999999498073
3dfb4a9f890e4ee3a8630b2a6eb7fa6f	d__Bacteria; p__Bacillota; c__Clostridia; o__Peptostreptococcales-Tissierellales; f__Peptostreptococcaceae; g__Proteocatella	0.9156804252244675
d3d509cb00687044a6c2c75b0f007779	d__Bacteria; p__Bacteroidota; c__Bacteroidia; o__Bacteroidales	0.9550941919440059
a0babec283f395a2e5dcab5d4cb30b42	Unassigned	0.4083250473915261
d20acdd11045a4300de3ebdfb766bce1	d__Bacteria; p__Bacteroidota; c__Bacteroidia; o__Bacteroidales; f__Prevotellaceae; g__Incertae_Sedis	0.9888571681946733
be232e499cacc140a70a60520824a394	d__Bacteria; p__Pseudomonadota; c__Alphaproteobacteria; o__Sphingomonadales; f__Sphingomonadaceae; g__Sphingomonas	0.8702249403866085
7cbef3c3dd6c81af00cd3c270488add0	d__Bacteria; p__Actinomycetota; c__Actinobacteria; o__Actinomycetales; f__Actinomycetaceae; g__Actinomyces	0.9999999997092885
48fb7a10f11f7e55f3bfbc717f83653f	d__Bacteria; p__Pseudomonadota; c__Gammaproteobacteria; o__Enterobacterales; f__Enterobacteriaceae; g__Escherichia-Shigella	0.9958734199909723
47b4cc96b6235e28dd7c3894b270ae59	d__Bacteria; p__Actinomycetota; c__Actinobacteria; o__Actinomycetales; f__Actinomycetaceae; g__Actinomyces	0.9999998899647328
67e0a6a80bb19e3c3805321a39211956	d__Bacteria; p__Actinomycetota; c__Coriobacteriia; o__Coriobacteriales; f__Coriobacteriales_Incertae_Sedis; g__Incertae_Sedis	0.9999706066204633
81852efa7f9fe116c8e5501ed3c71807	d__Bacteria; p__Bacillota; c__Clostridia; o__Lachnospirales; f__Lachnospiraceae	0.999012849952411
9825ee57d9d894ac7d6d5a929f070ca0	d__Eukaryota	0.9479180084508805
72399bfc1989aee05f022f9a06f1f80d	d__Bacteria; p__Bacillota; c__Clostridia; o__Oscillospirales; f__Ruminococcaceae; g__DTU089	0.9999908607623782
7c9158dd4800e21b30e6031d2fee00d4	d__Bacteria; p__Synergistota; c__Synergistia; o__Synergistales; f__Synergistaceae; g__Rarimicrobium	0.9873402214405586
a59f67690dceb61b37560ba08e62f06d	d__Bacteria; p__Bacteroidota; c__Bacteroidia; o__Bacteroidales; f__Bacteroidaceae; g__Bacteroides	0.79542758626642
20854956428228ee50450cb063785a69	d__Bacteria; p__Bacillota; c__Clostridia; o__Lachnospirales; f__Lachnospiraceae; g__Lachnospiraceae_UCG-008	0.7148560227611777
0083e3a2043ef8d3e0cbc9fac784202c	d__Bacteria; p__Bacillota; c__Bacilli; o__Erysipelotrichales; f__Erysipelotrichaceae; g__Merdibacter	0.9995466239223659
03ca9800fb107945353fe948832384da	d__Eukaryota	0.8232897988766774
2211794c55de7ed2ccc0de7d104a920f	d__Bacteria; p__Bacillota; c__Clostridia; o__Lachnospirales; f__Lachnospiraceae; g__Blautia	0.8508719542692617
f3a44dec97ccd03f47453c132411c671	d__Bacteria; p__Pseudomonadota; c__Gammaproteobacteria; o__Burkholderiales; f__Sutterellaceae; g__Sutterella	0.9948088958402765
6ad6a1f35a551714e3b4a5b213557fbe	d__Bacteria; p__Bacillota; c__Clostridia; o__Lachnospirales; f__Lachnospiraceae	0.9999913504533691
a6ebe8a04163f765360dd42d7c53241b	d__Bacteria; p__Bacteroidota; c__Bacteroidia; o__Bacteroidales; f__Tannerellaceae; g__Parabacteroides	0.99991070067088
c6f8ddc3379e2f7b73a03891c746a1a4	d__Bacteria; p__Bacteroidota; c__Bacteroidia; o__Bacteroidales; f__Bacteroidaceae; g__Bacteroides	0.999299444753468
9c601c62b273578a0b446e50d319cda9	d__Bacteria; p__Bacillota; c__Clostridia; o__Lachnospirales; f__Lachnospiraceae	0.9999998274377325
f4b889863cd124a07955c6a49c699e23	d__Bacteria; p__Bacillota; c__Clostridia; o__Lachnospirales; f__Lachnospiraceae; g__Lachnospiraceae_UCG-008	0.938352860399502
6842a75a3c66cedaa6ed8492e2be7c6c	d__Bacteria; p__Bacteroidota; c__Bacteroidia; o__Bacteroidales; f__Prevotellaceae; g__Incertae_Sedis	0.9979846991588772
ed2eebc56d052f5f507c965a0a7bdfdf	d__Bacteria; p__Bacillota; c__Clostridia; o__Oscillospirales; f__Ruminococcaceae; g__Paludicola	0.9997556633928399
d13dd48d2879560abf67728aa2ca93a7	d__Bacteria; p__Bacillota; c__Clostridia; o__Oscillospirales; f__Ruminococcaceae; g__Ruthenibacterium	0.9999678492349043
ecaf7611f3f240008db80f606986c796	d__Bacteria; p__Bacillota; c__Clostridia; o__Oscillospirales; f__Ruminococcaceae; g__Acutalibacter	0.9629037515853701
7a2c9ade1b9178aa866829000ed572a5	d__Bacteria; p__Bacillota; c__Clostridia; o__Lachnospirales; f__Lachnospiraceae; g__Sellimonas	0.7161371205205884
4d63885d26d2e895bc91b653f91c8030	d__Bacteria; p__Bacillota; c__Clostridia; o__Clostridiales; f__Clostridiaceae; g__Clostridium	0.9254960595875921
d730bdc60f824c5e603124e232c51a43	d__Bacteria; p__Bacillota; c__Clostridia; o__Lachnospirales; f__Lachnospiraceae; g__Lachnospiraceae_UCG-004	0.98140775847369
22e480c35801f10dfc5aaf90205a4c43	d__Bacteria; p__Bacteroidota; c__Bacteroidia; o__Bacteroidales; f__Prevotellaceae	0.9999781834720953
f1cc230f80f5760b9b220e1993cef081	d__Bacteria; p__Bacillota; c__Bacilli; o__Lactobacillales; f__Enterococcaceae; g__Enterococcus	0.9648386662175487
7070c673b8ba8a3de9dba9962998cf7c	d__Bacteria; p__Bacteroidota; c__Bacteroidia; o__Bacteroidales; f__Prevotellaceae; g__Prevotellaceae_NK3B31_group	0.9601815321822316
def9df253be1869fa0e5443522c1fb52	d__Bacteria; p__Bacillota; c__Bacilli; o__Staphylococcales; f__Staphylococcaceae; g__Staphylococcus	0.9888789297500866
139081cf80fe05a6183d72882fcfa948	d__Bacteria; p__Bacillota; c__Clostridia; o__Oscillospirales; f__Ruminococcaceae; g__Acutalibacter	0.9999934137210044
dab003a0c77ff3af6b2bdebf0d26d86b	d__Bacteria; p__Bacillota; c__Clostridia; o__Lachnospirales	0.9988324213900857
d13748176f4db5d33b9e4bf821f07d04	d__Bacteria; p__Bacteroidota; c__Bacteroidia; o__Bacteroidales; f__Muribaculaceae; g__Incertae_Sedis	0.9999658646900179
78c713b807a343367cc99ea37acd1b3b	d__Bacteria; p__Bacillota; c__Clostridia; o__Lachnospirales; f__Lachnospiraceae; g__Lachnospiraceae_UCG-003	0.9635806227765026
889c17e140d85d6186fef02ca6cc7c9a	d__Bacteria; p__Bacillota; c__Clostridia; o__Oscillospirales; f__Oscillospiraceae	0.9979429988348036
a0e5776ab034ed7a1b4a349b45f5481b	Unassigned	0.4287459790573993
989c607d31eddeb25608c72a326ea2b0	d__Bacteria	0.9999999999988913
2cf9ff1d4e7ddf3845b21c1dc7e5f184	d__Bacteria; p__Bacillota; c__Clostridia; o__Clostridiales; f__Clostridiaceae; g__Clostridium	0.9324443602455849
e5723b6a603858db10aac65f5af9f9eb	d__Bacteria; p__Bacillota; c__Clostridia; o__Oscillospirales; f__UCG-010; g__Incertae_Sedis	0.9999614011110458
3e376b799ba310a4f9e4dcdc38e38239	d__Bacteria; p__Bacillota; c__Clostridia; o__Peptostreptococcales-Tissierellales; f__Family_XI; g__Anaerococcus	0.9999999999993037
f9bfb415119c6b1fda87dc3723bded0f	d__Bacteria; p__Actinomycetota; c__Coriobacteriia; o__Coriobacteriales; f__Atopobiaceae; g__Olsenella	0.7383939210100063
cc0430982bc511c4b56e0c9cacdcedd8	d__Bacteria; p__Bacillota; c__Bacilli; o__Erysipelotrichales; f__Erysipelatoclostridiaceae; g__Erysipelotrichaceae_UCG-003	0.9999996348769242
6e0f3f6273db8597a572e3c840112c4c	d__Bacteria; p__Bacillota; c__Clostridia; o__Oscillospirales; f__Ruminococcaceae; g__Anaerofilum	0.9996592172154227
c64e7b87e43d3a5deb8eb244fb0471eb	d__Bacteria; p__Bacillota; c__Clostridia; o__Lachnospirales; f__Lachnospiraceae	0.9993520410671377
5aa33467a152be5d9a39f22f060a00b9	d__Bacteria; p__Pseudomonadota	0.9148088291194678
63beae37b36da9253ce045108ba97032	d__Bacteria; p__Bacteroidota; c__Bacteroidia; o__Bacteroidales; f__Bacteroidaceae; g__Bacteroides	0.9999960701260503
19dbe51f48c5435045804c9a890feca2	d__Bacteria; p__Bacillota; c__Clostridia; o__Clostridia_vadinBB60_group; f__Incertae_Sedis; g__Incertae_Sedis	0.9999977866372286
e6c623d724bad7364e9548696e61d68f	d__Bacteria; p__Bacillota; c__Negativicutes; o__Veillonellales-Selenomonadales; f__Veillonellaceae; g__Veillonella	0.9992664638469132
0c381206fa9f24aad398c696e0025812	d__Eukaryota	0.8080132479135311
3ba98105eeb2abfce97422fe572e3301	d__Bacteria; p__Pseudomonadota; c__Gammaproteobacteria; o__Burkholderiales; f__Sutterellaceae; g__Sutterella	0.999861184306659
e418a199042dc5b5db1f9724d12ece6b	d__Bacteria; p__Bacillota; c__Clostridia; o__Lachnospirales; f__Lachnospiraceae; g__Lachnospiraceae_UCG-004	0.957293987247243
c7c2d55a40d27ec6354b01b4eb30a8fc	d__Bacteria; p__Pseudomonadota; c__Gammaproteobacteria; o__Burkholderiales; f__Oxalobacteraceae; g__Herbaspirillum	0.9966659529652131
68671405925b7f210e87f51ca488e878	d__Bacteria; p__Bacillota; c__Clostridia; o__Lachnospirales; f__Lachnospiraceae	0.9966609158295576
3073da84b4e4d9189e9cb838525c6b1b	d__Bacteria; p__Bacillota; c__Clostridia; o__Lachnospirales; f__Lachnospiraceae	0.9999994430548796
aa3cd425053269964f6fe0e29247efe7	d__Bacteria; p__Synergistota; c__Synergistia; o__Synergistales; f__Synergistaceae; g__Pyramidobacter	0.9999391266199835
1c5b0528f8f2d3b84ee7b31fbc2b5084	d__Bacteria; p__Bacillota; c__Clostridia; o__Lachnospirales; f__Lachnospiraceae; g__Lachnospiraceae_UCG-004	0.9095623252076781
eea84bd85b7d42f7fe65b5505541d444	d__Bacteria; p__Bacillota; c__Clostridia; o__Peptostreptococcales-Tissierellales; f__Peptostreptococcaceae	0.9847988705493995
4fc691c7a69f28278a437a83191c4995	d__Bacteria; p__Bacillota; c__Clostridia; o__Clostridia_UCG-014; f__Incertae_Sedis; g__Incertae_Sedis	0.9999999999875371
0f7d7ac83de00c96fa6b8f0ddc8ae81f	d__Bacteria; p__Bacillota; c__Clostridia; o__Lachnospirales; f__Lachnospiraceae	0.9995955682486581
5f1bdd3e14ebbbb4fa964a4e11b993eb	d__Bacteria; p__Bacillota; c__Negativicutes; o__Acidaminococcales; f__Acidaminococcaceae; g__Phascolarctobacterium	0.9999999999250377
389d4fe4a4504a10c54f310e91d6575d	d__Bacteria; p__Bacillota; c__Bacilli; o__Lactobacillales; f__Aerococcaceae; g__Abiotrophia	0.990281701123547
61eb3ee29fe7281c99ae8aa7331d7c86	d__Bacteria; p__Bacillota; c__Clostridia; o__Monoglobales; f__Monoglobaceae; g__Monoglobus	0.9999997586775471
4ae6f309bd55f604d626cd943a06f922	Unassigned	0.3694410844215108
e1c15019a3a1a1bd02ff4883e020482c	d__Bacteria; p__Actinomycetota; c__Coriobacteriia; o__Coriobacteriales; f__Atopobiaceae; g__Olsenella	0.8582798125934704
d580287a74b9cc662e8d065643697966	d__Bacteria; p__Bacillota; c__Clostridia; o__Lachnospirales; f__Lachnospiraceae; g__Lachnospiraceae_UCG-004	0.9754053377751759
7e343201b2e42546134d0e3b73386236	d__Bacteria; p__Bacteroidota; c__Bacteroidia; o__Bacteroidales; f__Rikenellaceae; g__SP3-e08	0.9963829649820813
43907a5acea904952deb362e578286ac	d__Bacteria; p__Bacillota; c__Bacilli; o__Erysipelotrichales; f__Erysipelotrichaceae; g__[Clostridium]_innocuum_group	0.9213101924897136
12c389679396ac74b51f3dd852739172	d__Bacteria; p__Bacillota; c__Clostridia; o__Lachnospirales; f__Lachnospiraceae	0.9913203205644929
559da1b95337b9f35a7295e7b72dbc29	Unassigned	0.3042746666671394
1840780b223784bf840e9cf81bd45936	d__Bacteria	0.7245304418843872
1c06aacd69e97be3fa78028a8205e572	d__Bacteria; p__Bacteroidota; c__Bacteroidia; o__Bacteroidales; f__Prevotellaceae; g__Prevotella	0.9861150194184626
fa4d1e18f18796f2f00699d3cd69c6cd	d__Bacteria; p__Cyanobacteriota; c__Cyanobacteriia; o__Chloroplast; f__Incertae_Sedis; g__Incertae_Sedis	0.9999984234066439
6bc913f42f939b3341d5a553b0e07e9c	d__Bacteria; p__Bacillota; c__Clostridia; o__Lachnospirales; f__Lachnospiraceae	0.9999931882267623
bd4dd0f194676313e2eda75674cf9655	d__Bacteria; p__Pseudomonadota; c__Alphaproteobacteria; o__Rhodospirillales; f__Incertae_Sedis; g__Incertae_Sedis	0.9999818311565568
0665b80bbc9b94d11d241bc6034635dd	d__Bacteria; p__Pseudomonadota; c__Gammaproteobacteria; o__Enterobacterales; f__Enterobacteriaceae	0.9915744354845064
ed16e0612fe21799e51d5b5b9785c2f9	d__Bacteria; p__Bacteroidota; c__Bacteroidia; o__Bacteroidales; f__Rikenellaceae; g__Alistipes	0.9999955300153973
5fa1b81cd4cddc98e7c550a617e877f7	d__Bacteria; p__Bacillota; c__Clostridia; o__Peptococcales; f__Peptococcaceae; g__Incertae_Sedis	0.9775926010728645
24dbd92770fd3fd21bbc06a5a677a4f5	d__Bacteria; p__Bacillota; c__Clostridia; o__Lachnospirales; f__Lachnospiraceae	0.9999941754929917
f4d81a0bfc14ba04470a863e9386582d	d__Bacteria; p__Bacillota; c__Clostridia; o__Oscillospirales; f__Oscillospiraceae; g__NK4A214_group	0.9855989089573385
f0d3dfc44c43fa64148afa1eaf9d4292	d__Bacteria; p__Bacteroidota; c__Bacteroidia; o__Flavobacteriales; f__Flavobacteriaceae; g__Flavobacterium	0.7605608376850874
2407d7120aba5eade4e46c9e41977daa	d__Eukaryota	0.9000175891971078
0ff4e0c7728e7e817568b2e2afb655c0	d__Bacteria; p__Bacillota; c__Clostridia; o__Oscillospirales; f__Ruminococcaceae; g__Hydrogenoanaerobacterium	0.9999975971899764
169fa8fcda12bf6c6e1cf0405b4547a6	d__Bacteria; p__Bacillota; c__Bacilli; o__Erysipelotrichales; f__Erysipelotrichaceae; g__Merdibacter	0.9999235389008002
32f0baa7a539b6f70c6ded358a54c895	d__Bacteria; p__Bacteroidota; c__Bacteroidia; o__Bacteroidales; f__Bacteroidaceae; g__Bacteroides	0.9999787744881924
d31627ca303a6aa1e8a4af6e28318bfa	d__Bacteria; p__Bacteroidota; c__Bacteroidia; o__Bacteroidales; f__Bacteroidaceae; g__Bacteroides	0.9999714342946217
1aba7f6b6e3278313df170c63c9a49d9	d__Bacteria; p__Bacillota; c__Clostridia; o__Lachnospirales; f__Lachnospiraceae	0.9991917213508413
d5a1805c77fb0768119c1371779b3106	Unassigned	0.3204240061167444
1a72de3d5c550caa7f71ea1c4e14f582	d__Bacteria; p__Actinomycetota; c__Actinobacteria; o__Mycobacteriales; f__Corynebacteriaceae; g__Corynebacterium	0.9994742346155565
9b3fe15b1872cf4d3d1eac56995bde72	d__Bacteria; p__Bacillota; c__Clostridia; o__Oscillospirales; f__Ruminococcaceae; g__Faecalibacterium	0.8945880855362223
d61eecb26c7e5343304d33f5b94c08f5	d__Bacteria; p__Bacteroidota; c__Bacteroidia; o__Bacteroidales; f__Bacteroidaceae; g__Bacteroides	0.9955818838121625
c2dad99bd2b8dbdeaa9c129326345c5a	d__Bacteria; p__Pseudomonadota; c__Gammaproteobacteria; o__Burkholderiales; f__Sutterellaceae; g__Sutterella	0.9692750567836536
2bf5b1b906b84c2514287dc93e27ab32	d__Bacteria; p__Bacillota; c__Clostridia; o__Lachnospirales; f__Lachnospiraceae	0.9999998790390767
6499dd985dffd3acd13241da697beec4	d__Bacteria; p__Actinomycetota; c__Actinobacteria; o__Micrococcales; f__Micrococcaceae; g__Arthrobacter	0.9805134069471529
ba03a12792a9938a6f98f9da1864bc2c	d__Bacteria; p__Bacillota; c__Clostridia; o__Oscillospirales; f__Oscillospiraceae; g__UCG-002	0.8984775785776034
1ec0c0dc0376f5d26a19d0cc77c62431	d__Bacteria; p__Bacillota; c__Clostridia; o__Lachnospirales; f__Lachnospiraceae	0.9921371516591713
22fbbf09b5e6a89a18d744d25f62bb21	d__Bacteria; p__Bacillota; c__Clostridia; o__Lachnospirales; f__Lachnospiraceae	0.9999901195293195
b3c8eda06e5daebbb42b80559e37a319	d__Bacteria; p__Bacillota; c__Clostridia; o__Lachnospirales; f__Lachnospiraceae	0.9999964905781042
54e431cd952c2c72fd3fad0dff770b9b	d__Bacteria; p__Bacillota; c__Clostridia; o__Oscillospirales; f__Ruminococcaceae; g__CAG-352	0.9914590583589877
daa9f200618ebfea4077ade405c85a2c	d__Bacteria; p__Pseudomonadota; c__Gammaproteobacteria; o__Enterobacterales; f__Enterobacteriaceae; g__Escherichia-Shigella	0.9988510661240834
bb74fa365800cd75936bca9099629ab5	d__Bacteria; p__Verrucomicrobiota; c__Lentisphaeria; o__Victivallales; f__Victivallaceae; g__Victivallis	0.9999386506175865
aa7e10e364346270b145b1ec10cec5a9	Unassigned	0.4993036198995946
8a8b6616ba7bb371027e013aaa42cf72	d__Bacteria; p__Bacillota; c__Clostridia; o__Lachnospirales; f__Lachnospiraceae	0.999991647376085
b002ea37945a3e4616c8483cb351d0b7	d__Bacteria	0.9999999999997802
3cabe0c760f73be3a10e36d9424b0cf5	d__Bacteria; p__Bacillota; c__Clostridia; o__Clostridia_vadinBB60_group; f__Incertae_Sedis; g__Incertae_Sedis	0.9999790713788063
69b27f399efc6ce4f1a00ed497b7b059	d__Bacteria; p__Bacillota; c__Clostridia; o__Oscillospirales; f__Ruminococcaceae; g__Anaerotruncus	0.9998609107112773
095e662cdbe2443cac528b2d682c955b	d__Bacteria; p__Bacillota; c__Clostridia; o__Clostridia_UCG-014; f__Incertae_Sedis; g__Incertae_Sedis	0.9999999999823501
aaf24f1f72c1bb3c6eef809ceab4af86	d__Bacteria; p__Bacillota; c__Clostridia; o__Oscillospirales	0.7711063318370915
5c902cc2e234dd0bf3f253ad26c85930	d__Bacteria; p__Fusobacteriota; c__Fusobacteriia; o__Fusobacteriales; f__Leptotrichiaceae; g__Leptotrichia	0.9999984906509263
36c44e39cec878b4e89164ad21a7a848	d__Bacteria; p__Bacteroidota; c__Bacteroidia; o__Bacteroidales; f__Prevotellaceae; g__Segatella	0.7839734484970841
128781b6c8e802c3b6efbcafde9ba0ef	d__Bacteria; p__Thermodesulfobacteriota; c__Desulfovibrionia; o__Desulfovibrionales; f__Desulfovibrionaceae	0.9999999362497654
3d8e95396d4520737e0299f06eca19a7	d__Bacteria; p__Bacillota; c__Negativicutes; o__Acidaminococcales; f__Acidaminococcaceae; g__Phascolarctobacterium	0.9999999967935906
82592ee22390777c8b3abf9866f8d219	d__Bacteria; p__Bacillota; c__Clostridia; o__Oscillospirales; f__Ruminococcaceae; g__Incertae_Sedis	0.9028078326905185
e6f0fbfed90827d55b9fcaf66f4e31f2	d__Bacteria	0.9677485830052086
fb43702e9c65649979763c5dfb64726c	d__Bacteria; p__Bacillota; c__Clostridia; o__Oscillospirales; f__Ruminococcaceae; g__Faecalibacterium	0.9997667522980228
2349c41c9690d31424055bc89625ad70	d__Bacteria; p__Pseudomonadota; c__Alphaproteobacteria; o__Hyphomicrobiales; f__Beijerinckiaceae; g__Methylobacterium	0.8690800571260308
b52c075c6f48ba40742baa70fe297662	d__Bacteria; p__Bacteroidota; c__Bacteroidia; o__Bacteroidales; f__Marinifilaceae; g__Butyricimonas	0.9999995594671536
91a20fce6f46d93a8cc32a67abc8ee2f	d__Bacteria; p__Thermodesulfobacteriota; c__Desulfovibrionia; o__Desulfovibrionales; f__Desulfovibrionaceae; g__Desulfovibrio	0.9906239712966968
894831be42275ef967ffe24303959a32	d__Bacteria; p__Bacillota; c__Clostridia; o__Lachnospirales; f__Lachnospiraceae	0.9223531113189298
dcbd74dbfef52e07722db39750c994e8	d__Bacteria; p__Bacillota; c__Clostridia; o__Oscillospirales; f__Ruminococcaceae; g__Incertae_Sedis	0.9999841129614078
9109de7bad4b210622dd1d9079dc2864	d__Bacteria; p__Bacteroidota; c__Bacteroidia; o__Bacteroidales; f__Prevotellaceae; g__Segatella	0.9991496322969077
530cb9123cb869538dcefc6216669561	d__Bacteria; p__Bacillota; c__Clostridia; o__Peptostreptococcales-Tissierellales; f__Family_XI; g__Anaerococcus	1.0
5c03f9d6d42d5afb8d1f7414032c9c3b	d__Bacteria; p__Bacillota; c__Bacilli; o__Lactobacillales; f__Streptococcaceae; g__Streptococcus	0.9937672422800155
b1c66e92908e689be8252cd726bcb87f	d__Bacteria; p__Bacillota; c__Clostridia; o__Clostridia_UCG-014; f__Incertae_Sedis; g__Incertae_Sedis	0.9999998297618905
85408ff03222f0ca2bacc79dfba3758e	d__Bacteria; p__Bacillota; c__Clostridia; o__Lachnospirales; f__Lachnospiraceae; g__Lachnospiraceae_UCG-004	0.8927424669476759
54f4050c9a6e79d7d85c3b551d97502b	d__Bacteria; p__Pseudomonadota; c__Gammaproteobacteria; o__Enterobacterales; f__Enterobacteriaceae	0.9901625512757966
4dc5a8b05958fa42ea29832568e5a2fa	d__Bacteria; p__Bacillota; c__Clostridia; o__Lachnospirales; f__Lachnospiraceae; g__Lachnospira	0.9577538015205752
1f457a7dd207b21cf78b2dcb219376cc	d__Bacteria; p__Bacillota; c__Clostridia; o__Clostridia_UCG-014; f__Incertae_Sedis; g__Incertae_Sedis	0.9999999999752305
c2f7464d41b51c3c14e2b1975ebf9ae5	d__Bacteria; p__Bacillota; c__Clostridia; o__Lachnospirales; f__Lachnospiraceae; g__Lachnospiraceae_UCG-004	0.9556330431746697
9c083ad4041609b7983b0124ff904ddc	Unassigned	0.60772423011404
7f58325a0d7f957554cf38b9592240e0	Unassigned	0.7926111510421462
3eb2dbb2b4e58427fd925e6dfaa9a11b	d__Bacteria; p__Bacillota; c__Clostridia; o__Lachnospirales; f__Lachnospiraceae	0.9970425243745492
2b0913d920baac91ff57e6b37080e0eb	d__Bacteria; p__Bacillota; c__Clostridia; o__Oscillospirales; f__Oscillospiraceae	0.788165700327574
9d2c3a585a4102cd1ad49ba8a9542dc7	d__Bacteria; p__Bacteroidota; c__Bacteroidia; o__Bacteroidales; f__Bacteroidaceae; g__Bacteroides	0.9992145910625133
8ca88adcdd89dc5ae2be4e02ae06c998	d__Bacteria; p__Pseudomonadota; c__Alphaproteobacteria; o__Caulobacterales; f__Caulobacteraceae; g__Brevundimonas	0.8480785750331937
bfda69fc7d1431e04f856816177525aa	d__Bacteria; p__Bacillota; c__Bacilli; o__Erysipelotrichales; f__Erysipelotrichaceae; g__Holdemanella	0.9965813318705014
5a612fc3202bb4360334d2519261d42f	d__Bacteria; p__Bacteroidota; c__Bacteroidia; o__Bacteroidales; f__Bacteroidaceae; g__Bacteroides	0.9950274836216255
ba493f8e193703e55e4a8c2de65de6ac	d__Bacteria; p__Pseudomonadota; c__Gammaproteobacteria; o__Burkholderiales; f__Oxalobacteraceae; g__Janthinobacterium	0.9449876527062976
fc6933657d90dd6102564062f9cfcc7a	d__Bacteria; p__Bacillota; c__Clostridia; o__Lachnospirales; f__Lachnospiraceae	0.9999916153548296
4df4528fffa9720c7d8e460ef9a6266f	d__Bacteria; p__Bacillota; c__Clostridia; o__Lachnospirales; f__Lachnospiraceae	0.999999604608057
797db7e68dc26772f2e27ac32f3127ac	d__Bacteria; p__Bacillota; c__Clostridia; o__Oscillospirales; f__Ruminococcaceae	0.8322085592785591
b8fa8f952dcae678ddcb015f75682012	d__Bacteria; p__Bacillota; c__Clostridia; o__Peptostreptococcales-Tissierellales; f__Peptostreptococcaceae	0.9940281042134698
d981e46caa0a095dc1dd689fe997e9df	d__Bacteria; p__Bacillota; c__Bacilli; o__Erysipelotrichales; f__Erysipelotrichaceae; g__Erysipelotrichaceae_UCG-006	0.9999789814815601
c4caf15f328c8a82a377ee28e68b1e17	d__Bacteria; p__Bacillota; c__Clostridia; o__Peptostreptococcales-Tissierellales; f__Family_XI; g__W5053	0.999897792644789
ded217499a7e618310854b178197f68b	d__Bacteria; p__Bacteroidota; c__Bacteroidia; o__Bacteroidales; f__Prevotellaceae; g__Segatella	0.9761703855076332
7034c09f4233dcedef82b10ada798166	d__Bacteria; p__Pseudomonadota; c__Gammaproteobacteria; o__Enterobacterales; f__Pasteurellaceae; g__Haemophilus	0.9985091691532307
ae245399db09a49677c6b99988a9a591	d__Bacteria; p__Bacillota; c__Clostridia; o__Lachnospirales; f__Lachnospiraceae; g__Lachnospiraceae_UCG-004	0.9928145162880097
66e9d3ea7ab451275460163caa3d6aa2	d__Bacteria; p__Bacillota; c__Clostridia; o__Oscillospirales; f__Ruminococcaceae; g__Faecalibacterium	0.9999605064093948
480abe0ef48a60ef222888bea5d5a2d7	d__Bacteria; p__Bacteroidota; c__Bacteroidia; o__Bacteroidales; f__Muribaculaceae; g__Incertae_Sedis	0.9998190601772287
0dc0e81798c30bd7147c043d1a5edee3	d__Bacteria; p__Bacillota; c__Clostridia; o__Lachnospirales; f__Lachnospiraceae	0.9915651766902899
71ae4888a0498c32a665189b507c4264	d__Bacteria; p__Bacillota; c__Clostridia; o__Lachnospirales; f__Lachnospiraceae	0.9976310725301263
c39ae3fa59ef87c091eb55ec29d87df6	d__Bacteria; p__Pseudomonadota; c__Alphaproteobacteria; o__Sphingomonadales; f__Sphingomonadaceae; g__Sphingobium	0.909723928019778
b7e0aed98306b440fffb2587896ba06c	Unassigned	0.577217226970232
2371953827c03807a8458d27feed56a7	d__Bacteria; p__Bacteroidota; c__Bacteroidia; o__Bacteroidales; f__Prevotellaceae; g__Segatella	0.9875048582807358
794b1285b90ad08368a3fd8fb97314e4	d__Bacteria; p__Bacillota; c__Clostridia; o__Lachnospirales; f__Lachnospiraceae	0.999882400110125
cc5d5d026c80b93745a7536d6f2ce9bb	d__Bacteria; p__Pseudomonadota; c__Gammaproteobacteria; o__Enterobacterales; f__Enterobacteriaceae; g__Escherichia-Shigella	0.9976489449848057
73d75ec7c9647c6d62c30e01bbc3c3c5	d__Bacteria; p__Pseudomonadota; c__Gammaproteobacteria; o__Enterobacterales; f__Enterobacteriaceae; g__Escherichia-Shigella	0.9996027031687987
8d74a69a25b5dded993bb315e46b2e72	d__Bacteria; p__Actinomycetota; c__Actinobacteria; o__Micrococcales; f__Micrococcaceae; g__Micrococcus	0.8729713284646075
3be8286a50b0e6e206f0f0cc6d70825e	d__Bacteria; p__Actinomycetota; c__Coriobacteriia; o__Coriobacteriales; f__Eggerthellaceae; g__Eggerthella	0.9999961308049412
601559611b0395969ac46646028599e7	d__Bacteria; p__Bacteroidota; c__Bacteroidia; o__Bacteroidales; f__Marinifilaceae; g__Butyricimonas	0.9999609800787469
62f3b577d2aa420646aeac215038cff9	d__Bacteria; p__Bacillota; c__Clostridia; o__Oscillospirales; f__Ruminococcaceae; g__Ruminococcus	0.9906012173906339
a2dfb4b35092c4ba62f9ca9358e4cfa2	d__Bacteria; p__Bacillota; c__Clostridia; o__Lachnospirales; f__Lachnospiraceae	0.9541429230988212
ab552a5e915fb46934c543db37f01745	d__Bacteria; p__Pseudomonadota; c__Gammaproteobacteria; o__Burkholderiales; f__Sutterellaceae; g__Sutterella	0.9999889664505354
ecfbe43d5e57dfaa9ffd5c3c34eb68a3	d__Bacteria; p__Bacillota; c__Clostridia; o__Oscillospirales; f__Oscillospiraceae; g__Colidextribacter	0.914581841077572
1119f38ed83363ebff9ecc346680fa6e	d__Bacteria; p__Bacillota; c__Clostridia	0.9985858851273612
5c3529282e3d24d7de405d8c087950b3	d__Bacteria; p__Bacillota; c__Clostridia; o__Oscillospirales; f__Ruminococcaceae; g__Faecalibacterium	0.9966900461013126
60c1622cb369464d6de15d609252773e	d__Bacteria; p__Bacillota; c__Clostridia; o__Oscillospirales; f__Ruminococcaceae; g__Candidatus_Soleaferrea	0.7605738013777003
165d163a01f3f0418e9c6f2a8112a380	d__Bacteria; p__Bacteroidota; c__Bacteroidia; o__Bacteroidales; f__Bacteroidaceae; g__Bacteroides	0.9999976290019361
7051ba308da07e5843a41a81f2cde43d	d__Bacteria; p__Bacillota; c__Negativicutes; o__Veillonellales-Selenomonadales; f__Veillonellaceae; g__Megasphaera	0.9999999796347085
ae61b21728649ea28ca20aac1f892819	d__Bacteria; p__Bacillota; c__Clostridia; o__Lachnospirales; f__Lachnospiraceae	0.9997786149317317
575353a495659e95a9968b82a47b9f43	d__Bacteria; p__Bacillota; c__Clostridia; o__Peptococcales; f__Peptococcaceae; g__Peptococcus	0.9999926385591021
ea674da936eb4749471e5166a164b6b2	d__Bacteria; p__Cyanobacteriota; c__Vampirivibrionia; o__Gastranaerophilales; f__Gastranaerophilaceae; g__Zag_111	0.9945394637612218
b9e1c3a33ce9b65c73307d3773166bda	d__Bacteria; p__Cyanobacteriota; c__Vampirivibrionia; o__Gastranaerophilales; f__Gastranaerophilaceae; g__Zag_111	0.9950871450150641
8064f23059f14d65dc3a9a7a92078deb	d__Bacteria; p__Bacillota; c__Clostridia; o__Lachnospirales; f__Lachnospiraceae	0.9912046589746046
e53d10612c06bbd67146bb5c252e2363	d__Bacteria; p__Bacillota; c__Clostridia; o__Lachnospirales; f__Lachnospiraceae; g__Anaerobutyricum	0.9911160799209474
25f6ca51b2f014d9f81075aa8d62d568	d__Bacteria; p__Bacillota; c__Clostridia; o__Oscillospirales; f__[Eubacterium]_coprostanoligenes_group; g__Incertae_Sedis	0.998935880965321
47144d863ed0b23f183edc24af8c9b68	d__Bacteria; p__Bacillota; c__Clostridia; o__Lachnospirales; f__Lachnospiraceae; g__Extibacter	0.7808178646184665
c85d2bbc2743c88b3334cd52bcfaff2e	d__Bacteria; p__Bacteroidota; c__Bacteroidia; o__Bacteroidales; f__Bacteroidaceae; g__Bacteroides	0.9992953689966695
0bfac34a1bc4ed4e8ac56e16757ee271	d__Bacteria; p__Bacteroidota; c__Bacteroidia; o__Bacteroidales; f__Bacteroidaceae; g__Bacteroides	0.999962489116555
3caef3d3cf1e23fa94f4221c1f47a204	d__Bacteria; p__Bacillota; c__Clostridia; o__Oscillospirales; f__Ruminococcaceae; g__Faecalibacterium	0.9959628551497101
f7ec50dba269a2cc1b1e67d12139d44d	d__Bacteria; p__Bacillota; c__Clostridia; o__Clostridiales; f__Clostridiaceae; g__Clostridium	0.8359647480597714
53f20b3ad9d2349aea7ef30999a8ef35	d__Bacteria; p__Pseudomonadota; c__Gammaproteobacteria; o__Enterobacterales; f__Enterobacteriaceae; g__Escherichia-Shigella	0.9961440080456124
1a4e3473785bff0d0e5d972ff139a8e0	d__Bacteria; p__Bacteroidota; c__Bacteroidia; o__Bacteroidales; f__Rikenellaceae; g__SP3-e08	0.9576533889727433
c9f7c5c5e9cfd28e6a25194349b8c45b	d__Bacteria; p__Bacillota; c__Clostridia; o__Lachnospirales; f__Lachnospiraceae	0.7271529851473206
4ce60f3df383b688bd5f514d8e36004d	d__Bacteria; p__Bacillota; c__Bacilli; o__Lactobacillales; f__Lactobacillaceae; g__Lactobacillus	0.999988289250997
f8924f1809784a299610878402f24823	d__Bacteria; p__Actinomycetota; c__Actinobacteria; o__Actinomycetales; f__Actinomycetaceae; g__Schaalia	0.9999999896207186
28d6ed759ba556051eb62721f70b59e5	d__Bacteria; p__Bacteroidota; c__Bacteroidia; o__Bacteroidales; f__Bacteroidaceae; g__Bacteroides	0.9986822764519465
b2c0b8a2b0c71c6cd7334bcfb5a1cbbf	d__Bacteria; p__Bacteroidota; c__Bacteroidia; o__Bacteroidales; f__Rikenellaceae; g__SP3-e08	0.9977442155457278
765d1a7d6c4f37a9ecd6d8fb54e41b5a	d__Bacteria; p__Bacillota; c__Clostridia; o__Oscillospirales; f__Butyricicoccaceae; g__Agathobaculum	0.9995447437744176
76e81fa553c357d6d56879f65a88b7d1	d__Bacteria; p__Bacteroidota; c__Bacteroidia; o__Bacteroidales; f__Tannerellaceae; g__Parabacteroides	0.9999955900799655
cbf7bf7aac617496a20666481431993b	d__Bacteria; p__Bacillota; c__Clostridia; o__Peptostreptococcales-Tissierellales; f__Family_XI; g__Anaerococcus	0.9999999999989342
730f513e4915ce067448f61fc60660e3	d__Bacteria; p__Bacteroidota; c__Bacteroidia; o__Bacteroidales; f__Marinifilaceae; g__Butyricimonas	0.9999932015183532
9c41fc67b58259d0a8cefebb08ac991d	d__Bacteria; p__Bacillota; c__Clostridia; o__Christensenellales; f__Christensenellaceae; g__Incertae_Sedis	0.8093562076896049
b20a599678f69036e3adedcb030f3701	d__Bacteria; p__Bacillota; c__Clostridia; o__Lachnospirales; f__Lachnospiraceae	0.9991517126525087
3ec827f2256266a1a00be00238a9589a	d__Bacteria; p__Bacillota; c__Bacilli; o__Lactobacillales; f__Lactobacillaceae; g__Pediococcus	0.9993310278868512
623f5870ab5a2149e5263290d8f29c00	d__Bacteria; p__Bacillota; c__Clostridia; o__Lachnospirales; f__Lachnospiraceae	0.9999416483363424
4592c75cf701b9b5391d61b45575ed8c	d__Bacteria; p__Bacillota; c__Clostridia; o__Lachnospirales; f__Lachnospiraceae; g__Incertae_Sedis	0.777712473262899
32804c39215a1020cbeeb9a23be6503e	d__Bacteria; p__Bacteroidota; c__Bacteroidia; o__Bacteroidales; f__Marinifilaceae; g__Butyricimonas	0.9999692043202177
96b090986b9499d317a28e88b9ec4e48	d__Bacteria; p__Bacillota; c__Clostridia; o__Oscillospirales; f__Ruminococcaceae; g__Faecalibacterium	0.9996118203955064
fc846feafa1d64d29d00db266cfd3dd9	d__Bacteria; p__Bacillota; c__Clostridia; o__Oscillospirales; f__Oscillospiraceae; g__Oscillibacter	0.9379939391076206
cdfd097a35d4e08bebae0475c1071410	d__Bacteria; p__Thermodesulfobacteriota; c__Desulfovibrionia; o__Desulfovibrionales; f__Desulfovibrionaceae; g__Bilophila	0.9999925394015661
ad41c0f1360b6c4d905481df35a60e95	d__Bacteria; p__Bacillota; c__Clostridia; o__Lachnospirales; f__Lachnospiraceae	0.9999949772373034
1991499bfa689d0204cb095ea6d1131b	d__Bacteria; p__Bacillota; c__Clostridia; o__Christensenellales; f__Christensenellaceae; g__Christensenellaceae_R-7_group	0.7757577093169862
4c0cfb06a9c2fbc252e1996e0217a7a4	d__Bacteria; p__Cyanobacteriota; c__Vampirivibrionia; o__Gastranaerophilales; f__Gastranaerophilaceae; g__Zag_111	0.753735887507924
9aa947869ca7e6f9d751c3dd271dfedd	d__Bacteria; p__Bacillota; c__Negativicutes; o__Veillonellales-Selenomonadales; f__Veillonellaceae; g__Megasphaera	0.9999998594559641
7d4ebde0da388b89b8da302dea684f11	d__Bacteria; p__Cyanobacteriota; c__Vampirivibrionia; o__Gastranaerophilales; f__Gastranaerophilaceae; g__Zag_111	0.9884076155832708
dd1a41d4dc7266f13e43c5e08626bb2e	d__Bacteria; p__Bacillota; c__Clostridia; o__Oscillospirales; f__UCG-011; g__Incertae_Sedis	0.7391894720784008
fbce3cc391f0ce5e5a08b25bc0f4dd09	d__Bacteria; p__Bacillota; c__Clostridia; o__Peptococcales; f__Peptococcaceae; g__Peptococcus	0.9999999965876185
7a6f2c4a97b109c8ca7a826d854096fe	d__Bacteria; p__Bacillota; c__Negativicutes; o__Acidaminococcales; f__Acidaminococcaceae; g__Acidaminococcus	0.8327999359171369
6c4c5c2e8d9f259675a73de2903c7f2c	d__Bacteria; p__Bacillota; c__Clostridia; o__Lachnospirales; f__Lachnospiraceae	0.9994807624157895
06e487ea92f40cb34fc967877ab5ee21	d__Bacteria; p__Bacillota; c__Clostridia; o__Lachnospirales; f__Lachnospiraceae	0.9962842367951604
aa01403d01e3438ccdeca5fc540c6754	d__Bacteria; p__Bacillota; c__Clostridia; o__Oscillospirales; f__Ruminococcaceae; g__Faecalibacterium	0.9381687532413402
4877806312e40f4e9f2dcae3a9a89bd3	d__Bacteria; p__Bacillota; c__Clostridia; o__Christensenellales; f__Christensenellaceae; g__Incertae_Sedis	0.9947468980803899
3ba73d2f688e1fdcdbec645ea9450689	d__Bacteria; p__Bacillota; c__Clostridia; o__Lachnospirales; f__Lachnospiraceae; g__Anaerostipes	0.8032393910821926
8d37f97b6820baff021568433b94b3a9	d__Bacteria; p__Bacillota; c__Bacilli; o__Erysipelotrichales; f__Erysipelotrichaceae; g__Merdibacter	0.9578991890065219
efd3ebededc2a7881de865fe87272f87	d__Bacteria; p__Bacteroidota; c__Bacteroidia; o__Bacteroidales; f__Bacteroidaceae; g__Bacteroides	0.998784079611007
dd1c59ff4972adc4d3fe644c1a0e5c15	d__Bacteria; p__Bacillota; c__Clostridia; o__Lachnospirales; f__Lachnospiraceae	0.9962887387696489
c8ca56ca3795e269cfe444d117827e4f	d__Bacteria; p__Bacteroidota; c__Bacteroidia; o__Bacteroidales; f__Rikenellaceae; g__SP3-e08	0.7295565762584739
387a883e0ce50de6f2e409a9ade3b6df	d__Bacteria; p__Bacillota; c__Clostridia; o__Lachnospirales; f__Lachnospiraceae; g__Lachnospiraceae_UCG-004	0.796495267005134
1e80b556387d01d2ef631e795d08fbae	d__Bacteria; p__Bacteroidota; c__Bacteroidia; o__Bacteroidales; f__Marinifilaceae; g__Butyricimonas	0.9999526931372027
cf64744aac4469879cd393befe499bc8	d__Bacteria; p__Bacteroidota; c__Bacteroidia; o__Bacteroidales; f__Bacteroidaceae; g__Bacteroides	0.9999996828133325
d8889924302fb802c857b0f4f6fce77e	Unassigned	0.4507031369997666
28a6fb97dbfdaa1ab06842fa1dafa1c7	d__Eukaryota	0.943236828024551
48194b580cf309822dbae32b782f9d18	d__Bacteria; p__Bacillota; c__Clostridia; o__Lachnospirales; f__Lachnospiraceae	0.999999142018855
8460702f6c02a259d4ad5312d985b253	d__Bacteria; p__Bacillota; c__Clostridia; o__Lachnospirales; f__Lachnospiraceae; g__Lachnospiraceae_UCG-004	0.9774242130334072
638da08344de6b22d25756bdf3759de9	d__Bacteria; p__Bacillota; c__Clostridia; o__Oscillospirales; f__Oscillospiraceae; g__Colidextribacter	0.9198040300066146
812aaf113bb34b6d58d6c6217dbe6000	d__Bacteria; p__Bacillota; c__Bacilli; o__Lactobacillales; f__Streptococcaceae; g__Streptococcus	0.9999529349241826
378dd06ec9d5bd9252992d8f8dfa377e	d__Bacteria; p__Verrucomicrobiota; c__Lentisphaeria; o__Victivallales; f__Victivallaceae; g__Incertae_Sedis	0.9844101705819438
4ac69d7527955f7b36071de33fa9f84e	d__Bacteria; p__Bacillota; c__Clostridia; o__Christensenellales; f__Christensenellaceae; g__Christensenellaceae_R-7_group	0.9647001577335382
b2913e1a79de74a7b7bbc5b25b069ad5	d__Bacteria; p__Bacillota; c__Clostridia; o__Lachnospirales; f__Lachnospiraceae; g__Lachnospiraceae_UCG-008	0.7087210261366471
1437f7d463869791bb685c2600983423	d__Bacteria; p__Bacteroidota; c__Bacteroidia; o__Bacteroidales; f__Tannerellaceae; g__Parabacteroides	0.9999968989932646
a12f40b47d3aa582977984618e55fa77	d__Bacteria; p__Pseudomonadota; c__Gammaproteobacteria; o__Pseudomonadales; f__Moraxellaceae; g__Acinetobacter	0.9956689110273118
f3eac48f51ca9eb29b03463eb9744c6e	d__Bacteria; p__Pseudomonadota; c__Gammaproteobacteria; o__Burkholderiales; f__Sutterellaceae; g__Parasutterella	0.9732410425330811
9d76e50853cf4cea6c399b5cae256de2	d__Bacteria; p__Bacillota; c__Bacilli; o__Erysipelotrichales; f__Erysipelotrichaceae; g__Holdemania	0.9999982740488891
29b26677bd8f80685718663ea3ed0be7	d__Bacteria; p__Bacteroidota; c__Bacteroidia; o__Bacteroidales; f__Marinifilaceae; g__Butyricimonas	0.9987109938481311
144a1d8255d8940866726d57760bfaa2	d__Bacteria; p__Bacteroidota; c__Bacteroidia; o__Bacteroidales; f__Marinifilaceae; g__Butyricimonas	0.99999540769025
1394c3110bdd466b96e2f06310cb1900	d__Bacteria; p__Bacteroidota; c__Bacteroidia; o__Bacteroidales; f__Bacteroidaceae; g__Bacteroides	0.9727238025638787
0b0467a72f4a56a53e0eb62759c887e9	d__Bacteria; p__Bacillota; c__Clostridia; o__Lachnospirales; f__Lachnospiraceae; g__Lachnospiraceae_NC2004_group	0.7565453831614979
68b3d805580c06fb91823a38a0e5158e	d__Bacteria; p__Bacillota; c__Clostridia; o__Oscillospirales; f__[Eubacterium]_coprostanoligenes_group; g__Incertae_Sedis	0.9999743832556476
2983328159a0b2835ddde958b933cc73	d__Bacteria; p__Bacillota; c__Clostridia; o__Peptococcales; f__Peptococcaceae; g__Peptococcus	0.77079147340197
a9c8aaee2dac3d373d29aa37391eadaf	d__Bacteria; p__Bacteroidota; c__Bacteroidia; o__Bacteroidales; f__Prevotellaceae; g__Prevotellaceae_UCG-001	0.9673416591451673
94f86427ddbf18a42177dad5c0c51842	d__Bacteria; p__Pseudomonadota; c__Gammaproteobacteria; o__Enterobacterales; f__Pasteurellaceae; g__Actinobacillus	0.9940172167482316
9c22ce144008fbd42c52883d8c3c6fab	d__Bacteria; p__Bacillota; c__Clostridia; o__Lachnospirales; f__Lachnospiraceae; g__Falcatimonas	0.8082940209222906
ee365b12680d1117cfffaca8c8495e8e	Unassigned	0.8073694061553216
57d981698100e6bb04973b6f010b8a35	d__Bacteria; p__Bacillota; c__Clostridia; o__Peptostreptococcales-Tissierellales; f__Anaerovoracaceae; g__Family_XIII_AD3011_group	0.976176146641453
762c6309a20de333980b6736c31f2fee	d__Bacteria; p__Bacillota; c__Clostridia; o__Oscillospirales; f__Ruminococcaceae; g__Faecalibacterium	0.998514438301026
d3f8b47c370e7c749754b8b8d78a566d	d__Bacteria; p__Bacillota; c__Clostridia; o__Peptostreptococcales-Tissierellales; f__Family_XI; g__W5053	0.9999846479664215
009c08b088ba5c67318186947ebcc281	d__Bacteria; p__Bacillota; c__Clostridia; o__Oscillospirales; f__Ruminococcaceae; g__Faecalibacterium	0.9997615248470089
37d8958baf977832c1f67bb33adc76ae	d__Bacteria; p__Bacillota; c__Clostridia; o__Oscillospirales; f__UCG-010; g__Incertae_Sedis	0.999964616328953
0425167c9246441b160c60c03e2f59d4	d__Bacteria; p__Bacillota; c__Clostridia; o__Lachnospirales; f__Lachnospiraceae	0.9999999426387718
d1d7601611b6c1b7cce86044c0e95786	d__Bacteria; p__Thermodesulfobacteriota; c__Desulfovibrionia; o__Desulfovibrionales; f__Desulfovibrionaceae; g__Desulfovibrio	0.9879345287085376
41c356d97aef80af84daf94de89e8945	d__Bacteria; p__Bacillota; c__Negativicutes; o__Veillonellales-Selenomonadales; f__Selenomonadaceae; g__Incertae_Sedis	0.9389913797962254
a6c104ecde140f484a86855915bb07ce	d__Bacteria; p__Bacillota; c__Clostridia; o__Clostridiales; f__Clostridiaceae; g__Clostridium	0.9672236669450089
51c1e8e02de3b363af9d9c17d8fba998	d__Bacteria; p__Bacillota; c__Clostridia; o__Oscillospirales; f__Ruminococcaceae	0.7051845425324037
55f0f59bb2327bcdcecdbc8e57213aeb	d__Bacteria; p__Bacillota; c__Negativicutes; o__Acidaminococcales; f__Acidaminococcaceae; g__Acidaminococcus	0.9999931154222659
344ea442093df2a016dc84881dda9ebe	d__Bacteria; p__Bacillota; c__Clostridia; o__Lachnospirales; f__Lachnospiraceae	0.9909167401061801
55f79a2961a72608f97437e6b0311d8e	d__Bacteria; p__Fusobacteriota; c__Fusobacteriia; o__Fusobacteriales; f__Leptotrichiaceae; g__Sneathia	0.999999079001126
f985fbe95ef8bd226a64ec88e03a165e	d__Bacteria; p__Bacillota; c__Clostridia; o__Lachnospirales; f__Lachnospiraceae	0.9998878840742536
a1d85d4b92f93e8eb9b24a4cd6933628	d__Bacteria; p__Bacillota; c__Clostridia; o__Lachnospirales; f__Lachnospiraceae	0.9953140358546219
95924b8b7c6130bda446f004365aac37	d__Bacteria; p__Bacillota; c__Clostridia; o__Oscillospirales; f__Butyricicoccaceae; g__Agathobaculum	0.9999882748596199
e1dc6e1e0309044d01535008f650a0e5	d__Bacteria; p__Bacteroidota; c__Bacteroidia; o__Bacteroidales; f__Bacteroidaceae; g__Bacteroides	0.9999951091092163
b3823a5ef65a6bc5b95d3b7306d174d3	Unassigned	0.40348483273124425
479398afea1a39cae1340b00ccd35ee3	d__Bacteria; p__Patescibacteria; c__Saccharimonadia; o__Saccharimonadales; f__Saccharimonadaceae; g__TM7x	0.9629520626265383
a65721fb88d427f477a3e3e363e5618e	d__Bacteria; p__Bacillota; c__Clostridia; o__Lachnospirales; f__Lachnospiraceae	0.9966830224471129
1cf25e08e75371387fe9f0dec8f0be86	d__Eukaryota	0.892194112247784
9d9bfca81c2062ce7b1f6898f950fe97	d__Bacteria; p__Pseudomonadota; c__Gammaproteobacteria; o__Enterobacterales; f__Enterobacteriaceae; g__Escherichia-Shigella	0.9955648022452019
91d18a3235339a208239d5eb42c14ceb	d__Bacteria; p__Bacillota; c__Clostridia; o__Oscillospirales; f__Ruminococcaceae	0.7143568559599115
805239765984bf027407b06cf68711d2	d__Bacteria; p__Pseudomonadota; c__Gammaproteobacteria; o__Burkholderiales; f__Sutterellaceae; g__Sutterella	0.9999983067999363
1e4791d5dbed7ba1ae49e550f3b8b9a5	d__Bacteria; p__Bacillota; c__Clostridia; o__Clostridiales; f__Clostridiaceae; g__Clostridium	0.970878739530319
66178cf4d2387968bd57b202437c297b	d__Bacteria; p__Bacteroidota; c__Bacteroidia; o__Bacteroidales; f__Rikenellaceae; g__Alistipes	0.9999952004120375
ec73240e00f93c6165b9863259607314	d__Bacteria; p__Bacillota; c__Clostridia; o__Oscillospirales; f__[Eubacterium]_coprostanoligenes_group; g__Incertae_Sedis	0.9999903732095097
ac103fdb68915392fe9848406c78425b	d__Bacteria; p__Bacillota; c__Incertae_Sedis; o__DTU014; f__Incertae_Sedis; g__Incertae_Sedis	0.9999625028476337
f834899395b612e57a89221c29abe122	d__Bacteria; p__Bacteroidota; c__Bacteroidia; o__Bacteroidales; f__Tannerellaceae; g__Parabacteroides	0.9999916648746765
492811ee26b4974ff2f66eee2b9b31c9	d__Bacteria; p__Bacillota; c__Clostridia; o__Lachnospirales; f__Lachnospiraceae; g__Lachnospiraceae_UCG-010	0.9948198499079971
0aff24a544dc55d91bb32eac76cbd47f	d__Bacteria; p__Bacillota; c__Bacilli; o__Erysipelotrichales; f__Erysipelotrichaceae; g__Holdemania	0.9999994935355548
399ac894a42e7f9b37def3230958923a	d__Bacteria; p__Bacillota; c__Clostridia; o__Lachnospirales; f__Lachnospiraceae	0.9999677906898485
328bbc0b17faf79b0ac124610d8ed1d0	d__Bacteria; p__Bacillota; c__Clostridia; o__Clostridiales; f__Clostridiaceae; g__Clostridium	0.7966272192495665
2434a3e8e38118484f7703269e8cf70b	d__Bacteria; p__Bacillota; c__Clostridia; o__Oscillospirales; f__Oscillospiraceae; g__UCG-002	0.9995157191427592
55bb55953f95a60ebb164122fad485ae	d__Bacteria; p__Bacillota; c__Clostridia; o__Peptococcales; f__Peptococcaceae; g__Incertae_Sedis	0.9777367195687258
f197aba75d34896eb5eef6b81f085332	d__Bacteria; p__Bacillota; c__Clostridia; o__Incertae_Sedis; f__Incertae_Sedis; g__Incertae_Sedis	0.992167838712869
e7e5b77cfeeeb04c9c71b6bd7020ba3e	d__Bacteria; p__Bacillota; c__Clostridia; o__Lachnospirales; f__Lachnospiraceae	0.9999979913870469
2a80be16588fe303006cb40fff3aaf11	d__Bacteria; p__Bacillota; c__Clostridia; o__Lachnospirales; f__Lachnospiraceae	0.9999954972161089
96e152c67616380b5085a715b2cdb3d9	d__Bacteria; p__Bacillota; c__Clostridia; o__Lachnospirales; f__Lachnospiraceae; g__Lachnospiraceae_UCG-004	0.9726634495694256
23a901a0eb0eb9f52dd1de99834ef5f2	d__Bacteria; p__Bacillota; c__Clostridia; o__Lachnospirales; f__Lachnospiraceae	0.9556484901237741
7579e1590df8708d9d0d95005ba7b0da	d__Bacteria; p__Pseudomonadota; c__Gammaproteobacteria; o__Enterobacterales; f__Pasteurellaceae; g__Haemophilus	0.9994346016350515
7f186b3b4cdd5ea3210afb70680a32d3	d__Eukaryota	0.7981249109611374
b1de413baa10a76ec6feec27f32090d4	d__Bacteria; p__Bacillota; c__Clostridia; o__Lachnospirales; f__Lachnospiraceae	0.9999928145474521
92662617773aaa9c3c84c0616f0482df	d__Bacteria; p__Bacteroidota; c__Bacteroidia; o__Bacteroidales; f__Rikenellaceae; g__Alistipes	0.9999373175507077
3699f8d2052eba89cd4844114c98ec08	d__Bacteria; p__Bacillota; c__Clostridia; o__Lachnospirales; f__Lachnospiraceae; g__Lachnospira	0.8781917823586971
6303951cd5eef3899ec28dbc8793300f	d__Bacteria; p__Pseudomonadota; c__Gammaproteobacteria; o__Pseudomonadales; f__Moraxellaceae; g__Moraxella	0.9999870257025338
1c2eea2b26c59c81f29e9f76ac70af71	d__Bacteria; p__Bacillota; c__Clostridia; o__Peptostreptococcales-Tissierellales; f__Family_XI; g__Anaerococcus	0.9999999999985789
d12a02512db09bfdb9a290512eaf9029	d__Bacteria; p__Bacillota; c__Clostridia; o__Peptococcales; f__Peptococcaceae; g__Peptococcus	0.9999999956123418
f56a2af786cc0a232e2466dfa1950cff	Unassigned	0.8977441915841842
052d3bb2c8a41d3a64319b5e9d5822d9	d__Bacteria; p__Bacillota; c__Clostridia; o__Lachnospirales; f__Lachnospiraceae; g__Marvinbryantia	0.8125112796536508
c0cdfb54db27be68c5830d507528c620	d__Bacteria; p__Bacteroidota; c__Bacteroidia; o__Bacteroidales; f__Rikenellaceae; g__Alistipes	0.9999018575450547
c02d3046b364ade908b7c66ca3ad304e	d__Bacteria; p__Bacillota; c__Clostridia; o__Lachnospirales; f__Lachnospiraceae; g__GCA-900066575	0.896886730771374
e33565744188d19f054fc276fa93954a	d__Bacteria; p__Bacteroidota; c__Bacteroidia; o__Bacteroidales; f__Rikenellaceae; g__SP3-e08	0.7281066636918254
cc49e948e8820f12008cebdc6b5f3eb1	d__Bacteria; p__Bacteroidota; c__Bacteroidia; o__Bacteroidales; f__Rikenellaceae; g__Alistipes	0.9999976829224678
977f23e374b859ccdd46d764a1e0ec2e	d__Bacteria; p__Bacillota; c__Bacilli; o__Lactobacillales; f__Streptococcaceae; g__Streptococcus	0.9979560581625714
d14334625314c7be7c6d1a395db8aaa1	d__Bacteria; p__Actinomycetota; c__Actinobacteria; o__Mycobacteriales; f__Corynebacteriaceae; g__Corynebacterium	0.9999928084157361
5b10c270f6f883b7cf98e0fb7acb5964	d__Bacteria; p__Bacillota; c__Clostridia; o__Oscillospirales; f__Ruminococcaceae; g__Acutalibacter	0.9999992514669985
0005a01e9d20c5ecec509236f0ec70d6	d__Bacteria; p__Bacillota; c__Clostridia; o__Lachnospirales; f__Lachnospiraceae	0.9626094459222572
84bcc8b58fed671cb53693f4a504fa71	d__Bacteria; p__Bacillota; c__Clostridia; o__Lachnospirales; f__Lachnospiraceae; g__Lachnospiraceae_UCG-008	0.7726901311025961
c1bd798f6a10dc48b02c635ff0a15c16	d__Bacteria; p__Bacteroidota; c__Bacteroidia; o__Bacteroidales; f__Prevotellaceae	0.9999980835322739
22f3199fa96b34246b2de3aa562e767e	d__Bacteria; p__Bacillota; c__Clostridia; o__Peptostreptococcales-Tissierellales; f__Family_XI; g__Peptoniphilus	0.9999220655124559
e6ec981ae6b876677f0351d5717f9a45	d__Bacteria; p__Bacillota; c__Clostridia; o__Peptostreptococcales-Tissierellales; f__Peptostreptococcaceae; g__Proteocatella	0.7223977233480923
7a632210cb5e6f26c4665883746b42f9	d__Bacteria; p__Bacillota; c__Clostridia; o__Oscillospirales; f__Ruminococcaceae; g__Ruminococcus	0.9952154177777808
ebe25d1a0d8b77395f082075b00bb274	d__Bacteria; p__Fusobacteriota; c__Fusobacteriia; o__Fusobacteriales; f__Fusobacteriaceae; g__Fusobacterium	0.7029713158322615
5ed5e7df1899d173e5609c2914adbb5d	d__Bacteria; p__Fusobacteriota; c__Fusobacteriia; o__Fusobacteriales; f__Fusobacteriaceae; g__Fusobacterium	0.9994419515246651
9f68d0d7280352d360466852182d2570	d__Bacteria; p__Bacillota; c__Clostridia; o__Lachnospirales; f__Lachnospiraceae	0.9078204493224695
d4ef3c6a4311f73d77d1415711016cfd	d__Bacteria; p__Bacteroidota; c__Bacteroidia; o__Bacteroidales; f__Muribaculaceae; g__Incertae_Sedis	0.9998730535592583
852abcd50c32611d773fdf6e8e7447ce	d__Bacteria; p__Bacillota; c__Clostridia; o__Oscillospirales; f__Butyricicoccaceae; g__Agathobaculum	0.9990820014466236
2ec8046237f70dd1103dbd731028d908	d__Bacteria; p__Bacillota; c__Clostridia; o__Lachnospirales; f__Lachnospiraceae	0.9995597937955997
081debb92d0ab3edfcf72702deb596f4	d__Bacteria; p__Pseudomonadota; c__Gammaproteobacteria; o__Burkholderiales; f__Sutterellaceae; g__Sutterella	0.9998717315720651
2d58c1ad9ccb5f32f8d939388ed35a3c	d__Bacteria; p__Bacillota; c__Clostridia; o__Lachnospirales; f__Lachnospiraceae	0.9999983503871547
b0bc802234948fbca6721aa6388e9022	d__Bacteria; p__Bacillota; c__Clostridia; o__Peptostreptococcales-Tissierellales; f__Anaerovoracaceae; g__Family_XIII_AD3011_group	0.9322277210371114
c64c2d1d05aabdfcb9c55edc6de3ea80	d__Bacteria; p__Bacillota; c__Clostridia; o__Oscillospirales; f__Ruminococcaceae; g__[Clostridium]_methylpentosum_group	0.9971556923402553
b4a2a6ed81750703b78e9d09b76ecfe5	d__Bacteria; p__Bacillota; c__Clostridia; o__Oscillospirales; f__Ruminococcaceae; g__Incertae_Sedis	0.999990376159811
9504bc8da3ba6b04e427daac3f050ace	d__Bacteria; p__Bacteroidota; c__Bacteroidia; o__Bacteroidales; f__Rikenellaceae; g__Rikenellaceae_RC9_gut_group	0.9998995167711535
350fe3d263ce21a7043482bcabfd6c50	d__Bacteria; p__Pseudomonadota; c__Gammaproteobacteria; o__Burkholderiales	0.9999999708201988
dd3a892583830f2ef5904e4acb959303	d__Bacteria; p__Bacillota; c__Clostridia; o__Peptostreptococcales-Tissierellales; f__Anaerovoracaceae; g__Mogibacterium	0.7038963141832142
0063d9ed1bec5f70d1b08675c7c0a61a	d__Bacteria; p__Pseudomonadota; c__Gammaproteobacteria; o__Burkholderiales; f__Oxalobacteraceae; g__Massilia	0.7294543058013054
30be93aedcd886109333de951d1abed8	d__Bacteria; p__Bacillota; c__Clostridia; o__Peptostreptococcales-Tissierellales; f__Peptostreptococcaceae; g__Asaccharospora	0.834307455602164
44f5604fbceef6833ecc2fb465f3420e	d__Bacteria; p__Bacillota; c__Clostridia; o__Clostridia_UCG-014; f__Incertae_Sedis; g__Incertae_Sedis	0.999999999995481
d47e440c37c11020b83b6dff735314a0	d__Bacteria; p__Bacillota; c__Clostridia; o__Clostridia_vadinBB60_group; f__Incertae_Sedis; g__Incertae_Sedis	0.9996776374539827
0f7c010709d296e2cf904eda0a87374c	d__Bacteria; p__Bacillota; c__Bacilli; o__Erysipelotrichales; f__Erysipelotrichaceae; g__[Clostridium]_innocuum_group	0.9661218436725314
1edd8f089b3bd447a2558664dc4b7213	d__Eukaryota	0.988520664118773
fb5bb45cbc3ab37eacdb57ed15c56915	d__Bacteria; p__Bacteroidota; c__Bacteroidia; o__Bacteroidales; f__Rikenellaceae; g__SP3-e08	0.7257919302828094
888f83beae050dcd18b862e5b555bfbb	d__Bacteria; p__Bacillota; c__Clostridia; o__Lachnospirales; f__Lachnospiraceae	0.9998015537706856
6717ed7cca386e8bc00edda5deecf594	d__Bacteria; p__Bacillota; c__Negativicutes; o__Veillonellales-Selenomonadales; f__Veillonellaceae; g__Megasphaera	0.9999538783225549
02d01e084efbfddc252b47c15fe9ed61	d__Bacteria; p__Bacillota; c__Clostridia; o__Oscillospirales; f__Ruminococcaceae; g__Paludicola	0.7741332277578649
5a4df24a3770dcad9ac44f9651ba589a	d__Bacteria; p__Bacillota; c__Clostridia; o__Oscillospirales; f__UCG-010; g__Incertae_Sedis	0.9998992052350335
aec5bf6bcc51f71422c2ceb31e1ec0a5	d__Bacteria; p__Bacteroidota; c__Bacteroidia; o__Bacteroidales; f__Tannerellaceae; g__Parabacteroides	0.999996995634484
0e3f8edea6e4ab05c6a0e4b6f1ee3330	d__Bacteria; p__Bacillota; c__Clostridia; o__Lachnospirales; f__Lachnospiraceae; g__Incertae_Sedis	0.7188036886360935
45126ae30a097c1d20520491daabb4f0	d__Bacteria; p__Bacillota; c__Clostridia; o__Oscillospirales; f__Butyricicoccaceae; g__Agathobaculum	0.9168739036124895
5134046f8a4f1ddd00c08aec92fe153b	d__Eukaryota	0.8436070270997791
078a6d5347a2f1beb032589971efdafc	Unassigned	0.6009682937559204
180a70bdb5c2363a874f89a401f415b4	d__Bacteria; p__Bacillota; c__Clostridia; o__Oscillospirales; f__Ruminococcaceae; g__Faecalibacterium	0.9347725092017284
70477e6f08aa89ac8327b3482dfd7d95	d__Bacteria; p__Pseudomonadota; c__Gammaproteobacteria; o__Pseudomonadales; f__Moraxellaceae; g__Acinetobacter	0.9998936540278957
89badb887978bd0b58bd7f4d76865453	d__Bacteria; p__Bacillota; c__Clostridia; o__Peptostreptococcales-Tissierellales; f__Family_XI; g__Anaerococcus	1.0
1d9582b0ca07fee1539e38bd091c0a33	d__Bacteria; p__Bacillota; c__Clostridia; o__Oscillospirales; f__UCG-010; g__Incertae_Sedis	0.9999730317648464
4cf1f02aa6540eceb478a5212de0dd34	d__Bacteria; p__Ignavibacteriota; c__Ignavibacteria; o__Ignavibacteriales; f__Melioribacteraceae; g__IheB3-7	0.9999781182664674
e798bdd28cbcbabe3dd69c33b4b14819	d__Bacteria; p__Bacillota; c__Clostridia	0.9998196921660809
2a77d9c86aaad9163bd4fc9b4e57802c	d__Bacteria; p__Bacillota; c__Clostridia; o__Oscillospirales; f__Ruminococcaceae	0.9885393073178694
cf90baa8bed3b9af2fe6e63e8c8ab373	d__Bacteria; p__Bacteroidota; c__Bacteroidia; o__Bacteroidales; f__Prevotellaceae; g__Segatella	0.9924233602977041
5ef3673b85d353d1a162949072fcccb7	d__Bacteria; p__Bacillota; c__Clostridia; o__Oscillospirales; f__Ruminococcaceae; g__Fournierella	0.8873657121577853
6c2a07c1d3072f7e6cb6e57b3492c17c	d__Bacteria; p__Bacillota; c__Clostridia; o__Lachnospirales; f__Lachnospiraceae	0.7525494679118347
83ecacab82a6184df47a1ef1454b33c7	d__Bacteria; p__Bacillota; c__Clostridia; o__Lachnospirales; f__Lachnospiraceae; g__Enterocloster	0.9121909927756909
5e904e33fea36445a5a8534eba96aa6e	d__Bacteria; p__Bacillota; c__Clostridia; o__Oscillospirales; f__Ruminococcaceae	0.9069069081239042
8972f10a4392e0058fe6b4697e104f2a	d__Bacteria; p__Pseudomonadota; c__Alphaproteobacteria; o__Rhodobacterales; f__Paracoccaceae; g__Rubellimicrobium	0.9999960068385154
86bded13bb4e5b96773fbf2ff9d35f8f	d__Bacteria; p__Bacillota; c__Clostridia; o__Lachnospirales; f__Lachnospiraceae; g__[Eubacterium]_eligens_group	0.8561562721136802
c1306c3aa2f6cc758bd65c99518c7892	d__Bacteria; p__Bacillota; c__Clostridia; o__Oscillospirales; f__Ruminococcaceae; g__Ruminococcus	0.9966295971923579
b3ca39b7f7e0f605ec1b253f4c51013e	d__Bacteria; p__Bacillota; c__Negativicutes; o__Veillonellales-Selenomonadales; f__Veillonellaceae; g__Veillonella	0.9999983711179162
67c20046dc5ddb89ed8aacfec952592e	d__Bacteria; p__Bacillota; c__Bacilli; o__Erysipelotrichales; f__Erysipelatoclostridiaceae; g__Erysipelotrichaceae_UCG-003	0.7201504752429894
f5ca6dcd9827b19985abab2281a10582	d__Bacteria; p__Bacillota; c__Clostridia; o__Lachnospirales; f__Lachnospiraceae	0.999992824653299
2a99a090f5c55049f0dc79c81f752a41	d__Bacteria; p__Bacteroidota; c__Bacteroidia; o__Bacteroidales; f__Rikenellaceae; g__Alistipes	0.9999048648655443
20d18b13182282f6501ebf840489320c	d__Bacteria; p__Bacillota; c__Clostridia; o__Oscillospirales; f__Oscillospiraceae; g__Flavonifractor	0.9720720750264132
370f9745cb68b007594fe8641d54d7af	d__Bacteria; p__Bacteroidota; c__Bacteroidia; o__Bacteroidales	0.9999490092933382
a98d30c176d748ec59c58a48a7bf9855	d__Bacteria; p__Bacillota; c__Clostridia; o__Peptostreptococcales-Tissierellales; f__Peptostreptococcaceae; g__[Eubacterium]_yurii_group	0.8447034443862327
afdd219c19519f612acb4d77e71e9db9	d__Bacteria; p__Bacteroidota; c__Bacteroidia; o__Bacteroidales; f__Porphyromonadaceae; g__Porphyromonas	0.9999999450261627
d4e3d71a0290b165f278d29f7fedcda9	d__Bacteria; p__Bacteroidota; c__Bacteroidia; o__Bacteroidales; f__Bacteroidaceae; g__Bacteroides	0.9998965702603357
7b88f585b7cde917a7c964251f9cd843	d__Bacteria; p__Bacillota; c__Clostridia; o__Oscillospirales; f__Oscillospiraceae; g__Colidextribacter	0.7876735242718881
b75d207f043aad6534e6bb102de00eef	d__Bacteria; p__Fusobacteriota; c__Fusobacteriia; o__Fusobacteriales; f__Fusobacteriaceae; g__Incertae_Sedis	0.7728675589204186
a07dff7e31caaae5d6f87736f0d635ad	Unassigned	0.7954580395745645
c34f8357ff3a07a8614bde85c38f836c	d__Bacteria; p__Bacillota; c__Clostridia; o__Oscillospirales; f__Oscillospiraceae; g__Colidextribacter	0.8559294512586564
44d5a382a867fe315fef380d2a4075ed	d__Bacteria; p__Bacillota; c__Clostridia; o__Oscillospirales; f__Butyricicoccaceae	0.9999763458995443
cbfca6e3b549f3a88a97066df5574b45	d__Bacteria; p__Bacillota; c__Clostridia; o__Lachnospirales; f__Lachnospiraceae	0.9999867147728073
5c3b495cae900e8bf46e31da07ef652e	d__Bacteria; p__Bacillota; c__Clostridia; o__Lachnospirales; f__Lachnospiraceae; g__Anaerobutyricum	0.9965333582703265
dd7fe85dcb2b3e910b4fcfdf20019541	d__Eukaryota	0.8488803617087142
99659d5d0bc8c24d4c4035b37c9d8a62	d__Bacteria; p__Bacillota; c__Clostridia; o__Lachnospirales; f__Lachnospiraceae; g__Howardella	0.8859898293312307
64b6050de8cca31569b40de3d8edd4c9	d__Bacteria; p__Bacillota; c__Clostridia; o__Oscillospirales; f__Butyricicoccaceae; g__Agathobaculum	0.9992818705606273
0c18038d756443cfcabe015e088eaf10	d__Bacteria; p__Bacillota; c__Clostridia; o__Oscillospirales; f__Ruminococcaceae; g__Faecalibacterium	0.8433590405600478
50efc3390b0fc1abf02b814dba3bcad8	d__Bacteria; p__Pseudomonadota; c__Alphaproteobacteria; o__Sphingomonadales; f__Sphingomonadaceae; g__Sphingobium	0.9952445232439485
0689682889b578977ed3fc312bfb737b	d__Bacteria; p__Bacillota; c__Clostridia; o__Oscillospirales; f__Ruminococcaceae	0.9697679281633514
3b5ef514c1ec1d6532014fd2b6e9fe20	d__Bacteria; p__Pseudomonadota; c__Alphaproteobacteria; o__Acetobacterales; f__Acetobacteraceae; g__Acidocella	0.9996656730324263
6ef2d31ac95751c73fceaef4de19d163	d__Bacteria; p__Bacteroidota; c__Bacteroidia; o__Bacteroidales; f__Muribaculaceae; g__Incertae_Sedis	0.9994828501882882
93d95e993e1b5c49b52a3dead1b34344	d__Bacteria; p__Bacillota; c__Clostridia; o__Oscillospirales; f__UCG-010; g__Incertae_Sedis	0.9593939807783963
f5ff9d1100d42a5aaf35155556e57da7	d__Bacteria; p__Bacillota; c__Bacilli; o__Erysipelotrichales; f__Erysipelatoclostridiaceae; g__UCG-004	0.9806147276283128
b4e9aea00bcda4e40f1135aff015f336	d__Bacteria; p__Bacteroidota; c__Bacteroidia; o__Bacteroidales; f__Prevotellaceae; g__Paraprevotella	0.9588352982998193
aaf77031ff4dd85adafe1128dd34de46	d__Bacteria; p__Bacillota; c__Clostridia; o__Christensenellales; f__Christensenellaceae; g__Christensenellaceae_R-7_group	0.9650990523173795
e1c20723a68cf44426e2db896e6cb2eb	d__Bacteria; p__Bacillota; c__Clostridia; o__Oscillospirales; f__Ethanoligenenaceae	0.7487958739745113
106fe2d5342baca443d9e6a7ad3d33b8	d__Bacteria; p__Bacillota; c__Clostridia; o__Peptococcales; f__Peptococcaceae; g__Peptococcus	0.9999910304197885
6ede5132d7cfa955fe190fdc2c6372bc	d__Bacteria; p__Bacillota; c__Negativicutes; o__Veillonellales-Selenomonadales; f__Selenomonadaceae; g__Megamonas	0.9998779971617632
d67f6b5592a2eb7034371ebaee9d5db3	d__Bacteria; p__Bacillota; c__Clostridia; o__Oscillospirales; f__Butyricicoccaceae; g__Agathobaculum	0.9999663430341946
e983ac79fe7b73dbd6e97ecc34c885c6	d__Eukaryota	0.8355439962581606
4ddabafecf6046efa80ad67bf25892d0	d__Eukaryota	0.9151159747158913
9b2e90c35b163fd28e77a246728920bb	d__Bacteria; p__Bacillota; c__Clostridia; o__Clostridia_UCG-014; f__Incertae_Sedis; g__Incertae_Sedis	0.9999999999564864
f3a1cb6510f085e4b7e12c9d9ffdf034	d__Bacteria; p__Bacillota; c__Clostridia; o__Lachnospirales; f__Lachnospiraceae	0.8883869659066376
d5966c2874e31d7dff25f176b402ec0c	d__Bacteria; p__Bacillota; c__Negativicutes; o__Acidaminococcales; f__Acidaminococcaceae; g__Phascolarctobacterium	0.9999274022945547
2cc630d15ca068f7f8ec24d28e9b93d3	d__Bacteria; p__Bacillota; c__Clostridia; o__Lachnospirales; f__Defluviitaleaceae; g__Defluviitaleaceae_UCG-011	0.9999865422121327
e98f83be3867ff86a20cf7dc76c96d13	d__Bacteria; p__Cyanobacteriota; c__Cyanobacteriia; o__Chloroplast; f__Incertae_Sedis; g__Incertae_Sedis	0.999991287770081
76ca523c8d11406aa39423b85ff3e82a	d__Bacteria; p__Bacillota; c__Clostridia; o__Lachnospirales; f__Lachnospiraceae	0.9649821536821994
0e482dd715009cb931299270e22c3737	d__Bacteria; p__Bacillota; c__Clostridia; o__Lachnospirales; f__Lachnospiraceae	0.9998118623479385
4c79f7bca559fd4556cc963bead5af85	d__Bacteria; p__Bacillota; c__Negativicutes; o__Veillonellales-Selenomonadales; f__Veillonellaceae; g__Megasphaera	0.9996889956429523
1feacc16c7a1be4e3262bce03e1a8d46	d__Bacteria; p__Bacillota; c__Bacilli; o__Erysipelotrichales; f__Erysipelatoclostridiaceae; g__Sharpea	0.9999997491812594
48d7794542bb325ec82122913149653b	d__Bacteria; p__Campylobacterota; c__Campylobacteria; o__Campylobacterales; f__Helicobacteraceae; g__Helicobacter	0.9999996684719984
6c54bb7a0c1296d5ba0f0c3f7feba670	d__Bacteria; p__Bacillota; c__Clostridia; o__Lachnospirales; f__Lachnospiraceae; g__Lachnospiraceae_UCG-010	0.9941960281219538
ae30bbaae6277dfdc540c28dfe7fbcb4	d__Bacteria; p__Bacillota; c__Clostridia; o__Oscillospirales; f__Oscillospiraceae; g__Colidextribacter	0.9690691118011704
d79ecba66d24c08e6607d3bbcad6d452	d__Bacteria; p__Bacillota; c__Clostridia; o__Peptostreptococcales-Tissierellales; f__Peptostreptococcaceae; g__Asaccharospora	0.7812681875333791
783ba6642810fc4e7ace0da256f5e27d	d__Bacteria; p__Bacillota; c__Clostridia; o__Lachnospirales; f__Lachnospiraceae; g__Lachnospiraceae_UCG-004	0.9509278076232694
73c32b17ac6567e532514def5e3d6aa6	d__Bacteria; p__Bacillota; c__Clostridia; o__Oscillospirales; f__Ruminococcaceae	0.9985889646042939
5c4c609e61fb2b015d6dbf8e35879c49	d__Bacteria; p__Bacillota; c__Negativicutes; o__Veillonellales-Selenomonadales; f__Selenomonadaceae; g__Mitsuokella	0.9999987462268692
fa35fc4dd561d7b0024b3c2eb98cf18d	d__Bacteria; p__Bacteroidota; c__Bacteroidia; o__Bacteroidales; f__Prevotellaceae; g__Incertae_Sedis	0.989257671863572
dbdf25ad8f1e4039b09c59aafa16608c	d__Bacteria; p__Bacillota; c__Clostridia; o__Lachnospirales; f__Lachnospiraceae	0.9952401048150419
f349fa493a9e62757410efd24da06614	d__Bacteria; p__Bacillota; c__Clostridia; o__Lachnospirales; f__Lachnospiraceae	0.9999779053767588
55dcf805dbc2ad5a630e29f1aa8338ec	d__Bacteria; p__Bacillota; c__Clostridia; o__Oscillospirales; f__Ruminococcaceae; g__Faecalibacterium	0.997677626821534
8125de712ca0cb9638be1a5fffda9cf4	d__Bacteria; p__Bacillota; c__Clostridia; o__Oscillospirales; f__Ruminococcaceae	0.9911459783204084
896135970c3ca354d851decff6a8502c	d__Eukaryota	0.7726318548474564
f3140fb403a6069edcb0edd242ebf82c	d__Bacteria; p__Bacillota; c__Clostridia; o__Lachnospirales; f__Lachnospiraceae	0.9999897385057301
e886847b08ed842e74595b80964f8d0e	d__Bacteria; p__Bacillota; c__Clostridia; o__Peptostreptococcales-Tissierellales; f__Family_XI; g__Anaerococcus	1.0
9631dd6ba2bb6e5bdaf83ab8f717181e	d__Bacteria; p__Bacillota; c__Clostridia; o__Lachnospirales; f__Lachnospiraceae	0.9989746982312251
82bb80e44e1e5ade29910e3cc5466a56	d__Bacteria; p__Bacillota; c__Clostridia; o__Oscillospirales; f__Ruminococcaceae; g__Faecalibacterium	0.9948926692393093
b6e52e42a485f6dfa5dbc53a80543fda	d__Bacteria; p__Actinomycetota; c__Coriobacteriia; o__Coriobacteriales; f__Eggerthellaceae; g__Berryella	0.9482002687367179
fdc0bc78d734f8890d70405d7c3da605	d__Bacteria; p__Bacillota; c__Bacilli; o__RF39; f__Incertae_Sedis; g__Incertae_Sedis	0.9999999755029453
e031ea93b63ce2020b2b690c7d12c0d6	d__Bacteria; p__Pseudomonadota; c__Alphaproteobacteria; o__Rhodospirillales; f__Incertae_Sedis; g__Incertae_Sedis	0.9955841917222555
6df3e6035c829bad7da717e4ac2ccad6	d__Bacteria; p__Actinomycetota; c__Actinobacteria; o__Actinomycetales; f__Actinomycetaceae; g__Actinotignum	0.999999058553132
02698317bbb2694b3aa10ffb1ed81479	d__Bacteria; p__Bacillota; c__Clostridia; o__Lachnospirales; f__Lachnospiraceae	0.9998165390304252
d035f6b9565621ceee00566577080655	d__Bacteria; p__Bacillota; c__Clostridia; o__Lachnospirales; f__Lachnospiraceae	0.9991989578226634
9f3c3dae10763cca79726bd3b2c41a1e	d__Bacteria; p__Bacillota; c__Clostridia	0.8130106495434823
4e9e6a750bc5ca82d4aafc60161c135c	d__Bacteria; p__Bacillota; c__Clostridia; o__Oscillospirales; f__Oscillospiraceae	0.9972629518503298
d7cfe6ccc64da2fa9e202e7e41b9e0d7	d__Bacteria; p__Bacillota; c__Clostridia	0.9990414752646499
506003399ed89c51430119f0f00e68b8	d__Bacteria; p__Bacillota; c__Clostridia; o__Lachnospirales; f__Lachnospiraceae	0.9999706242603146
ffc63ae5eab99424a158b40f7d9b4b52	d__Bacteria; p__Bacillota; c__Clostridia; o__Lachnospirales; f__Lachnospiraceae; g__Lachnospiraceae_UCG-004	0.9985634081374508
ebae4432dbfd539af44d67b279af9472	d__Bacteria; p__Bacillota; c__Clostridia; o__Clostridia_UCG-014; f__Incertae_Sedis; g__Incertae_Sedis	0.9999327987492284
fa645fb84a7c1befcedb5f5f2d4f6c12	d__Eukaryota	0.7112742931089117
b9c5e45cc0b5fc4a3de1d82355efb842	d__Bacteria; p__Actinomycetota; c__Actinobacteria; o__Micrococcales; f__Micrococcaceae; g__Micrococcus	0.9476609930366423
9824ef08d45ec51c4ecac6bcede28aa6	d__Bacteria; p__Bacillota; c__Bacilli; o__Erysipelotrichales; f__Erysipelotrichaceae; g__Turicibacter	0.9999999968483024
194d0d79a9945353965ab5a8bce2276e	d__Bacteria	0.9999999999641734
1c9d639300f76031845e7279e7965b12	d__Bacteria; p__Bacillota; c__Clostridia; o__Lachnospirales; f__Lachnospiraceae	0.8853315704398472
ef5b58e6609cf6cd5da3e9aaf668b20b	d__Bacteria; p__Bacillota; c__Clostridia; o__Lachnospirales; f__Lachnospiraceae; g__Lachnospiraceae_UCG-004	0.8625319362497539
9145783ae161ddd44d7921ce6d447c8e	d__Bacteria; p__Campylobacterota; c__Campylobacteria; o__Campylobacterales; f__Campylobacteraceae; g__Campylobacter	0.9999999998726139
436bb8f0db133300ea3ff07684a61362	d__Bacteria; p__Bacillota; c__Clostridia; o__Peptostreptococcales-Tissierellales; f__Anaerovoracaceae; g__S5-A14a	0.9999998387150685
b0d1ea9454170a5458dd0d88263bb07c	d__Bacteria; p__Bacillota; c__Clostridia; o__Christensenellales; f__Christensenellaceae; g__Christensenellaceae_R-7_group	0.999431112687011
21c1a8dae4f397280a2a2d964d5f8957	d__Bacteria; p__Bacillota; c__Clostridia; o__Clostridiales; f__Clostridiaceae; g__Clostridium	0.9723345545034836
e35c327461201ee13884e22d8d17354b	d__Bacteria; p__Bacillota; c__Clostridia; o__Lachnospirales; f__Lachnospiraceae; g__Lachnospiraceae_UCG-004	0.9440722672522267
a26a678e98123c446b40f9bbf0fa7544	d__Bacteria; p__Bacillota; c__Clostridia; o__Peptococcales; f__Peptococcaceae; g__Peptococcus	0.9999999978647054
766a8ef4dc5f3022977dccb0ecaa166d	d__Bacteria; p__Actinomycetota; c__Actinobacteria; o__Mycobacteriales; f__Corynebacteriaceae; g__Corynebacterium	0.9991098431634826
8467aad80d81228f871e1e9ed6dd9a7e	d__Bacteria; p__Bacillota; c__Clostridia; o__Clostridiales; f__Clostridiaceae; g__Clostridium	0.7522744730138322
3ad47a52fd0631fd2f2f24260417d11d	d__Bacteria; p__Bacillota; c__Clostridia; o__Peptococcales; f__Peptococcaceae; g__Peptococcus	0.9999999613395837
c6b28e63b9b8ae986e7471f58ae3b1c7	d__Bacteria; p__Bacillota; c__Clostridia; o__Lachnospirales; f__Lachnospiraceae	0.9966675707304024
91c7a03aa3eadf4dd8c647743dcb9f6c	d__Bacteria; p__Bacillota; c__Clostridia; o__Lachnospirales; f__Lachnospiraceae	0.7382007579913608
9c724e78cb1eb4b62556f2f91ebd6047	d__Bacteria	0.9999999999929428
9a75217bd9a4f3eb0a17464c9873e26c	d__Bacteria; p__Bacteroidota; c__Bacteroidia; o__Bacteroidales; f__Muribaculaceae; g__Incertae_Sedis	0.9485377482957399
d2ef9ca57467dc7df961f095c9dad608	d__Bacteria; p__Bacteroidota; c__Bacteroidia; o__Bacteroidales; f__Marinifilaceae; g__Butyricimonas	0.9994665766684494
3458c49e96da89e363e0c1582cdb7944	d__Bacteria	0.9999999999839988
f716cab80fed44e690e0e5a5fb1710c6	d__Bacteria; p__Bacillota; c__Clostridia; o__Peptostreptococcales-Tissierellales; f__Family_XI; g__Murdochiella	0.9999945135779468
f52f07ef44318fd6774e0d25fd9315a1	d__Archaea; p__Thermoplasmatota; c__Thermoplasmata; o__Methanomassiliicoccales; f__Methanomethylophilaceae; g__RumEn_M2	0.9669214272122201
559acd9bcdca6f786d8929c7a501adc2	d__Bacteria; p__Actinomycetota; c__Actinobacteria; o__Mycobacteriales; f__Corynebacteriaceae; g__Corynebacterium	0.9999709567715614
b859ce833d14cf98ff74f1bf92795ed4	d__Bacteria; p__Bacillota; c__Clostridia; o__Oscillospirales; f__Ruminococcaceae; g__Subdoligranulum	0.9767389454553196
b4d475481c56b2d27d7283309ce5c7bf	d__Bacteria; p__Bacillota; c__Clostridia; o__Lachnospirales; f__Lachnospiraceae	0.998181007161053
56fbb897fe12806f30c712537e5e1e9e	d__Bacteria; p__Bacteroidota; c__Bacteroidia; o__Bacteroidales; f__Marinifilaceae; g__Butyricimonas	0.9999764635965408
e89b70460b9c9e1a9103e7e541644035	d__Bacteria; p__Bacillota; c__Bacilli; o__Erysipelotrichales; f__Erysipelotrichaceae; g__Merdibacter	0.9989704731717322
387723f2ee466c0b7d0442324f738724	d__Bacteria; p__Bacteroidota; c__Bacteroidia; o__Bacteroidales; f__Rikenellaceae; g__Rikenellaceae_RC9_gut_group	0.9819998258128839
a954b84f6ba4012726b1183aa356a4f5	d__Bacteria; p__Acidobacteriota; c__Blastocatellia; o__Blastocatellales; f__Blastocatellaceae	0.9999999999971214
d27fbae5b9808d49b0e183b65fcbd374	d__Bacteria; p__Bacillota; c__Clostridia; o__Oscillospirales; f__Oscillospiraceae; g__Colidextribacter	0.8523653563230252
b720f3da972e87c55c386a0d20d89ed3	d__Bacteria; p__Bacillota; c__Clostridia; o__Clostridia_vadinBB60_group; f__Incertae_Sedis; g__Incertae_Sedis	0.9999675296556988
705c67ea91640b08526403b7343bb1a8	d__Bacteria; p__Bacillota; c__Clostridia; o__Clostridiales; f__Clostridiaceae; g__Clostridium	0.9896191734486699
cb53f9cc947880000495251680f40c86	d__Bacteria; p__Actinomycetota; c__Coriobacteriia; o__Coriobacteriales; f__Eggerthellaceae; g__CHKCI002	0.8625976473205543
32dc8f207b21f81917e0eecdd076ad04	d__Bacteria; p__Bacillota; c__Clostridia; o__Oscillospirales; f__Ruminococcaceae; g__Faecalibacterium	0.9994231490033066
73160634972ec9b289504fe4f780b003	d__Bacteria; p__Bacillota; c__Clostridia; o__Lachnospirales; f__Lachnospiraceae; g__Lachnospiraceae_UCG-008	0.7442043705362572
a0ba8c6a290f8113f902ae86ab6c959a	d__Bacteria; p__Bacillota; c__Clostridia; o__Lachnospirales; f__Lachnospiraceae	0.9614930964226609
eab795a5be096b288ce0e3f7258ae3e4	d__Bacteria; p__Bacillota; c__Clostridia; o__Oscillospirales; f__Ruminococcaceae	0.9946131597907064
cfbde19c3a55685da44e3aa9467f46cd	d__Bacteria; p__Bacillota; c__Clostridia; o__Oscillospirales; f__Ruminococcaceae; g__Negativibacillus	0.9980792318272786
ad38cde6e3608562e96a0a51c7996ee8	d__Eukaryota	0.7253447368380181
24f5e98e58a7b344f3a678b573f931af	d__Bacteria; p__Bacillota; c__Clostridia; o__Oscillospirales; f__Ruminococcaceae; g__Ruminococcus	0.9930963506612837
28d06c53e3f27ded83c5f41e0b55b8b5	d__Bacteria; p__Bacteroidota; c__Bacteroidia	0.9999998942917794
a5c7afefbfc61b90a74765b2bb64b32d	d__Bacteria; p__Pseudomonadota; c__Alphaproteobacteria; o__Azospirillales; f__Azospirillaceae; g__Niveispirillum	0.9554184275467751
d45dbd1138d0bcb079f1d1c2d27d91e6	d__Eukaryota	0.8092965090898864
a1be069f924e766407f06e934a689b48	d__Bacteria; p__Bacillota; c__Clostridia; o__Lachnospirales; f__Lachnospiraceae	0.9950428969571512
dc545dcac5e20dd9e420100356aeddef	d__Bacteria; p__Bacillota; c__Clostridia; o__Oscillospirales; f__Oscillospiraceae; g__Oscillibacter	0.9263599360519689
402bfd668742999638b2badce1a19a8b	d__Bacteria; p__Pseudomonadota; c__Gammaproteobacteria; o__Burkholderiales; f__Sutterellaceae; g__Parasutterella	0.8617414951383064
c39cee569e34a34ff6c464a324ac8657	d__Bacteria; p__Bacillota; c__Clostridia; o__Lachnospirales; f__Lachnospiraceae; g__Lachnospiraceae_UCG-004	0.9966053295801363
75c1675d89350afa0be355dd39c88f1f	d__Bacteria; p__Pseudomonadota; c__Gammaproteobacteria; o__Enterobacterales; f__Enterobacteriaceae; g__Escherichia-Shigella	0.997916799924758
db86c03e7760a33d68b7bd897f464c06	d__Bacteria; p__Bacillota; c__Clostridia	0.9590535368845607
895645d5762aceb91d29d9afd02b30fc	d__Bacteria; p__Actinomycetota; c__Actinobacteria; o__Mycobacteriales	0.8146500443363043
fa88bf61eaef5d5c7e4572e183fb8a47	d__Bacteria; p__Bacillota; c__Bacilli; o__Lactobacillales; f__Streptococcaceae; g__Streptococcus	0.9982633854472172
5a943ab1160bc09f14eccb16f74b435f	d__Bacteria; p__Bacillota; c__Clostridia; o__Oscillospirales; f__Ruminococcaceae; g__Incertae_Sedis	0.9177226591193265
9a350d33a8bbf72623519e3d5a13a797	d__Bacteria; p__Bacillota; c__Clostridia; o__Oscillospirales; f__Ruminococcaceae; g__Paludicola	0.973511287442743
642cd3c604f38a3e7a26ff54d53f63cf	d__Bacteria; p__Pseudomonadota; c__Gammaproteobacteria; o__Burkholderiales; f__Neisseriaceae; g__Neisseria	0.9946200687065844
830bcf47b62c17991f17a73c85113aaa	d__Bacteria; p__Bacillota; c__Negativicutes; o__Veillonellales-Selenomonadales; f__Veillonellaceae; g__Incertae_Sedis	0.9739980264098069
e206cf3945deb406afa1d08b4fa89486	d__Bacteria; p__Bacillota; c__Clostridia; o__Lachnospirales; f__Lachnospiraceae	0.9999985922312753
b8c51b338ed63d7cb7ecd56a48d86a01	d__Bacteria; p__Bacillota; c__Clostridia; o__Oscillospirales; f__Oscillospiraceae; g__UCG-005	0.9387394298016448
33edfa4e8ae77ba65957404d24555d8b	d__Bacteria; p__Pseudomonadota; c__Gammaproteobacteria; o__Burkholderiales; f__Sutterellaceae; g__Sutterella	0.9999734796336335
ea84471be23fcda7941f77b4b92841fc	d__Bacteria; p__Bacillota; c__Clostridia	0.8603296022669202
9be77e040dff7efc8a3e27a5c9939149	d__Bacteria; p__Bacillota; c__Clostridia	0.9963908533040993
7f5582969ac90e774893ca89f5e18941	d__Bacteria; p__Bacteroidota; c__Bacteroidia; o__Bacteroidales; f__Rikenellaceae; g__SP3-e08	0.9535214023269974
5cf0bd0ea3737483e77add83f5ab6a2a	d__Bacteria; p__Bacillota; c__Clostridia; o__Oscillospirales; f__Oscillospiraceae; g__Oscillibacter	0.9027102093318241
d5696df9abcda31dd9056ecaca4c9fba	d__Bacteria	0.9773665855871418
3e90a673f5b0c333aed2aa1c40e6d526	d__Bacteria; p__Bacillota; c__Clostridia; o__Lachnospirales; f__Lachnospiraceae	0.9965107341124158
433e826dfeec9768ba3fde25720ce2d2	d__Bacteria; p__Bacillota; c__Clostridia; o__Lachnospirales; f__Lachnospiraceae; g__Cellulosilyticum	0.9999975756740694
85fdd79fe30ddd6a83de533ebc5a788e	d__Bacteria; p__Actinomycetota; c__Actinobacteria; o__Actinomycetales; f__Actinomycetaceae; g__Schaalia	0.9999999306227234
e5ea4b2ea4204adc02dabc7cba635818	d__Eukaryota	0.7638456683766642
95781ce5aca2af696fd7a5ff5668fee3	d__Bacteria; p__Bacillota; c__Clostridia; o__Oscillospirales; f__Ruminococcaceae; g__Incertae_Sedis	0.8936760272482445
124b4240a762e1e816788e81258ec9fc	d__Eukaryota	0.8060950625819461
e7cdd50abe6b655c3adc760927ad8a07	d__Bacteria; p__Bacillota; c__Bacilli; o__Erysipelotrichales; f__Erysipelotrichaceae; g__Dielma	0.980371545430498
419278f6c1dbb51d4b72834d67b63cb8	d__Bacteria; p__Fusobacteriota; c__Fusobacteriia; o__Fusobacteriales; f__Leptotrichiaceae; g__Leptotrichia	0.9994217612277848
f2c709b8b21a80bd11428cde7b5f1b8f	d__Bacteria; p__Pseudomonadota; c__Alphaproteobacteria; o__Rhodobacterales; f__Paracoccaceae; g__Paracoccus	0.9621677098446535
8bf0c6e72ce4a85f8c5329d7c26a26fb	d__Bacteria; p__Bacteroidota; c__Bacteroidia; o__Bacteroidales; f__Bacteroidaceae; g__Bacteroides	0.9942165784598133
d5d83364fbbba4f2e7f1aab503c82ad0	d__Bacteria; p__Bacteroidota; c__Bacteroidia; o__Bacteroidales; f__Rikenellaceae; g__Alistipes	0.9999786548347174
f086da527ebcff3fb7e1f41f6229b8ff	d__Bacteria; p__Bacillota; c__Clostridia; o__Lachnospirales; f__Lachnospiraceae	0.7672712926243752
f3ce88975c268ef95921e2afd84b2d27	d__Bacteria; p__Pseudomonadota; c__Gammaproteobacteria; o__Enterobacterales; f__Succinivibrionaceae; g__Succinatimonas	0.9999996967486344
fbbedc93d3e1f8ea67a2677ff4d9b373	d__Bacteria; p__Bacillota; c__Clostridia; o__Lachnospirales; f__Lachnospiraceae; g__Lachnospiraceae_UCG-004	0.9123522728662063
0536e30683fefe486fba25ad1868520a	d__Bacteria; p__Bacillota; c__Clostridia; o__Lachnospirales; f__Lachnospiraceae	0.7600937473222995
f87fa464406e5f72bb0c910b215a38d0	d__Bacteria; p__Bacillota; c__Clostridia; o__Lachnospirales; f__Lachnospiraceae; g__Anaerostipes	0.9682789537242049
817c1bc6620e37d2753cd53632663184	d__Bacteria; p__Actinomycetota; c__Coriobacteriia; o__Coriobacteriales; f__Eggerthellaceae	0.9999851599468101
6b9954de425ec098f63b041ff54289c4	d__Bacteria; p__Bacteroidota; c__Bacteroidia; o__Bacteroidales; f__Rikenellaceae; g__SP3-e08	0.9966735302806613
43d9ec98c8bd1ddd386cf6fad396421f	d__Bacteria; p__Bacillota; c__Clostridia; o__Lachnospirales; f__Lachnospiraceae; g__Lachnospiraceae_UCG-008	0.7197108804505031
d5bcd1c64dc1ce4615c3492132b630dc	d__Bacteria; p__Bacteroidota; c__Bacteroidia; o__Bacteroidales; f__Barnesiellaceae; g__Barnesiella	0.9999990857314659
f73d7c70f9cd9e594728daee0a208057	d__Bacteria; p__Bacillota; c__Bacilli; o__Erysipelotrichales; f__Erysipelotrichaceae; g__Holdemanella	0.9992064440288758
0c74cf47b98c4ff23faed90b9db3759f	d__Bacteria; p__Bacteroidota; c__Bacteroidia; o__Bacteroidales; f__Bacteroidaceae; g__Bacteroides	0.9999991561341098
8983b6c33438a281663cf0e9970bd0b9	Unassigned	0.9758925413742655
36e203dcbe002e10ecda3762d042e577	d__Bacteria; p__Bacillota; c__Clostridia; o__Lachnospirales; f__Lachnospiraceae	0.9999985830853899
7f3878e26d799d9bcf5af09775c0edab	d__Bacteria; p__Bacillota; c__Clostridia; o__Christensenellales; f__Christensenellaceae; g__Christensenellaceae_R-7_group	0.993922340855549
81f5865af6a7a33f515e6237fa44807e	d__Bacteria; p__Bacillota; c__Clostridia; o__Oscillospirales	0.930652390513379
3d26453e6a0aef4a6a01177cadefee52	d__Bacteria; p__Bacillota; c__Clostridia; o__Lachnospirales; f__Lachnospiraceae	0.9959943359006146
91c7087b08d64cd6d13396c31cd3adc8	d__Bacteria; p__Bacillota; c__Clostridia; o__Oscillospirales; f__Ruminococcaceae; g__Faecalibacterium	0.7184226328913168
b215653c1b86acd903d451776e9f3e59	d__Bacteria; p__Bacteroidota; c__Bacteroidia; o__Bacteroidales; f__Prevotellaceae	0.9999999487493723
5e4155136cbeb1d60a06f6ab5a4a8563	d__Bacteria; p__Actinomycetota; c__Actinobacteria; o__Actinomycetales; f__Actinomycetaceae; g__Schaalia	0.9999999753647874
c1a59cb8516b19b8b5bcb39ab475e343	d__Bacteria; p__Bacillota; c__Clostridia; o__Lachnospirales; f__Lachnospiraceae	0.9999413010422947
6a832d47027f58d720f3f7a59c6572ae	d__Bacteria; p__Bacillota; c__Clostridia; o__Oscillospirales; f__Ruminococcaceae; g__Anaerotruncus	0.8824909216265616
b442f222628d26d103c9474b002a3cfd	d__Bacteria; p__Bacillota; c__Clostridia; o__Lachnospirales; f__Lachnospiraceae; g__Lachnospira	0.9124972599974032
2e201ff495595dbe2d5d13345e1864c9	d__Bacteria; p__Fusobacteriota; c__Fusobacteriia; o__Fusobacteriales; f__Fusobacteriaceae; g__Fusobacterium	0.9999999993967918
8cd66b5f3b4aa0a111bd338b1e4e7cb0	d__Bacteria; p__Bacillota; c__Clostridia; o__Lachnospirales; f__Lachnospiraceae; g__Incertae_Sedis	0.7537119415243629
9836a6b7992b1dabf215f4663c9830c6	d__Bacteria; p__Bacillota; c__Clostridia; o__Oscillospirales; f__Butyricicoccaceae; g__Agathobaculum	0.9794873223321652
ff54e8b3149ddeb9af3301ec4390f173	d__Bacteria; p__Actinomycetota; c__Coriobacteriia; o__Coriobacteriales; f__Coriobacteriaceae; g__Collinsella	0.7464583513785567
2c4a5d6c441821d41756ab9a3f6f2e67	d__Bacteria; p__Actinomycetota; c__Actinobacteria; o__Actinomycetales; f__Actinomycetaceae; g__Schaalia	0.9999999826968208
7858fc2a0a37e8737c78cc3d7ac596ae	d__Bacteria; p__Cyanobacteriota; c__Vampirivibrionia; o__Gastranaerophilales; f__Gastranaerophilaceae; g__Zag_111	0.9925073633773663
ea1996a70a74503a156dddb6c35899fa	d__Eukaryota	0.8996893086852215
531f99e62ee0d6cad33470268faa05fb	d__Bacteria; p__Bacillota; c__Clostridia; o__Lachnospirales; f__Lachnospiraceae	0.999986867302784
a1cc10e2bf6fb028fb037c3ca80c74cb	d__Bacteria; p__Bacteroidota; c__Bacteroidia; o__Bacteroidales	0.9999999849017392
0249bf75a8ca3a0ac06fd0862d605930	d__Bacteria; p__Bacillota; c__Clostridia; o__Christensenellales; f__Christensenellaceae; g__Christensenellaceae_R-7_group	0.8189064316699877
676c1af65b4e1a1ece9377c3d25038e1	d__Eukaryota	0.8121783946581713
39634c68e0e7d0dead99af4bee552465	d__Bacteria; p__Bacillota; c__Clostridia; o__Lachnospirales; f__Lachnospiraceae	0.9997299901519593
a52a83749594684e4ecf875e89610208	d__Bacteria; p__Bacillota; c__Clostridia; o__Oscillospirales; f__Oscillospiraceae; g__Oscillibacter	0.9826106277593236
f40e5067473229f40315333cc8475ede	d__Bacteria; p__Bacillota; c__Clostridia; o__Oscillospirales; f__[Eubacterium]_coprostanoligenes_group; g__Incertae_Sedis	0.9996756389787718
dd3db6d5112ea6d69178c1755dc6cd9b	d__Bacteria; p__Bacillota; c__Clostridia; o__Lachnospirales; f__Lachnospiraceae	0.9994828947684863
fbb0d4a558d446164e6f92fdab7c5e60	d__Bacteria; p__Bacillota; c__Clostridia; o__Oscillospirales; f__UCG-010; g__Incertae_Sedis	0.9998888778496773
df6392dbc9a14cce3be3519742082feb	d__Bacteria; p__Bacteroidota; c__Bacteroidia; o__Bacteroidales; f__Porphyromonadaceae; g__Porphyromonas	0.9999983091866594
2f7046aa77decfd3e4c2775a34170a8b	d__Bacteria; p__Bacillota; c__Clostridia; o__Lachnospirales; f__Lachnospiraceae	0.9479495105550402
4d7e768d557a5a15fffd7da319c09172	d__Bacteria; p__Bacillota; c__Clostridia; o__Oscillospirales; f__Ruminococcaceae; g__Caproiciproducens	0.9982032212718318
58c3e243ee5e75923cdb238d36bb5a21	d__Bacteria; p__Bacillota; c__Clostridia; o__Lachnospirales; f__Lachnospiraceae	0.9997719296300208
0549c6080da04277c86bf551ca8e21e8	d__Bacteria; p__Actinomycetota; c__Actinobacteria; o__Mycobacteriales; f__Corynebacteriaceae; g__Corynebacterium	0.9999517925646101
c4f6ca561018184263cb17181eac7712	d__Bacteria; p__Bacillota; c__Clostridia; o__Oscillospirales; f__Ruminococcaceae; g__Ruminococcus	0.9723504792361467
b8707dfb1f2a5edde7a584afa23e896f	d__Bacteria; p__Bacillota; c__Bacilli; o__Erysipelotrichales; f__Erysipelotrichaceae; g__Holdemanella	0.9989496002526302
45e2a5533212e60f5aed7009d518067a	d__Bacteria; p__Bacillota; c__Negativicutes; o__Veillonellales-Selenomonadales; f__Selenomonadaceae; g__Megamonas	0.999922566317416
12882cf246ce878e288a4db4f64c0c11	d__Bacteria; p__Bacillota; c__Bacilli; o__Erysipelotrichales; f__Erysipelotrichaceae; g__Holdemania	0.999996673778487
ab5a21672b5f7c6435b42e629d64b982	d__Bacteria; p__Bacillota; c__Clostridia; o__Lachnospirales; f__Lachnospiraceae; g__Lachnospiraceae_UCG-004	0.9949557856949947
51dc67bbff72cd5e2d7ece06e7d5742a	d__Bacteria; p__Bacteroidota; c__Bacteroidia; o__Bacteroidales; f__Prevotellaceae	0.999999998355164
0f2c2ce78400bb97b20d85e4cecb9fe3	d__Bacteria; p__Bacillota; c__Clostridia; o__Lachnospirales; f__Lachnospiraceae; g__Lachnospiraceae_UCG-004	0.9524781768529486
82366c4577e1a0e3367b55a60f7d18d9	d__Bacteria; p__Bacillota; c__Clostridia; o__Lachnospirales; f__Lachnospiraceae	0.9974437136960802
0a46facee1de9c53764b9122978ed5c2	d__Bacteria; p__Bacillota; c__Clostridia; o__Oscillospirales; f__Oscillospiraceae	0.9999937635423067
0c30e74845afb94ede575d493f80763b	d__Bacteria; p__Bacillota; c__Bacilli; o__Erysipelotrichales; f__Erysipelotrichaceae; g__Dielma	0.9996403533271905
6a0f99b04aa3fe1f7ab7e00e983c1fa1	d__Bacteria; p__Bacteroidota; c__Bacteroidia; o__Bacteroidales; f__Prevotellaceae	0.9999995274710508
e9c8174e51f9b31d8813e4a13027c211	d__Bacteria; p__Bacillota; c__Clostridia; o__Lachnospirales; f__Lachnospiraceae; g__Lachnospiraceae_UCG-004	0.9284287580699447
6e92f331d9645f2f7ebc815c010deb47	d__Eukaryota	0.7077873921185176
391ca24fddd6f31415b00f38169d403a	d__Eukaryota	0.8835613739297796
871a49b0163f8748d159e10e25de9ec9	Unassigned	0.9772987565620873
e50ce1ec15f80b3451adceb9439545ee	d__Eukaryota	0.8450851263341612
38126983e0a0c81b4bdf5129aa9425b4	Unassigned	0.9827617097029571
51a692f6dc2d23890677b929e6efebdc	d__Bacteria; p__Bacillota; c__Clostridia; o__Lachnospirales; f__Lachnospiraceae	0.9930439787636971
a680c40fdfed437903a43480743ca6c9	d__Bacteria; p__Pseudomonadota; c__Gammaproteobacteria; o__Burkholderiales; f__Sutterellaceae; g__Sutterella	0.9993362247307056
0e84945d38a0f0cf9295e3449e8e71f3	d__Bacteria; p__Bacillota; c__Clostridia; o__Oscillospirales; f__Butyricicoccaceae; g__UCG-009	0.9967831250882665
73fd4dc98255b964bdcdd3a64b46b6d8	d__Bacteria; p__Bacillota; c__Clostridia; o__Oscillospirales; f__Ruminococcaceae; g__Angelakisella	0.9592033787210489
c9e3abca37487cdb697bcc15dcb2cc12	d__Bacteria; p__Bacillota; c__Bacilli; o__Erysipelotrichales; f__Erysipelotrichaceae; g__Catenisphaera	0.9999760068663751
0e7319543a346ec39d529a2e8cda7e24	d__Eukaryota	0.7145677714478498
66d855bf7e6232ea6c85528e69ca5fc4	d__Bacteria; p__Bacteroidota; c__Bacteroidia; o__Bacteroidales; f__Prevotellaceae; g__Prevotella	0.9992419404320698
cc2edac343a1653adc25c4b46bcdc928	d__Bacteria; p__Pseudomonadota; c__Gammaproteobacteria; o__Burkholderiales; f__Neisseriaceae; g__Neisseria	0.9995135698710021
34993a2485eb17dda86638dd2206acf0	d__Bacteria	0.9999999989832946
6941c80c45867f627d6308fe16d5bcbb	d__Bacteria; p__Bacillota; c__Clostridia; o__Oscillospirales; f__Ruminococcaceae; g__Ruthenibacterium	0.9999342168120863
b0ba1b597ed3df385285acf70d924d49	d__Bacteria; p__Bacillota; c__Clostridia; o__Oscillospirales; f__Oscillospiraceae; g__Oscillospira	0.9600004297168182
4a27ca9c74d22215901376fb563c27bb	d__Bacteria; p__Bacillota; c__Clostridia; o__Lachnospirales; f__Lachnospiraceae	0.9999997059664325
f5cf3375eb468678e008215b307c01bf	d__Bacteria; p__Bacteroidota; c__Bacteroidia; o__Bacteroidales; f__Rikenellaceae; g__Alistipes	0.999719318538253
fad3ff0697ad7cf7ac5292fdc0238dcb	d__Bacteria; p__Bacillota; c__Clostridia; o__Peptococcales; f__Peptococcaceae; g__Peptococcus	0.9999999953658829
424970ebaa396b90b5f996de82cb0b05	d__Bacteria; p__Bacillota; c__Clostridia; o__Oscillospirales; f__Ruminococcaceae	0.9943247039397138
9a492fa08cdac571cdcdd7f1a957c6f2	d__Bacteria; p__Bacillota; c__Clostridia; o__Lachnospirales; f__Lachnospiraceae; g__Agathobacter	0.8139168230304482
857bbbb828fd8958a4566b4eb5c697da	d__Bacteria; p__Bacteroidota; c__Bacteroidia; o__Bacteroidales; f__Rikenellaceae; g__SP3-e08	0.9239291908224505
4f3c0d01c9adf5b50e2179a42faf16ef	d__Bacteria; p__Bacillota; c__Clostridia; o__Peptostreptococcales-Tissierellales; f__Anaerovoracaceae; g__Family_XIII_AD3011_group	0.9964119150489618
899ae7996fa4e479a9b1746adb724b7f	d__Bacteria; p__Bacillota; c__Clostridia; o__Lachnospirales; f__Lachnospiraceae; g__[Eubacterium]_oxidoreducens_group	0.7663763536218823
2f34665979c93aea0d999e6b146d55b8	d__Bacteria; p__Bacillota; c__Clostridia; o__Oscillospirales; f__UCG-010; g__Incertae_Sedis	0.9974367627426433
10538429a5c2abe4406a66973765d805	d__Eukaryota	0.7406603370764553
c7231109015a2d2f86779d487dc2bf8d	d__Bacteria; p__Bacillota; c__Clostridia; o__Oscillospirales; f__Ruminococcaceae; g__Ruminococcus	0.999596515021729
b20cc450810888857d784650a29976ae	d__Bacteria; p__Bacillota; c__Clostridia; o__Oscillospirales; f__Butyricicoccaceae; g__Agathobaculum	0.9327981599705997
58e5fbaa2e3e8bc9be59d7b35e7bb40d	d__Bacteria; p__Bacillota; c__Clostridia; o__Lachnospirales; f__Lachnospiraceae	0.9285901807794956
de738106a2e0dd09b8735de9474c9a62	d__Bacteria; p__Bacillota; c__Clostridia; o__Oscillospirales; f__Oscillospiraceae; g__UCG-003	0.9304391269107857
127ce21c81308596888e2d912db5bb9b	d__Eukaryota	0.8552946067549296
818d71cf13b0051d6cfef87cddafd3e2	d__Bacteria; p__Bacillota; c__Clostridia; o__Oscillospirales; f__[Eubacterium]_coprostanoligenes_group; g__Incertae_Sedis	0.9994114005680371
0e9c9b9517a23c319220703473562559	d__Bacteria; p__Bacillota; c__Clostridia; o__Oscillospirales; f__Butyricicoccaceae; g__Agathobaculum	0.9485070793602813
8ce2cf0cc70577958b35476ab1cc1644	d__Bacteria; p__Bacillota; c__Clostridia; o__Christensenellales; f__Christensenellaceae; g__Christensenellaceae_R-7_group	0.8168818501256337
c9cb1d9636ad9da095ee9a55938774d8	d__Bacteria; p__Bacteroidota; c__Bacteroidia; o__Cytophagales; f__Hymenobacteraceae; g__Hymenobacter	0.9999998095507759
dea7584fd8874afd2ad00bda5cf21c2a	d__Bacteria; p__Bacillota; c__Clostridia; o__Oscillospirales; f__Ruminococcaceae; g__Incertae_Sedis	0.9468557027358592
7a5abd565f4980abc412eaa7de179ed1	d__Bacteria; p__Bacteroidota; c__Bacteroidia; o__Bacteroidales; f__Prevotellaceae	0.9999999972066703
13c2a19ac3dab2003b745503d3cfeae4	d__Bacteria; p__Bacillota; c__Clostridia; o__Oscillospirales; f__Oscillospiraceae; g__Intestinimonas	0.7167177185568214
9d364e60624a670de0d847b4b9f4411d	d__Bacteria; p__Pseudomonadota; c__Gammaproteobacteria; o__Burkholderiales; f__Sutterellaceae; g__Sutterella	0.8380631431669842
3cb82acfe1b2c5d20ad7c3f39f65350b	d__Bacteria; p__Actinomycetota; c__Actinobacteria; o__Mycobacteriales; f__Corynebacteriaceae; g__Corynebacterium	0.9996445611035495
456b945483310b9ac656dd13a186d18b	d__Bacteria; p__Bacillota; c__Clostridia; o__Oscillospirales; f__Ruminococcaceae; g__Negativibacillus	0.960282885915647
0e5db5af0a79a84235d1cbaa6ee101ce	d__Bacteria; p__Bacillota; c__Clostridia; o__Oscillospirales; f__Oscillospiraceae	0.999141512778408
98341e559f22ab4056e2b9fc22b574d9	d__Bacteria; p__Bacillota; c__Clostridia; o__Peptostreptococcales-Tissierellales; f__Peptostreptococcaceae; g__Asaccharospora	0.8785181212920258
448a2c58768a5e3ebfe126c0402e26ae	d__Bacteria; p__Bacteroidota; c__Bacteroidia; o__Bacteroidales; f__Rikenellaceae; g__SP3-e08	0.7664508075134521
6e5b400ce425225b7094b77bc9a14202	d__Bacteria; p__Bacillota; c__Negativicutes; o__Veillonellales-Selenomonadales; f__Veillonellaceae; g__Megasphaera	0.999925635177827
46170bd1326b34236fb94af857febc52	d__Bacteria; p__Actinomycetota; c__Coriobacteriia; o__Coriobacteriales; f__Coriobacteriaceae; g__Collinsella	0.9998406665918267
897e4eb94602bdc765ec411be016562d	d__Bacteria; p__Bacillota; c__Clostridia; o__Peptostreptococcales-Tissierellales; f__Anaerovoracaceae; g__Mogibacterium	0.9995493316551821
32711476e6990dbf99b8046f0d2808e9	d__Bacteria; p__Bacillota; c__Clostridia; o__Oscillospirales; f__Oscillospiraceae	0.9988140788921138
674898e0900898e89e9e3efc73bcf41e	d__Bacteria; p__Bacillota; c__Bacilli; o__Erysipelotrichales; f__Erysipelotrichaceae; g__[Clostridium]_innocuum_group	0.9724131705606465
756e83cd74a40ab3bb5622e7402b2661	d__Bacteria	0.9999999999975749
08590509320068b36758ad4119bf5548	d__Bacteria; p__Bacillota; c__Clostridia; o__Lachnospirales; f__Lachnospiraceae	0.9992999364034616
062ef3f05674ce061a17f7dde8c6cf3d	d__Bacteria; p__Actinomycetota; c__Actinobacteria; o__Actinomycetales; f__Actinomycetaceae; g__Schaalia	0.999999886467726
295ff5dbd14e2167a324b68808fdad3d	d__Bacteria; p__Bacillota; c__Clostridia; o__Lachnospirales; f__Lachnospiraceae; g__[Eubacterium]_oxidoreducens_group	0.8452973045271803
c52c2566e0e09235d48849ca8241c7d1	d__Bacteria; p__Actinomycetota; c__Actinobacteria; o__Mycobacteriales; f__Corynebacteriaceae; g__Corynebacterium	0.9997749295945115
5016f55dda14a504b991f12fb9bc52b9	d__Eukaryota	0.8427086619720404
5df5f9293a944bc5b679f1a9fa2cd22a	d__Bacteria; p__Pseudomonadota; c__Gammaproteobacteria; o__Burkholderiales; f__Sutterellaceae; g__Sutterella	0.9999992929678795
d8c56c71ee83421f3d43ae26ed0d8e7c	d__Bacteria; p__Bacillota; c__Clostridia; o__Lachnospirales; f__Lachnospiraceae	0.9992465585397792
e0d65213ad113e06dbe291c305edb2cf	d__Bacteria; p__Bacillota; c__Clostridia; o__Monoglobales; f__Monoglobaceae; g__Monoglobus	0.9999953191531845
7599aa1e326f1cd803865e73cd2e509f	d__Bacteria; p__Bacillota; c__Clostridia; o__Lachnospirales; f__Lachnospiraceae	0.9997115332406876
5fd68151c67b5227689f4614e4ee364f	d__Bacteria; p__Thermodesulfobacteriota; c__Desulfovibrionia; o__Desulfovibrionales; f__Desulfovibrionaceae; g__Mailhella	0.9842789991801916
596786a8ced3153bd1ed4279f1237ab8	d__Bacteria; p__Bacillota; c__Clostridia; o__Peptostreptococcales-Tissierellales; f__Family_XI; g__Anaerococcus	0.9996393413978492
e5adaf1d27b1df33094ff8b0389a3979	d__Bacteria; p__Bacillota; c__Clostridia; o__Oscillospirales; f__Butyricicoccaceae; g__Agathobaculum	0.9971966639381188
3463d96ef946d6cafdfab901ff5907d4	d__Bacteria	0.9999999999998963
b02def181b5546ea4b31e395dcde4c9f	d__Bacteria; p__Bacillota; c__Bacilli; o__Staphylococcales; f__Staphylococcaceae; g__Staphylococcus	0.9531772156130319
146e61f707763de178229a374d3ac226	d__Bacteria; p__Bacillota; c__Clostridia; o__Lachnospirales; f__Lachnospiraceae	0.9963031500220368
45950f3a76ea421000b499220ac6de23	d__Bacteria; p__Bacillota; c__Clostridia; o__Oscillospirales; f__Oscillospiraceae; g__Incertae_Sedis	0.7043865008971515
419c115d119a2edb0a8efc5a23154ab8	d__Bacteria; p__Bacillota; c__Clostridia; o__Oscillospirales; f__Oscillospiraceae	0.9968711573684093
0f508fb537245c3362d2cdca7ad2119b	d__Bacteria; p__Bacillota; c__Clostridia	0.9999999982508767
6e3ed1677be886152be6b35b835d7a6e	d__Bacteria; p__Bacillota; c__Clostridia; o__Oscillospirales	0.997607539666034
11dabc19567e7bce210c034ada9e3855	d__Bacteria; p__Bacillota; c__Clostridia; o__Peptostreptococcales-Tissierellales; f__Family_XI; g__Kallipyga	0.9999999676605006
80eaeda7e0c9c95a87e7838c389fb0dd	d__Bacteria; p__Bacillota; c__Clostridia; o__Peptostreptococcales-Tissierellales; f__Family_XI; g__Helcococcus	0.9999998928596114
32dba126c6bc64232601362847405277	d__Bacteria; p__Bacillota; c__Clostridia; o__Lachnospirales; f__Lachnospiraceae; g__Lachnospiraceae_UCG-004	0.9817150796063494
8ea7f87a1af2c9837ac395b0ff7a9a47	d__Bacteria; p__Thermodesulfobacteriota; c__Desulfovibrionia; o__Desulfovibrionales; f__Desulfovibrionaceae; g__Mailhella	0.9684352017552648
ef1a17c58d1cb06452cc132cb2ae9b8a	d__Bacteria; p__Bacillota; c__Bacilli; o__Erysipelotrichales; f__Erysipelatoclostridiaceae; g__Thomasclavelia	0.9999823265925719
8eef72240ab023c4656f30437f1a0c00	d__Bacteria	0.9999999999923623
b5695cf300ff1faedc48b7be6a7ba6e2	d__Bacteria; p__Pseudomonadota; c__Gammaproteobacteria; o__Lysobacterales; f__Lysobacteraceae; g__Stenotrophomonas	0.976944563439054
39f782506b19982ce89c8033c97f416e	d__Bacteria; p__Bacillota; c__Negativicutes; o__Veillonellales-Selenomonadales; f__Veillonellaceae; g__Dialister	0.9792750264966457
3bec925d2ca28e9b0e2bfd153130a6fc	d__Bacteria; p__Verrucomicrobiota; c__Verrucomicrobiia; o__Verrucomicrobiales; f__Akkermansiaceae; g__Akkermansia	0.999998013987803
5319fe522fa5e6a1e08acdf1b3a0240f	d__Bacteria; p__Bacteroidota; c__Bacteroidia; o__Bacteroidales; f__Prevotellaceae	0.999999942437804
d8bc66fd7fe57300fa813a1473771c1b	d__Bacteria	0.9999999994994985
85141f357aabb6f9c68ef0d7b43af9c9	d__Bacteria; p__Bacillota; c__Clostridia; o__Incertae_Sedis; f__Incertae_Sedis; g__Lutispora	0.9145598486440235
f3354ead7a4b601bb3315290ac578b6c	d__Bacteria; p__Bacteroidota; c__Bacteroidia; o__Bacteroidales; f__Bacteroidaceae; g__Bacteroides	0.9999293808409111
4742dd48e321e2ea08c5c21571055994	d__Bacteria; p__Bacillota; c__Clostridia; o__Clostridia_UCG-014; f__Incertae_Sedis; g__Incertae_Sedis	0.9999999999935909
cfb9289d07786f4ff5994614aaec8669	d__Bacteria; p__Bacillota; c__Clostridia; o__Oscillospirales; f__Ruminococcaceae	0.8859322791116984
162c3c1ae6f00390d815abacc05542d9	d__Bacteria	0.9999999998286233
bf2aee07013647c3511b64c7de854ba9	d__Bacteria; p__Bacillota; c__Clostridia; o__Oscillospirales; f__Oscillospiraceae; g__UCG-005	0.9989802179339475
79b2a7291ebf4700b04395cb8706a1ac	d__Bacteria; p__Bacteroidota; c__Bacteroidia; o__Bacteroidales; f__Porphyromonadaceae; g__Porphyromonas	0.9938763169691386
89ad6f7502ce090a23b985eb65bb3788	d__Eukaryota	0.7851561032152392
f0fa1d421cda523aa62a304d764f0c2b	Unassigned	0.4331304150922781
eb36b7f4c6a70c7d7eb2459f153d1724	d__Bacteria; p__Bacillota; c__Clostridia; o__Oscillospirales; f__UCG-011; g__Incertae_Sedis	0.7615329601360742
3a35c49ca564dc8a46ec9f8f51f25e23	d__Bacteria; p__Pseudomonadota; c__Gammaproteobacteria; o__Enterobacterales; f__Pasteurellaceae; g__Actinobacillus	0.9934500312881912
44fedaef9f8a025e4417709eb4f03a48	d__Bacteria; p__Bacillota; c__Clostridia; o__Oscillospirales; f__Oscillospiraceae	0.9973014103966656
ff2e67ccae1024fd02eddfc9c2c85abc	d__Bacteria; p__Thermodesulfobacteriota; c__Desulfovibrionia; o__Desulfovibrionales; f__Desulfovibrionaceae; g__Bilophila	0.9999368826097675
6ed95d277b2e34e32b29a025ffb3683c	d__Bacteria; p__Actinomycetota; c__Coriobacteriia; o__Coriobacteriales; f__Eggerthellaceae; g__Slackia	0.9982484887714542
5fba564645f8fa291ec9f2617ec5b248	d__Bacteria; p__Bacillota; c__Clostridia; o__Lachnospirales; f__Lachnospiraceae; g__Lachnospiraceae_UCG-004	0.9785915474926102
57f9cb65603ddbfdf2c1c9768958cd1d	d__Bacteria; p__Bacillota; c__Clostridia; o__Lachnospirales; f__Lachnospiraceae; g__[Eubacterium]_ventriosum_group	0.9997877194052701
4251bb8153e4998163496247ec07614b	d__Bacteria; p__Bacillota; c__Clostridia; o__Oscillospirales; f__Oscillospiraceae; g__UCG-005	0.9590173675960996
f9a292de358e43f1abcc4a9bd73b08f3	d__Bacteria; p__Bacillota; c__Clostridia; o__Lachnospirales; f__Lachnospiraceae; g__Lachnospiraceae_UCG-010	0.9986152825333913
1165daf3ea080b2f3009d6f6cc668fc6	d__Bacteria; p__Bacteroidota; c__Bacteroidia; o__Cytophagales; f__Spirosomataceae; g__Incertae_Sedis	0.8685586721744717
2c08cd9a0b103682679ac65bc45d08ff	d__Bacteria; p__Cyanobacteriota; c__Vampirivibrionia; o__Gastranaerophilales; f__Gastranaerophilaceae; g__Zag_111	0.9535005896916894
08bcccc74228d29448289da9e787cb56	d__Bacteria; p__Bacteroidota; c__Bacteroidia; o__Flavobacteriales; f__Flavobacteriaceae; g__Flavobacterium	0.9994462790783096
2e8c61239bfa1dae4db952d41bb78138	d__Bacteria; p__Pseudomonadota; c__Alphaproteobacteria; o__Sphingomonadales; f__Sphingomonadaceae	0.9999999975521744
37c476a6a7197a8f1a20b7635a87db28	d__Bacteria; p__Bacillota; c__Clostridia; o__Oscillospirales; f__Butyricicoccaceae; g__Agathobaculum	0.999845011846612
2660088162392e5d4d478b9c5b248a62	d__Bacteria	0.9999999995701727
73e70afa4ede17e3f3d35073ca207a8f	d__Bacteria; p__Bacillota; c__Bacilli; o__Lactobacillales; f__Streptococcaceae; g__Streptococcus	0.9998743995255923
b1422e65d97d3b37c930cd08de4743bb	d__Bacteria; p__Bacillota; c__Clostridia; o__Lachnospirales; f__Defluviitaleaceae; g__Defluviitaleaceae_UCG-011	0.999944131005899
b83dd6863b8e463a7a58dcc7e6af4f05	d__Bacteria; p__Bacillota; c__Clostridia; o__Christensenellales; f__Christensenellaceae; g__Christensenellaceae_R-7_group	0.9045971319349115
08cbaa571a101db9ec87c72dc7ae0b3f	d__Bacteria; p__Bacillota; c__Clostridia; o__Oscillospirales; f__Ruminococcaceae; g__Anaerofilum	0.9996151787096774
7d360c07519179051e40e41ef0e5001b	d__Bacteria; p__Bacteroidota; c__Bacteroidia; o__Sphingobacteriales; f__Sphingobacteriaceae; g__Pedobacter	0.9998692291331693
1abe6000097dd647f34f91fe160afc53	d__Bacteria; p__Bacteroidota; c__Bacteroidia; o__Cytophagales; f__Hymenobacteraceae; g__Hymenobacter	0.9999994587531277
9e3afed3797886157586b27a786b4483	d__Bacteria	0.9999999999823228
b6d3f75614f0e0811382f729664f76ba	d__Bacteria; p__Bacteroidota; c__Bacteroidia; o__Bacteroidales; f__Rikenellaceae; g__Rikenellaceae_RC9_gut_group	0.9994629499091856
5ead05bf4cc2eafb9c946ca31a1e37d5	d__Bacteria; p__Bacillota; c__Clostridia; o__Oscillospirales; f__UCG-010; g__Incertae_Sedis	0.9991801260278984
e272a9cfc134ac3bc358d3d01e673cea	Unassigned	0.4069496151291393
aa539e354fbc8649441da56e5e6a53b8	d__Bacteria; p__Bacillota; c__Negativicutes; o__Veillonellales-Selenomonadales; f__Selenomonadaceae; g__Incertae_Sedis	0.929074715446347
7c2b9d868b8e39d16cfa06c5d1785220	d__Bacteria; p__Bacteroidota; c__Bacteroidia; o__Bacteroidales; f__Rikenellaceae; g__Rikenellaceae_RC9_gut_group	0.9097147195418714
5997b5849b04d8ee809b626cee392c80	d__Bacteria; p__Bacillota; c__Clostridia; o__Christensenellales; f__Christensenellaceae; g__Christensenellaceae_R-7_group	0.8098891770416429
6dcb5dec1a92da39279bcaf4959b09f8	d__Bacteria; p__Bacillota; c__Bacilli; o__Erysipelotrichales; f__Erysipelotrichaceae	0.9991356290620587
f2b6bc0934dec6941797c9eb9996f209	d__Bacteria; p__Bacillota; c__Clostridia; o__Oscillospirales; f__Ruminococcaceae; g__Incertae_Sedis	0.9361779027075257
8dcbd9326154c80a50c2fed16d15b8d1	d__Bacteria; p__Bacillota; c__Clostridia; o__Oscillospirales; f__Oscillospiraceae; g__Incertae_Sedis	0.7344217465667898
22bdc5a99778bacbdfcab7622e9e33d7	d__Bacteria; p__Bacillota; c__Clostridia; o__Lachnospirales; f__Lachnospiraceae; g__Lachnospiraceae_UCG-008	0.7950776318213775
1f6d43ceb339a5cfeaa40b3eaac9c888	d__Bacteria; p__Bacillota; c__Clostridia; o__Peptostreptococcales-Tissierellales; f__Anaerovoracaceae; g__Incertae_Sedis	0.7547649590880033
ea13940088295e606471aa3b2eed1149	d__Bacteria; p__Pseudomonadota; c__Gammaproteobacteria; o__Enterobacterales; f__Morganellaceae; g__Morganella	0.9998327519401039
2fdd2de3dc737d3e246c76e2367e6662	d__Bacteria; p__Fusobacteriota; c__Fusobacteriia; o__Fusobacteriales; f__Fusobacteriaceae; g__Fusobacterium	0.9999999999011493
6c84e6731e7439e68fe4a0125a20ae5a	d__Bacteria; p__Bacteroidota; c__Bacteroidia; o__Bacteroidales; f__Rikenellaceae; g__Rikenellaceae_RC9_gut_group	0.9992957965852004
fcc81bbbeb8ec0604bf362649460ebcf	d__Bacteria; p__Bacteroidota; c__Bacteroidia; o__Bacteroidales; f__Rikenellaceae; g__Rikenellaceae_RC9_gut_group	0.9877181162418163
87f8dc3b275ac8a8e6416823597687d7	d__Bacteria; p__Bacteroidota; c__Bacteroidia; o__Bacteroidales; f__Bacteroidaceae; g__Bacteroides	0.9999861271373833
1e1b45ed72e8aa5f5ff97b02eb1e0a48	d__Bacteria; p__Bacillota; c__Clostridia; o__Oscillospirales; f__Ruminococcaceae; g__Ruminococcus	0.9999115266617769
5fdac6a133ced41a36e8e0449693e3af	d__Bacteria; p__Bacillota; c__Clostridia; o__Peptostreptococcales-Tissierellales; f__Family_XI; g__Anaerococcus	0.9999999999992042
04346b0107e1596cd87729174e982f8e	d__Bacteria; p__Actinomycetota; c__Actinobacteria; o__Micrococcales; f__Micrococcaceae; g__Kocuria	0.7007589158890996
590d576de74b6bfe932512dd91188cab	Unassigned	0.5461992392076581
585156bc5f6893feffa968d2a71d2d26	d__Bacteria; p__Bacillota; c__Clostridia; o__Clostridiales; f__Clostridiaceae; g__Clostridium	0.999953338938933
98f8ffc689d35191de4d1a2672749bea	d__Bacteria; p__Bacillota; c__Clostridia; o__Oscillospirales; f__UCG-010; g__Incertae_Sedis	0.9998666440114073
66a37af711f017352f05dfccf22bf66b	d__Bacteria; p__Fusobacteriota; c__Fusobacteriia; o__Fusobacteriales; f__Fusobacteriaceae; g__Fusobacterium	0.9999986843241246
9844c752b6a754b708976db753430924	d__Bacteria; p__Bacillota; c__Clostridia; o__Lachnospirales; f__Lachnospiraceae	0.9934541627836035
bac936402a8f2da64969a4e9adf22511	Unassigned	0.6030242840915591
f5990f162430f55c764d35a0f6f9a85c	d__Bacteria; p__Bacillota; c__Clostridia; o__Lachnospirales; f__Lachnospiraceae	0.9999964969474048
d45b5ebd1dd29a03f2148ae7bbab0224	d__Archaea; p__Thermoplasmatota; c__Thermoplasmata; o__Methanomassiliicoccales; f__Methanomethylophilaceae; g__Candidatus_Methanomethylophilus	0.9922688949579593
b3da2164609203801c0a05fb95aebf17	d__Bacteria; p__Bacillota; c__Clostridia; o__Lachnospirales; f__Lachnospiraceae; g__Lachnospiraceae_UCG-010	0.997231661905333
a471ee94fcfad013d85db20f4b7d399b	d__Bacteria; p__Bacillota; c__Clostridia; o__Oscillospirales; f__Oscillospiraceae; g__Fastidiosipila	0.9774198820641671
9d2ddd18aa487207c52961f1ba65fd3e	d__Bacteria; p__Bacillota; c__Clostridia; o__Oscillospirales; f__Butyricicoccaceae; g__Agathobaculum	0.9997135063849838
0be600433c80ccc4191a07dffff465cd	d__Bacteria; p__Actinomycetota; c__Coriobacteriia; o__Coriobacteriales; f__Coriobacteriaceae; g__Enorma	0.715662122869579
ca5876f63d4ce3fd349d128313df2fc6	d__Bacteria	0.9999999940443973
f345b02e36f322cb12e006cfb1d11905	d__Eukaryota	0.8375238820321222
3a747acba360dde45496836523fb830a	d__Bacteria	0.9999999998593041
6c6648fbd728f83c5281ed69422084a9	d__Bacteria; p__Bacillota; c__Clostridia; o__Oscillospirales; f__Ruminococcaceae; g__Ruminococcus	0.9966336645527334
50c8a7b73b1890cd15d416a6fd00e105	d__Bacteria; p__Bacillota; c__Clostridia; o__Lachnospirales; f__Lachnospiraceae	0.9984949758393021
a2fc5c4480d1a4f9ae49c5454d64e0ab	d__Bacteria; p__Actinomycetota; c__Coriobacteriia; o__Coriobacteriales; f__Coriobacteriales_Incertae_Sedis; g__Incertae_Sedis	0.9999910720279461
7388564c35cfb6dc9d7495372d82ea3c	d__Bacteria; p__Bacillota; c__Bacilli; o__RF39; f__Incertae_Sedis; g__Incertae_Sedis	0.9999999961495405
b8751456203b13507175078e5cc0e1e7	d__Bacteria; p__Bacillota; c__Clostridia; o__Oscillospirales; f__Oscillospiraceae; g__Pseudoflavonifractor	0.9875828987737503
436c0f3fec5ee0dfd8b571b2403d3124	d__Bacteria; p__Bacillota; c__Clostridia; o__Oscillospirales; f__Ruminococcaceae; g__Acutalibacter	0.9060655911967102
63ba38c015f70bb99cd1cf0508cbdc0b	d__Bacteria; p__Actinomycetota; c__Coriobacteriia; o__Coriobacteriales; f__Atopobiaceae	0.9999997543668561
d92542ac5b0d917e5a22dc52677330a3	d__Bacteria; p__Bacillota; c__Clostridia; o__Lachnospirales; f__Lachnospiraceae	0.9999510746683509
11e078d1e65bcec5764cf1b096839a40	d__Bacteria; p__Bacteroidota; c__Bacteroidia; o__Bacteroidales; f__Bacteroidaceae; g__Bacteroides	0.9999972285826181
1375e4cc5aceff0b79545d1e3d920804	d__Bacteria; p__Bacteroidota; c__Bacteroidia; o__Bacteroidales; f__Tannerellaceae; g__Parabacteroides	0.7892085391263608
60cd048f54bde92358caf6693f2b75fd	d__Bacteria; p__Bacillota; c__Clostridia; o__Lachnospirales; f__Lachnospiraceae	0.9244909336258437
9ae72bb5c25035e1b21f25312e48e73f	d__Bacteria; p__Pseudomonadota; c__Alphaproteobacteria; o__Rhodospirillales; f__Incertae_Sedis; g__Incertae_Sedis	0.9998138965698171
bfaaa172a5e11ef38ee9068d8fb351eb	d__Bacteria; p__Pseudomonadota; c__Gammaproteobacteria; o__Enterobacterales; f__Succinivibrionaceae; g__Anaerobiospirillum	0.986862492149207
2f995431962b1aedc3f54a6857310198	d__Bacteria; p__Bacillota; c__Clostridia; o__Lachnospirales; f__Lachnospiraceae; g__Falcatimonas	0.7753064913127873
5b4e57c949de7aba8ad048c2ee934c43	d__Bacteria; p__Pseudomonadota; c__Gammaproteobacteria; o__Burkholderiales; f__Methylophilaceae; g__Methylophilus	0.983970345577255
bc94eb10c95468bb04fb7de060d8a799	d__Bacteria; p__Bacillota; c__Clostridia; o__Lachnospirales; f__Lachnospiraceae	0.999832140987508
ad66621bd46e2f2c38ee950543e26d3c	d__Bacteria; p__Bacillota; c__Clostridia; o__Oscillospirales; f__Ruminococcaceae	0.9998862207115258
5eebee8af819c6c44c6b3c38bb8e4512	d__Bacteria; p__Bacillota; c__Clostridia; o__Lachnospirales; f__Lachnospiraceae	0.9999994671717143
42004eb0e03cf55d0e1e680c1989ead4	d__Bacteria; p__Bacillota; c__Clostridia; o__Peptostreptococcales-Tissierellales; f__Peptostreptococcaceae	0.9999902458411207
172303c40f540f16227fa8ccf8f27c7f	d__Bacteria; p__Pseudomonadota; c__Gammaproteobacteria; o__Burkholderiales; f__Sutterellaceae; g__Sutterella	0.9998970060773699
a3724ea83abd568ce9fbb97df1636cf0	d__Bacteria; p__Bacillota; c__Clostridia; o__Oscillospirales; f__Ruminococcaceae; g__Faecalibacterium	0.7595516137640128
1b99a5283a47989b6b477b53261e80b4	d__Bacteria; p__Bacillota; c__Bacilli; o__Erysipelotrichales; f__Erysipelotrichaceae; g__Holdemanella	0.9999799082998392
71508bddddc806d4729997e1a7bc13ed	d__Bacteria; p__Bacteroidota; c__Bacteroidia; o__Bacteroidales; f__Prevotellaceae; g__Hoylesella	0.9210674091548867
96eba9da48091ffcdbef8d82aaf7867a	d__Bacteria; p__Bacillota; c__Clostridia; o__Lachnospirales; f__Lachnospiraceae	0.978107906529756
30ba5bcbd8007d8bde4bdfea0f1a6f17	d__Bacteria; p__Bacillota; c__Clostridia; o__Oscillospirales; f__Ruminococcaceae; g__Paludicola	0.9999585754803878
a577bdb33822b6b238b32f38f55b1d75	d__Bacteria; p__Bacillota; c__Clostridia; o__Peptostreptococcales-Tissierellales; f__Anaerovoracaceae; g__Family_XIII_AD3011_group	0.9580587749864068
a074894ebd07724b89edafcbace9e45e	d__Bacteria; p__Bacillota; c__Clostridia; o__Lachnospirales; f__Lachnospiraceae	0.8957223254015301
fd1cf502d7459593e0b3b3d6cf4324e8	d__Bacteria; p__Pseudomonadota; c__Alphaproteobacteria; o__Rhodospirillales; f__Incertae_Sedis; g__Incertae_Sedis	0.9994021080250014
6a180fd71eb1456eb6f0499d3a639641	d__Bacteria; p__Pseudomonadota; c__Gammaproteobacteria; o__Burkholderiales; f__Neisseriaceae; g__Neisseria	0.9967344963922193
ef7bdaa895f82932b8b7b8b9797d40c4	Unassigned	0.41131048700741535
eabccdfaeca06d58f40accd6cf46c6e7	d__Bacteria; p__Bacillota; c__Bacilli; o__Lactobacillales; f__Streptococcaceae; g__Streptococcus	0.999914259927959
e32a54a950ad9eaead2973159c96ef14	d__Bacteria; p__Bacillota; c__Clostridia; o__Peptococcales; f__Peptococcaceae; g__Peptococcus	0.7887720250240187
cd8fbdcd0174b040a67fb79d73c71f04	d__Bacteria; p__Bacteroidota; c__Bacteroidia; o__Bacteroidales; f__Rikenellaceae; g__SP3-e08	0.7308671071778642
7ce77d71f80b08a70a6d4bf9720e1140	d__Bacteria; p__Pseudomonadota; c__Gammaproteobacteria; o__Burkholderiales; f__Neisseriaceae; g__Neisseria	0.9976735754957465
4fc24eb265e7c3c03ce77339ee15a6c8	d__Bacteria; p__Bacillota; c__Clostridia; o__Lachnospirales; f__Lachnospiraceae; g__Lachnospiraceae_NC2004_group	0.8154986482972502
27b8ced11e30be0e1983d116efebe25b	d__Bacteria; p__Bacteroidota; c__Bacteroidia; o__Bacteroidales; f__Prevotellaceae; g__Prevotellaceae_NK3B31_group	0.9171982351036931
f7a829f83f7f2efe519f81f05242ff91	d__Bacteria; p__Bacillota; c__Negativicutes; o__Veillonellales-Selenomonadales; f__Selenomonadaceae; g__Megamonas	0.9999997448271257
0fdaf968e48c439c8ea0eaaa0f70c402	d__Bacteria; p__Bacillota; c__Clostridia; o__Incertae_Sedis; f__Incertae_Sedis; g__Lutispora	0.7120562917210159
b1563922e5d8923fda929ca69e569b77	d__Bacteria; p__Bacillota; c__Clostridia; o__Lachnospirales; f__Lachnospiraceae; g__Lachnospiraceae_UCG-004	0.8685359381384429
8ee45270b7413c0c842f37f29f6ae289	d__Bacteria; p__Fusobacteriota; c__Fusobacteriia; o__Fusobacteriales; f__Fusobacteriaceae; g__Fusobacterium	0.9514786628392945
8eefe6cac50ff1147c2613a8a67f474f	d__Bacteria; p__Pseudomonadota; c__Gammaproteobacteria; o__Enterobacterales; f__Enterobacteriaceae; g__Citrobacter	0.7824624787635872
4d67201005131a7730329c4c7e7b7d0b	d__Bacteria; p__Bacteroidota; c__Bacteroidia; o__Bacteroidales; f__Rikenellaceae; g__Rikenellaceae_RC9_gut_group	0.9929277055948977
c488df1576364d535ff73a9618f9b1f0	d__Bacteria; p__Pseudomonadota; c__Alphaproteobacteria; o__Rhodospirillales; f__Incertae_Sedis; g__Incertae_Sedis	0.9660129264008794
b7ecc95c00d704835512c8de9cb5e8eb	d__Bacteria; p__Bacillota; c__Clostridia; o__Oscillospirales; f__Ruminococcaceae; g__Acutalibacter	0.7866317181494855
5074178c1c883ed3f9a46155436011a4	d__Bacteria; p__Bacillota; c__Clostridia	0.9999350365446353
ce80fa41ec2f97c66e684c607bcb4d9e	d__Eukaryota	0.8467045381962636
4e69c5c14b7f2e52f0f64b9ae43ec3eb	d__Eukaryota	0.7720724459143666
902c979a52c30d40919384b279fab6bb	d__Eukaryota	0.8789563889969598
e34759eb9e1c1f92f49f780b4562f875	d__Bacteria; p__Bacillota; c__Clostridia; o__Clostridiales; f__Clostridiaceae; g__Clostridium	0.8936046060329661
a01c76f04c9ad139e54ea0e51fca2259	d__Eukaryota	0.8093360334394528
8e13c64dc5edc287ea2d2d3459af42c8	d__Bacteria; p__Bacillota; c__Clostridia; o__Lachnospirales; f__Lachnospiraceae; g__Lachnospiraceae_UCG-004	0.8437999081563362
5ef8a79f7288aa9580f1d64df29c431f	d__Eukaryota	0.840768798513824
139ef4a534e75936c1ce5c6f9a1cbda7	d__Bacteria; p__Bacteroidota; c__Bacteroidia; o__Bacteroidales; f__Bacteroidaceae; g__Bacteroides	0.9770007345697027
10ef2fb51313013e8c2640fc236c8015	d__Bacteria; p__Bacillota; c__Clostridia; o__Monoglobales; f__Monoglobaceae; g__Monoglobus	0.9769177411135074
dac86b382deebfeb2d1a7d92a6319b27	d__Bacteria; p__Bacillota; c__Clostridia; o__Lachnospirales; f__Lachnospiraceae	0.996958640412545
758fdf0a8a7cfcefd68879c90f08b7eb	Unassigned	0.3484418605953916
4f13b2769943b79721a4d68b19e04575	d__Bacteria; p__Bacillota; c__Clostridia; o__Peptostreptococcales-Tissierellales; f__Anaerovoracaceae; g__Incertae_Sedis	0.8539506528711338
96cf1799af2bbecd5538e4cd44bcc1ff	d__Bacteria; p__Bacillota; c__Bacilli; o__Lactobacillales; f__Aerococcaceae; g__Eremococcus	0.9999999546271577
2c2a04ee77d2f745855955f61d0ec9e5	d__Bacteria; p__Bacillota; c__Negativicutes; o__Veillonellales-Selenomonadales; f__Veillonellaceae; g__Megasphaera	0.9998022019749297
258ffbabf978bf58719e75b92835e3a0	d__Bacteria; p__Pseudomonadota; c__Alphaproteobacteria; o__Tistrellales; f__Geminicoccaceae; g__Geminicoccus	0.9999999128215686
1fdd514be9034bc7cac6febf09a8d5b1	d__Bacteria; p__Bacteroidota; c__Bacteroidia; o__Bacteroidales; f__Prevotellaceae; g__Hoylesella	0.8696630887082678
27853857d1a5f952a279d99165c122f2	d__Bacteria; p__Pseudomonadota; c__Gammaproteobacteria; o__Burkholderiales; f__Sutterellaceae; g__Sutterella	0.97743001571399
c1fb7e51810449ec7b1c910308f40eb5	d__Bacteria; p__Bacteroidota; c__Bacteroidia	0.8517621673192216
433761c4fad9d03cb567ff797305670a	d__Bacteria; p__Pseudomonadota; c__Alphaproteobacteria; o__Rhodospirillales; f__Incertae_Sedis; g__Incertae_Sedis	0.9999990805849243
f161ac7a7cb883bf0b057fbb12c2bb36	d__Bacteria; p__Bacillota; c__Clostridia; o__Clostridia_UCG-014; f__Incertae_Sedis; g__Incertae_Sedis	0.9999999999668177
74fa56aa6dd9d0f346277f169162e340	d__Bacteria	0.9999999999070898
7c19241c16d916dca74f18a1ac722cfa	d__Bacteria; p__Bacillota; c__Clostridia; o__Christensenellales; f__Christensenellaceae; g__Incertae_Sedis	0.9996769431594351
f1973fe12cc17d854c809aaa353c203e	d__Bacteria; p__Bacillota; c__Clostridia; o__Oscillospirales; f__Butyricicoccaceae; g__Agathobaculum	0.997831953905718
8bc56edb7733cd371afca4493b898aea	d__Bacteria; p__Bacillota; c__Clostridia; o__Lachnospirales; f__Lachnospiraceae	0.9929258566142911
b85b7b7a8e561cd8e8e5ca8fa2e0757c	d__Bacteria; p__Bacillota; c__Clostridia	0.9998417962042029
feaa54d9c99a7bf11c1ed7562f30603e	d__Bacteria; p__Bacillota; c__Clostridia; o__Oscillospirales; f__Ruminococcaceae; g__Incertae_Sedis	0.9589360683987598
89f3e6c59f542356d840babbf5a18393	d__Bacteria; p__Bacillota; c__Clostridia; o__Oscillospirales	0.9987510934499564
bd12d2b699d1532e313423f5e2edeb7c	d__Bacteria; p__Bacteroidota; c__Bacteroidia; o__Bacteroidales; f__Bacteroidaceae; g__Bacteroides	0.9135078018943122
0c279b773261a26908ac7ab6cf25a1ad	d__Bacteria; p__Verrucomicrobiota; c__Lentisphaeria; o__Victivallales; f__Victivallaceae; g__Incertae_Sedis	0.9998589905859303
111d8395c015c0efdf33e92a082394cc	d__Bacteria; p__Bacteroidota; c__Bacteroidia; o__Bacteroidales; f__Prevotellaceae; g__Alloprevotella	0.9999999999985505
08c36e52e9b4645fc6406508698e2282	d__Bacteria; p__Bacillota; c__Clostridia; o__Peptostreptococcales-Tissierellales; f__Peptostreptococcaceae	0.7115743822319869
ec52977fe4e2fb692a40f9ff34b59fd9	d__Bacteria; p__Bacillota; c__Clostridia; o__Lachnospirales; f__Lachnospiraceae	0.9996465216905233
3de84f2753b17cca8f9ff593f093b293	d__Bacteria; p__Bacteroidota; c__Bacteroidia; o__Bacteroidales; f__Bacteroidaceae; g__Bacteroides	0.9997776119288106
57030d3d09aa0e374b7bdfae7555faf1	d__Bacteria; p__Bacillota; c__Clostridia	0.998886235381883
e746c306be67ed5861e70392f56cafcf	d__Bacteria; p__Bacillota; c__Clostridia; o__Lachnospirales; f__Lachnospiraceae; g__Lachnospiraceae_UCG-004	0.7308398484154832
c9b33232e5092395b4586474c5c4a3ee	d__Bacteria; p__Bacteroidota; c__Bacteroidia; o__Bacteroidales; f__Bacteroidaceae; g__Bacteroides	0.9999966761874178
5ec458b3bb89126acb5319bc28b1371c	d__Bacteria; p__Bacteroidota; c__Bacteroidia; o__Sphingobacteriales; f__Sphingobacteriaceae	0.9987176016820039
4de2c0e0096b0d96f7908ab5a64c2821	d__Bacteria; p__Bacillota; c__Negativicutes; o__Veillonellales-Selenomonadales; f__Veillonellaceae; g__Veillonella	0.9999999492436173
43df6e46f25d85fc1b442fd38a726877	d__Bacteria; p__Bacillota; c__Clostridia; o__Oscillospirales; f__Ruminococcaceae; g__Ruminococcus	0.961505186035807
0f843cc6d10796140c9be60ecc36546e	d__Bacteria; p__Bacillota; c__Clostridia; o__Oscillospirales; f__Oscillospiraceae; g__Colidextribacter	0.724096291842019
f4598e52f8bed1b52a662d81fc9bd662	d__Bacteria; p__Bacillota; c__Clostridia; o__Oscillospirales; f__UCG-010; g__Incertae_Sedis	0.9933638616046109
68816010624fc0429c7ef32f92fa0ff6	d__Bacteria; p__Bacillota; c__Clostridia; o__Oscillospirales; f__Ruminococcaceae	0.8355887721630842
73f07df3cd127bbb306a67f059c08865	d__Bacteria; p__Bacillota; c__Bacilli; o__Erysipelotrichales; f__Erysipelotrichaceae; g__Merdibacter	0.9998880613893557
2b62644ffd6d3e94f335cbd19a7125d9	d__Bacteria; p__Bacillota; c__Clostridia; o__Lachnospirales; f__Lachnospiraceae	0.9328733733577619
24f81b262bfa198b2e982544385866ef	d__Bacteria; p__Actinomycetota; c__Actinobacteria; o__Bifidobacteriales; f__Bifidobacteriaceae; g__Gardnerella	0.9999999881361391
142f25947bf91e80b57a4a2d026fa154	d__Bacteria; p__Pseudomonadota; c__Alphaproteobacteria; o__Sphingomonadales; f__Sphingomonadaceae	0.9999999970679421
104a2bb187ad117a79f720155412700d	d__Bacteria; p__Bacillota; c__Bacilli; o__Erysipelotrichales; f__Erysipelotrichaceae; g__Solobacterium	0.9999944445705451
73c77f7bcaa00297131db6d92cf722a6	d__Bacteria; p__Bacillota; c__Negativicutes; o__Veillonellales-Selenomonadales; f__Veillonellaceae; g__Veillonella	0.9999998688099312
b0ead2e652ad7bc3b1cb5af7763612ee	d__Bacteria; p__Bacillota; c__Clostridia; o__Lachnospirales; f__Lachnospiraceae; g__Lachnospiraceae_NC2004_group	0.9901772993864987
3580f8d844f713dcf3ff9eb79dda1d06	d__Bacteria; p__Bacillota; c__Clostridia; o__Peptostreptococcales-Tissierellales; f__Peptostreptococcaceae; g__Asaccharospora	0.7865841931854403
4886e89339977288a8f236b9452fb307	d__Bacteria; p__Bacillota; c__Clostridia; o__Oscillospirales; f__Ruminococcaceae	0.9985390481353684
df00253097b37c5ac0f109a67d3f813d	d__Bacteria; p__Bacillota; c__Clostridia; o__Lachnospirales; f__Lachnospiraceae; g__Lachnospiraceae_UCG-010	0.9992822219400262
6308819bfe8a0d98127a7d88dae3bc3f	d__Bacteria; p__Verrucomicrobiota; c__Verrucomicrobiia; o__Opitutales; f__Puniceicoccaceae; g__Incertae_Sedis	0.9998980678465335
d3e8bb6024a6794b835414c3609550e2	d__Bacteria; p__Bacteroidota; c__Bacteroidia; o__Chitinophagales; f__Chitinophagaceae	0.9999979436111497
62ab9a45547a015304e4853334cbfeb1	d__Bacteria; p__Bacillota; c__Bacilli; o__Erysipelotrichales; f__Erysipelatoclostridiaceae; g__Longibaculum	0.999905781381436
05f52510a7db5d5ce2e5e4e35340f43e	d__Bacteria; p__Bacillota; c__Clostridia; o__Oscillospirales; f__Oscillospiraceae; g__Colidextribacter	0.9824174022398466
80c30df9b03e9798ac8a17860d392cac	d__Bacteria	0.9999999999058904
dbc2cbf2722222f5ea6ac9427120e412	d__Bacteria; p__Bacillota; c__Clostridia	0.9999201793927102
847e41b7ca493b308138c2ad7e50bcf4	d__Bacteria; p__Bacillota; c__Clostridia; o__Lachnospirales; f__Lachnospiraceae; g__Lachnospiraceae_UCG-004	0.8694485039722647
c407d7cf387338f34e855a7b505ed163	d__Bacteria; p__Bacteroidota; c__Bacteroidia	0.875658988616069
b28611289b6ffa68652da52327ee839e	Unassigned	0.6634546271852346
4c051475dc3a7c0ef6121c1a493f3742	d__Bacteria; p__Bacillota; c__Clostridia; o__Lachnospirales; f__Lachnospiraceae; g__Mediterraneibacter	0.9717261439118472
7878fb95836939225459d7ebba65628e	d__Bacteria; p__Pseudomonadota; c__Gammaproteobacteria; o__Enterobacterales; f__Morganellaceae; g__[Enterobacter]	0.9758938077122147
5508fb50cbbbc35f1deac078b576b660	d__Bacteria; p__Bacillota; c__Clostridia; o__Lachnospirales; f__Lachnospiraceae	0.9853155991394418
ecd3e585f996bca180067b66296fd679	d__Bacteria; p__Bacillota; c__Clostridia; o__Lachnospirales; f__Lachnospiraceae	0.9961213347989779
d5b047d0db7ae1972711e2deb57daee2	d__Bacteria; p__Bacillota; c__Clostridia; o__Oscillospirales; f__Oscillospiraceae; g__Oscillibacter	0.9666200897337169
552a24ac4e95c73377b5f2288accbc25	d__Bacteria; p__Bacteroidota; c__Bacteroidia; o__Bacteroidales; f__Rikenellaceae; g__Alistipes	0.9999986016370854
3f78907b62be6cafb091cb28057dfa2b	d__Bacteria; p__Thermodesulfobacteriota; c__Desulfovibrionia; o__Desulfovibrionales; f__Desulfovibrionaceae; g__Bilophila	0.9999345640548005
97cbad77496874c424f65d1b19e83610	d__Bacteria; p__Bacillota; c__Clostridia; o__Peptostreptococcales-Tissierellales; f__Family_XI; g__Anaerococcus	1.0
c27dfafefcd2a453cfebfea8dc180aff	d__Bacteria; p__Bacillota; c__Clostridia; o__Lachnospirales; f__Lachnospiraceae; g__Lachnospiraceae_NC2004_group	0.9541542480478346
2343846e2469a342853bf79ffc53e61a	d__Bacteria; p__Pseudomonadota; c__Gammaproteobacteria; o__Pseudomonadales; f__Pseudomonadaceae; g__Pseudomonas	0.9991041861359177
adb7e5fd47afb2544c4fe0fd42fe5b17	d__Bacteria; p__Bacillota; c__Clostridia; o__Oscillospirales; f__Oscillospiraceae; g__Oscillibacter	0.8804767260360081
e64b37400ccd84fec7faec4d1d7ec30f	d__Bacteria; p__Bacillota; c__Clostridia; o__Lachnospirales; f__Lachnospiraceae; g__Roseburia	0.9442281115004509
eab272b89e81034d31c6c0e14f518c28	d__Bacteria	0.9999999999988998
dd8433bba4221dee8d8ebec4a34e6144	d__Bacteria; p__Pseudomonadota; c__Gammaproteobacteria; o__Burkholderiales; f__Sutterellaceae; g__Sutterella	0.9991935902293922
8148cd1d471687545e2d1d596efd82c7	d__Bacteria; p__Actinomycetota; c__Actinobacteria; o__Bifidobacteriales; f__Bifidobacteriaceae; g__Bifidobacterium	0.9222296569148146
3a27810637b1c70dfd3459c5563e010b	Unassigned	0.32130991126807107
c9fd7100898167171a726f02b2195821	d__Bacteria; p__Bacteroidota; c__Bacteroidia; o__Bacteroidales; f__Bacteroidaceae; g__Bacteroides	0.9951512658008306
295cdf8d4b8d87cae6a23c7a2df0abd7	d__Bacteria; p__Bacteroidota; c__Bacteroidia; o__Bacteroidales; f__Porphyromonadaceae	0.8942782243537342
0daf9f02ae9dab50653670faf194b315	d__Bacteria; p__Bacteroidota; c__Bacteroidia; o__Bacteroidales; f__Muribaculaceae; g__Incertae_Sedis	0.9786781649390524
049c55d7428c44ef8b4d8cbb9995ebb8	d__Bacteria; p__Bacillota; c__Bacilli; o__Lactobacillales; f__Streptococcaceae; g__Streptococcus	0.9999956436131432
b6b93cb269dfb5ed2cf8e5f9fc443700	d__Bacteria; p__Bacillota; c__Clostridia; o__Oscillospirales; f__UCG-010; g__Incertae_Sedis	0.9999698739257822
eeeea269c189c0067f94664b73127f19	d__Eukaryota	0.7778368648517439
53bb83e6c73515aad9c8bd866a42c74c	d__Bacteria; p__Bacillota; c__Clostridia; o__Lachnospirales; f__Lachnospiraceae	0.998526010316718
cf221af31dda7aacaaefeac14589df3d	d__Bacteria; p__Bacteroidota; c__Bacteroidia; o__Bacteroidales; f__Bacteroidaceae; g__Bacteroides	0.9989231476781893
7f26fa9e05d3229833682e6257fd3432	Unassigned	0.6712380127048911
01259f82726ae503d505cd134c0534aa	d__Eukaryota	0.8911916389807267
8d0a4e0e874456e4243c73cc8293da55	d__Bacteria; p__Bacillota; c__Clostridia; o__Christensenellales; f__Christensenellaceae; g__Christensenellaceae_R-7_group	0.9653560783104805
879974908e5ee5874a900ae576185ebd	d__Bacteria; p__Bacillota; c__Clostridia; o__Lachnospirales; f__Lachnospiraceae; g__[Eubacterium]_oxidoreducens_group	0.9943682158215263
e818519212e76a6e38afa506e24f5191	d__Bacteria; p__Bacillota; c__Clostridia; o__Peptostreptococcales-Tissierellales; f__Anaerovoracaceae; g__[Eubacterium]_sulci_group	0.9946186357375751
b797e215fc06e0fbdb08fdab04f10265	d__Eukaryota	0.8512673033632088
cfe4aab2e89bad693ee102386a5a4fbe	d__Eukaryota	0.8292882017855066
425615911d94ba97abd61367f33e2c3f	d__Bacteria; p__Bacillota; c__Negativicutes; o__Acidaminococcales; f__Acidaminococcaceae; g__Phascolarctobacterium	0.7108104005795937
91260df8d3b98cc6c212765a0aec1c6d	d__Bacteria; p__Bacillota; c__Clostridia; o__Oscillospirales; f__Ruminococcaceae; g__Incertae_Sedis	0.8904571121937291
5a6d0678b724f9450e2bb75a82841576	d__Bacteria; p__Bacillota; c__Incertae_Sedis; o__DTU014; f__Incertae_Sedis; g__Incertae_Sedis	0.9997030512025672
3d9e03fbe0f66948c1c37935d4028a59	d__Bacteria; p__Bacillota; c__Clostridia; o__Lachnospirales; f__Lachnospiraceae; g__[Eubacterium]_oxidoreducens_group	0.9626123944039553
5a12978d66a1b1fbd5f53e17a91da657	d__Eukaryota	0.8096930799136388
475fa066b6d805d18d2dcdbf85d22194	d__Eukaryota	0.7449625484245936
4fd4e9089a9afec4940e4947b05a1007	d__Bacteria; p__Bacillota; c__Clostridia; o__Lachnospirales; f__Lachnospiraceae; g__Lachnospiraceae_NC2004_group	0.9935544327714381
6bef676a65950bc0a7aa2c664ab5e517	d__Bacteria; p__Bacteroidota; c__Bacteroidia; o__Bacteroidales; f__Rikenellaceae; g__Rikenellaceae_RC9_gut_group	0.9999186840660396
a93ae97c4e20b6b822643521afea2bbf	d__Bacteria; p__Actinomycetota; c__Coriobacteriia; o__Coriobacteriales; f__Eggerthellaceae; g__Incertae_Sedis	0.999651021887109
67a529ccbcc25cb488e721fcd6cb38f2	d__Bacteria; p__Bacteroidota; c__Bacteroidia; o__Bacteroidales; f__Prevotellaceae	0.9999999820016585
86cf426b992f824b1765d6be6bc1b08a	d__Bacteria; p__Bacillota; c__Clostridia; o__Oscillospirales; f__Oscillospiraceae; g__Incertae_Sedis	0.8352175107392789
4905662bd93656b2d2fc6ffa54a681d9	d__Bacteria; p__Bacillota; c__Clostridia; o__Peptostreptococcales-Tissierellales; f__Anaerovoracaceae; g__S5-A14a	0.9999996247913423
a8f9e93099aff888634519f22488b8ed	d__Bacteria; p__Bacillota; c__Clostridia; o__Peptostreptococcales-Tissierellales; f__Family_XI; g__Anaerococcus	0.9999999999999147
d5b4d56275d696953d7bbc19bd247dc5	d__Bacteria	0.9999999999996741
7d7c5129c6f4188144c8446e2ed635c5	d__Bacteria; p__Bacillota; c__Clostridia; o__Oscillospirales; f__Ruminococcaceae; g__Faecalibacterium	0.9969438787912541
92cff4b3059b9fb22385055cdcd8dd52	d__Bacteria; p__Bacillota; c__Clostridia; o__Oscillospirales	0.784501155945204
56ed9c507ad8913f2503771d01fcff0f	d__Bacteria; p__Bacteroidota; c__Bacteroidia; o__Bacteroidales; f__Barnesiellaceae; g__Coprobacter	0.999999999798689
1138f193c6b1a20b6b8fc8f9fdbc9b9f	d__Bacteria; p__Bacillota; c__Clostridia; o__Oscillospirales; f__Oscillospiraceae; g__NK4A214_group	0.9618981383580895
bebf65e0c0847baed573f86c72659b7c	d__Bacteria; p__Bacteroidota; c__Bacteroidia; o__Bacteroidales; f__Bacteroidaceae; g__Bacteroides	0.9943696973912981
2cfdb29c4bd193e25c6b571d1fab59b2	d__Bacteria; p__Bacillota; c__Bacilli; o__Erysipelotrichales; f__Erysipelotrichaceae; g__Holdemania	0.9999995432363753
7aa46982e338121db1e38918664199f1	d__Bacteria; p__Thermodesulfobacteriota; c__Desulfovibrionia; o__Desulfovibrionales; f__Desulfovibrionaceae; g__Bilophila	0.9999999440488112
b4ac782dbe6682100242fe78394d5449	d__Bacteria; p__Bacillota; c__Clostridia; o__Lachnospirales; f__Lachnospiraceae	0.9957098779650133
fb6a9b24378cbdbd21489effb2961c93	d__Bacteria; p__Bacillota; c__Clostridia; o__Peptostreptococcales-Tissierellales; f__Peptostreptococcaceae	0.9971049051013373
ef194cf23e27250c06dfa59a89afac9d	d__Bacteria; p__Bacillota; c__Clostridia; o__Lachnospirales; f__Lachnospiraceae	0.9999718242413659
43adb3ae8de1471ab50b2521e1326354	d__Bacteria; p__Bacillota; c__Clostridia; o__Clostridia_vadinBB60_group; f__Incertae_Sedis; g__Incertae_Sedis	0.9955372129058384
a03bdbb44138d1e017e8dec582ae31f4	d__Bacteria; p__Bacillota; c__Clostridia; o__Oscillospirales; f__Butyricicoccaceae; g__Agathobaculum	0.9540196575483959
51b7efe4f7a8e791fb3ed320859f3c6a	d__Bacteria; p__Pseudomonadota; c__Alphaproteobacteria; o__Rhodospirillales; f__Incertae_Sedis; g__Incertae_Sedis	0.9999348755354914
5b35057b69b16c56bad7d99e2c7c8a56	d__Bacteria; p__Pseudomonadota; c__Gammaproteobacteria; o__Burkholderiales; f__Comamonadaceae; g__Aquabacterium	0.9911582742250559
727c741323b22819fd958d07ce5259af	d__Eukaryota	0.7020293823294388
ffd26d1af28542fa964fb7eb6bbfe0b5	d__Bacteria; p__Actinomycetota; c__Coriobacteriia; o__Coriobacteriales; f__Eggerthellaceae	0.999993953331995
de2bd579722018842fa6dd97d02a9707	d__Bacteria; p__Bacteroidota; c__Bacteroidia	0.9362999856060297
732a0fdf0949a42b8270da8f7f69f09b	d__Bacteria; p__Fusobacteriota; c__Fusobacteriia; o__Fusobacteriales; f__Fusobacteriaceae; g__Fusobacterium	0.9999999999612044
9379a4565d994c926ea376679d2a8753	d__Bacteria; p__Bacteroidota; c__Bacteroidia; o__Bacteroidales; f__Bacteroidaceae; g__Bacteroides	0.9876667091195852
e4447d6315c7f8ea57cd15ab7089a925	d__Bacteria; p__Bacillota; c__Clostridia; o__Lachnospirales; f__Lachnospiraceae	0.9859347727523391
fc685b470c7ee591f4d5f1089249c17b	d__Bacteria; p__Bacillota; c__Clostridia; o__Oscillospirales; f__Butyricicoccaceae; g__Agathobaculum	0.9689647333690001
ef606585ffb666f6df2f620b0a9d5458	d__Bacteria; p__Bacillota; c__Clostridia; o__Lachnospirales; f__Lachnospiraceae	0.9289137081262593
31e834db035456b7d0ac2f7870e2600a	d__Bacteria; p__Actinomycetota; c__Acidimicrobiia; o__Microtrichales; f__Ilumatobacteraceae; g__Ilumatobacter	0.967505372913433
bdd04abf07c6bd2af8f9ac36e17186e6	d__Bacteria; p__Bacillota; c__Clostridia; o__Clostridia_UCG-014; f__Incertae_Sedis; g__Incertae_Sedis	0.9999999900755228
39b832e55de9985ece1d7cf557c6f1b3	d__Bacteria; p__Bacteroidota; c__Bacteroidia; o__Chitinophagales; f__Chitinophagaceae; g__Cnuella	0.9999928659524173
419bd40b92a05a6abf6ba75ea3ed8244	d__Bacteria; p__Bacillota; c__Clostridia; o__Lachnospirales; f__Lachnospiraceae	0.9993407630925691
318edd689a2f20ef895f2a861ea36952	d__Bacteria; p__Bacteroidota; c__Bacteroidia; o__Bacteroidales; f__Bacteroidaceae; g__Bacteroides	0.9999402325580996
74e6bf29e48f3fb9076f6923217a4458	d__Bacteria; p__Bacillota; c__Negativicutes; o__Acidaminococcales; f__Acidaminococcaceae; g__Phascolarctobacterium	0.9999978330453589
86f71c1eea238a95b2ee29ebc910bfa4	d__Bacteria; p__Bacillota; c__Bacilli; o__Lactobacillales; f__Streptococcaceae; g__Streptococcus	0.9999915992446528
45e6691aad3e494aa82c22fce76018ad	d__Bacteria; p__Bacillota; c__Clostridia; o__Oscillospirales; f__Ruminococcaceae; g__Faecalibacterium	0.9999701591260862
373cbdd03120c5db86a5f083eab00f98	d__Bacteria; p__Bacillota; c__Clostridia; o__Oscillospirales; f__Ruminococcaceae; g__Ruminococcus	0.9956662448669477
9585e70d40b3cc87c6c9f429e28486dc	d__Bacteria; p__Bacillota; c__Bacilli; o__Lactobacillales; f__Lactobacillaceae; g__HT002	0.8409671088753559
52b9db64792821a9a1aca74487f6867d	d__Eukaryota	0.8713946599818915
05760b6c8026dc8f2780ed9b08049783	d__Bacteria; p__Bacillota; c__Clostridia; o__Oscillospirales; f__Ruminococcaceae; g__Faecalibacterium	0.9790371972186384
1cffa7fd56674241bf3fb038fb80c66e	d__Bacteria; p__Bacillota; c__Clostridia; o__Lachnospirales; f__Lachnospiraceae	0.9999243413569259
df115b5170033530a2fac22f20aea7f2	d__Bacteria; p__Bacillota; c__Clostridia; o__Lachnospirales; f__Lachnospiraceae; g__Lachnospiraceae_UCG-004	0.9935517998546077
1fa34d31ccea2fc1c4abb412e68eec6f	d__Bacteria; p__Bacillota; c__Clostridia; o__Lachnospirales; f__Lachnospiraceae	0.9999896201204395
e9298d21b86314041f1af7f4dc97db20	d__Bacteria; p__Actinomycetota; c__Coriobacteriia; o__Coriobacteriales; f__Eggerthellaceae; g__Slackia	0.8524153259282102
ac84506122afb73df74937f00cc43343	d__Bacteria; p__Bacteroidota; c__Bacteroidia; o__Bacteroidales; f__Rikenellaceae; g__SP3-e08	0.988445271408085
2356fd8981df9f67d941fc4be1619500	d__Eukaryota	0.8525707682522576
bf311a5cfd4b30e6a36c616245ac9d7e	Unassigned	0.386878775120558
c659b6033b8115bce50c004c90fafc0f	d__Bacteria; p__Bacteroidota; c__Bacteroidia; o__Bacteroidales; f__Porphyromonadaceae; g__Porphyromonas	0.983671201372559
323c7b8f4acf416bb52dc4b8fc046115	d__Bacteria; p__Pseudomonadota; c__Alphaproteobacteria; o__Rhodospirillales; f__Incertae_Sedis; g__Incertae_Sedis	0.999386134302951
e4e90365e404ae385d2ecff14d4711f8	d__Bacteria; p__Bacillota; c__Clostridia; o__Oscillospirales; f__Oscillospiraceae	0.9999986268987521
b11fee7f2161d15dbf6e640601e880eb	Unassigned	0.357968219637961
c6900ed0e28744774c4d3b53063cd5e4	d__Bacteria; p__Pseudomonadota; c__Gammaproteobacteria; o__Burkholderiales; f__Sutterellaceae; g__Sutterella	0.9999993390768845
ae94dbf4d4ac1204d5e25078730e7efa	d__Bacteria; p__Bacillota; c__Clostridia; o__Oscillospirales; f__Oscillospiraceae; g__UCG-002	0.7138280985984317
40c63e9ccc274ace7951f47fa09befce	d__Bacteria; p__Bacteroidota; c__Bacteroidia; o__Bacteroidales; f__Rikenellaceae; g__Alistipes	0.9999726654551956
348fdbeeba8fcbe014cf14cfad4437d5	d__Bacteria; p__Pseudomonadota; c__Gammaproteobacteria; o__Burkholderiales; f__Sutterellaceae; g__Sutterella	0.9999998006042204
1040a7405cbcfe6fd8c474b3d753f4c2	d__Bacteria; p__Bacillota; c__Clostridia; o__Oscillospirales; f__Ruminococcaceae; g__Hydrogenoanaerobacterium	0.9999931666856258
457d54fe1bf6513e2dfc82c03e42e9d3	d__Bacteria; p__Bacillota; c__Bacilli; o__Lactobacillales; f__Lactobacillaceae; g__Weissella	0.9999999998081108
66c308427713306b56fbcdb01e39941f	d__Bacteria; p__Actinomycetota; c__Actinobacteria; o__Actinomycetales; f__Actinomycetaceae; g__Schaalia	0.9999986323236216
04966cdff9aa235be6caf0775d8c319b	d__Bacteria; p__Actinomycetota; c__Actinobacteria; o__Bifidobacteriales; f__Bifidobacteriaceae; g__Gardnerella	0.999999894339956
df037578f6476cb7a52bc13323894950	d__Bacteria; p__Bacillota; c__Bacilli; o__Lactobacillales; f__Streptococcaceae; g__Streptococcus	0.9999968954496
414de4358f9b1f8b0207fedb77b5744b	d__Bacteria	0.999999993949545
7d70d88bd2eb604b97892c12e4dabb61	d__Bacteria	0.9999999999995796
cab52aec07b11aaaae0e882c97a53029	d__Bacteria; p__Bacillota; c__Clostridia; o__Oscillospirales; f__Oscillospiraceae	0.999622774902941
cddf8c45c8ec5bb12a97d2575207fb52	d__Bacteria; p__Bacillota; c__Clostridia; o__Lachnospirales; f__Lachnospiraceae	0.9999968499552462
f358c195b84855ec165cea0db7ad1d88	d__Bacteria; p__Pseudomonadota; c__Gammaproteobacteria; o__Burkholderiales; f__Sutterellaceae; g__Sutterella	0.9846023773703906
4c72eac8bc5ceec0763a49c2f07b875c	d__Bacteria; p__Bacteroidota; c__Bacteroidia; o__Bacteroidales; f__Bacteroidaceae; g__Bacteroides	0.9999985646373871
567b9a7bfd4b59e779b8eb36520b6bbc	d__Bacteria; p__Bacillota; c__Clostridia	0.8447536077945019
ba2bf2fe096bfccf50ef9081e9758839	d__Bacteria; p__Actinomycetota; c__Actinobacteria; o__Actinomycetales; f__Actinomycetaceae; g__Varibaculum	0.9999999960118515
3517e4b8519b5a7e53260ca7b406175b	d__Bacteria; p__Bacteroidota; c__Bacteroidia	0.959156342782308
96fcc26dd9e8ced30a840b018fbe1536	d__Bacteria; p__Bacillota; c__Clostridia; o__Lachnospirales; f__Lachnospiraceae; g__Hungatella	0.9523893187238762
c96b09689c8e119ccdf21eed5e53a9c9	d__Bacteria; p__Pseudomonadota; c__Alphaproteobacteria; o__Hyphomicrobiales; f__Beijerinckiaceae; g__Methylorubrum	0.7456038461072956
708fb11671b7a42b323fdcaa8d3cf1c0	d__Bacteria; p__Pseudomonadota; c__Alphaproteobacteria; o__Rickettsiales; f__Mitochondria; g__Incertae_Sedis	0.9999999999985505
12413ee3423e5552c79a9dace4882b9d	d__Bacteria; p__Bacillota; c__Clostridia; o__Oscillospirales; f__Butyricicoccaceae; g__UCG-009	0.9930622686927802
1863ae576e2c324453e10dc7d610c907	d__Bacteria; p__Bacillota; c__Bacilli; o__Erysipelotrichales; f__Erysipelotrichaceae; g__Holdemania	0.9999997309332762
7630a5350ddb8474ca3710d8755c74dc	d__Bacteria; p__Bacillota; c__Clostridia; o__Lachnospirales; f__Lachnospiraceae; g__Tyzzerella	0.999921187306997
bfa16fb593ada4d9ea1bd4038519dab5	d__Bacteria; p__Bacillota; c__Clostridia; o__Oscillospirales; f__Ruminococcaceae; g__DTU089	0.9998304911881373
50a0fe33644f71d8dfce2137e3eef11d	d__Bacteria; p__Bacillota; c__Clostridia; o__Oscillospirales; f__Ruminococcaceae; g__Incertae_Sedis	0.9321175753501116
06f496e76dcec3da911a6027192d800b	Unassigned	0.7614342594488813
8ec09b76e4063bf1f5c91b8f1a61d3c0	d__Bacteria; p__Bacteroidota; c__Bacteroidia; o__Bacteroidales; f__Rikenellaceae; g__Alistipes	0.9999134187214261
1af0026080178adae55e765dd4af4a38	d__Bacteria; p__Bacillota; c__Clostridia; o__Oscillospirales; f__Oscillospiraceae; g__Colidextribacter	0.8759655753774954
c730520bbd8c492d8ccaa985176e8f03	d__Bacteria; p__Thermodesulfobacteriota; c__Desulfovibrionia; o__Desulfovibrionales; f__Desulfovibrionaceae; g__Desulfovibrio	0.9437974548364696
4f516be8fe242879db885ba2ffb43099	d__Bacteria; p__Bacillota; c__Clostridia; o__Oscillospirales; f__Ruminococcaceae; g__Acutalibacter	0.9999606530717983
f07ff1f459a4356bdc7d36b17da869ca	d__Bacteria; p__Bacillota; c__Clostridia; o__Lachnospirales; f__Lachnospiraceae	0.999996496436656
8559b0b5ba2fbe956b94e4d5d2cb4c2c	d__Bacteria; p__Bacillota; c__Clostridia; o__Lachnospirales; f__Lachnospiraceae	0.9999888374249191
5bbb1ed3c76827fd6834a0d77a27377f	d__Bacteria; p__Bacillota; c__Clostridia; o__Oscillospirales; f__Ruminococcaceae; g__Incertae_Sedis	0.7353795894032489
5fe98529f4ea66894ecca5aef0e80bb3	d__Bacteria; p__Bacillota; c__Clostridia; o__Oscillospirales; f__Oscillospiraceae; g__UCG-003	0.9583031753125596
50c0951849911d2a0ec4273f9c3647fd	d__Bacteria; p__Bacteroidota; c__Bacteroidia; o__Bacteroidales; f__Porphyromonadaceae; g__Porphyromonas	0.999610899247683
24c894435a38ccfca299e528c8e2ed6a	d__Eukaryota	0.7804041700405597
3c218fcedb00a50ef44284bf57d92354	d__Eukaryota	0.74777983986036
18a3ae8b6f08730d9a31d633f18b23ad	d__Bacteria; p__Pseudomonadota; c__Alphaproteobacteria; o__Rhodospirillales; f__Incertae_Sedis; g__Incertae_Sedis	0.9999970497602709
4de21a436b6e651c84aefc4686db6773	d__Bacteria; p__Bacteroidota; c__Bacteroidia; o__Bacteroidales; f__Incertae_Sedis; g__Incertae_Sedis	0.792837937783318
dfa4a8f2e38c9c5298dbaf1aec172691	d__Bacteria; p__Bacillota; c__Clostridia	0.847149693417276
88cef2c41ca4d0975d55629db3b145e7	d__Bacteria; p__Bacillota; c__Clostridia; o__Lachnospirales	0.7108284359127611
5fc563ca8c14df8bc961273e322bb444	d__Bacteria; p__Bacillota; c__Clostridia; o__Oscillospirales; f__Oscillospiraceae; g__Flavonifractor	0.8697437977458387
5d1c61720dc356d57d603128f8717141	d__Bacteria; p__Pseudomonadota; c__Gammaproteobacteria; o__Pseudomonadales; f__Pseudomonadaceae; g__Pseudomonas	0.9994356591088406
a3fe57f7dcdd2076fef8871baff1a09c	d__Bacteria; p__Bacillota; c__Clostridia; o__Oscillospirales; f__Ruminococcaceae; g__Caproiciproducens	0.9999538132693588
b2c302293b3bcc3d874417cdf87d393d	d__Bacteria; p__Actinomycetota; c__Coriobacteriia; o__Coriobacteriales; f__Coriobacteriaceae; g__Enorma	0.9513423969589208
b933a23aee351a226018ae739a5f9111	d__Bacteria; p__Bacillota; c__Clostridia; o__Lachnospirales; f__Lachnospiraceae; g__Blautia	0.8354719035023651
54648d113cbb4d1420aa572fe0aead39	d__Bacteria; p__Actinomycetota; c__Actinobacteria; o__Micrococcales; f__Brevibacteriaceae; g__Brevibacterium	0.9971082817257049
a0985d43fe555aabd2cdaa513dfea365	d__Bacteria; p__Bacteroidota; c__Bacteroidia; o__Bacteroidales; f__Prevotellaceae; g__Hoylesella	0.9434276930397705
1e590cadeb15ba8d8e7a989911a4d73f	d__Bacteria; p__Bacillota; c__Clostridia; o__Oscillospirales; f__Ruminococcaceae; g__Faecalibacterium	0.7202654927685984
dbe10274c142cbc20eeb19380b2059f4	d__Bacteria	0.9999999999964735
d7da7759223b8a924a7b2c7d7092c19a	d__Bacteria; p__Actinomycetota; c__Coriobacteriia; o__Coriobacteriales; f__Coriobacteriaceae; g__Enorma	0.9999603445978903
1c593277c48f85ed2176aced85694d9a	d__Bacteria; p__Bacteroidota; c__Bacteroidia; o__Bacteroidales; f__Prevotellaceae; g__Prevotellaceae_UCG-001	0.9619970698798673
033f70713164a9dbeaf6d6015656e045	d__Bacteria; p__Bacillota; c__Clostridia; o__Lachnospirales; f__Lachnospiraceae	0.9035839500099843
1e4041cd8043462333dfb2e888f6e18e	d__Bacteria; p__Pseudomonadota; c__Gammaproteobacteria; o__Burkholderiales; f__Sutterellaceae; g__Sutterella	0.9984512282968548
d2fa0a31f2a6f5179cfa0c3a3cead8ae	d__Bacteria; p__Bacillota; c__Clostridia; o__Oscillospirales; f__Butyricicoccaceae; g__Agathobaculum	0.9976040554208684
6deef7020b08f0515ab3d23ded49d7ce	d__Bacteria; p__Bacillota; c__Clostridia; o__Oscillospirales; f__Ruminococcaceae; g__[Eubacterium]_siraeum_group	0.99940719613593
1351a51217d2e7e976b641f7e8e81dc5	d__Bacteria; p__Cyanobacteriota; c__Cyanobacteriia; o__Chloroplast; f__Incertae_Sedis; g__Incertae_Sedis	0.9955234328348382
5c51659ad0f7c338defbaab4d43465db	d__Bacteria; p__Pseudomonadota; c__Alphaproteobacteria; o__Caulobacterales; f__Caulobacteraceae; g__Incertae_Sedis	0.7624308040318746
597b97042e853fcbcdd3c5bcfbe679ba	d__Bacteria; p__Actinomycetota; c__Actinobacteria; o__Bifidobacteriales; f__Bifidobacteriaceae; g__Bifidobacterium	0.999999608784199
b7c56e2df2f1b032dc366da2b61d4127	d__Eukaryota	0.8570879869793218
f0f31ef52c23b585177032fb53aaf134	d__Bacteria; p__Bacillota; c__Clostridia; o__Lachnospirales; f__Lachnospiraceae; g__Lachnospiraceae_NC2004_group	0.9950540895664699
af753691ee1ed6b8d1c6d30b560ba540	d__Bacteria; p__Bacillota; c__Clostridia; o__Peptostreptococcales-Tissierellales; f__Anaerovoracaceae; g__Family_XIII_AD3011_group	0.9975422546226067
cee926cc024636b947934dd5955842f8	Unassigned	0.7129754485844129
63b0c27930a21333db4d1cedb8362c26	d__Bacteria; p__Synergistota; c__Synergistia; o__Synergistales; f__Synergistaceae; g__Cloacibacillus	0.999990658932419
8d3db1aa16d393f08d6e043fbd506a9b	d__Bacteria; p__Bacillota; c__Clostridia; o__Oscillospirales; f__Ruminococcaceae; g__Faecalibacterium	0.8497915225134602
82f37dedbb890d5ceff364ec2608bf6d	d__Bacteria; p__Pseudomonadota; c__Alphaproteobacteria; o__Rhodospirillales; f__Incertae_Sedis; g__Incertae_Sedis	0.8550665006681235
e06dccd51c3a73b02cb1db2970dbf0b3	d__Bacteria; p__Bacillota; c__Clostridia; o__Oscillospirales; f__Ruminococcaceae; g__Incertae_Sedis	0.798930860836392
845b4d85a92ae4fc7f1abe2adc94ea8e	d__Bacteria; p__Actinomycetota; c__Coriobacteriia; o__Coriobacteriales; f__Atopobiaceae	0.9999998336899305
59a1ff4001c7e4526b8630cc2fe00b63	d__Bacteria; p__Bacteroidota; c__Bacteroidia; o__Bacteroidales; f__Prevotellaceae; g__Massiliprevotella	0.9999975451074908
8a93bc3d64b710c05a1a2f6c5db993f6	d__Bacteria; p__Pseudomonadota; c__Gammaproteobacteria; o__Burkholderiales; f__Oxalobacteraceae	0.9985028268843004
1cb16c828593f3d3517fc86131acc0a9	d__Bacteria; p__Bacillota; c__Clostridia; o__Clostridia_vadinBB60_group; f__Incertae_Sedis; g__Incertae_Sedis	0.9999959171424637
2d896ae99a0ce18b11b79d1a032e06cc	d__Bacteria; p__Bacillota; c__Bacilli; o__Erysipelotrichales; f__Erysipelatoclostridiaceae; g__Erysipelotrichaceae_UCG-003	0.9999961316286418
5248566f678863831ea9116fd6ea348e	d__Bacteria; p__Actinomycetota; c__Coriobacteriia; o__Coriobacteriales; f__Eggerthellaceae	0.9999441173620159
337b625d60d3ea26f58fe264778a4e41	d__Bacteria; p__Bacteroidota; c__Bacteroidia	0.972906195817283
598ee90898964b3c3f34ae5dd8c4e528	d__Bacteria; p__Bacillota; c__Clostridia	0.9639937700242159
78cfc40dcaf0e586dbbd15352b39d0cb	d__Bacteria; p__Bacteroidota; c__Bacteroidia; o__Bacteroidales; f__Marinifilaceae; g__Butyricimonas	0.9999880643181089
7b786be5380eeb5cb0d6a1d82fe09fc0	d__Bacteria; p__Bacillota; c__Clostridia; o__Lachnospirales; f__Lachnospiraceae; g__Marvinbryantia	0.8343714310853123
4f1eaa84ba1dec97477cdb9cf0464c59	d__Bacteria; p__Bacillota; c__Clostridia; o__Lachnospirales; f__Lachnospiraceae	0.9999947529114146
1bbf56f312d125ecd94e62b8bc815541	d__Bacteria; p__Actinomycetota; c__Coriobacteriia; o__Coriobacteriales; f__Coriobacteriaceae; g__Collinsella	0.9998879341524812
642c7f913c04bb8c7418effb070f608d	d__Bacteria; p__Pseudomonadota; c__Gammaproteobacteria; o__Burkholderiales; f__Sutterellaceae; g__Parasutterella	0.9954359189136095
48fac4d41639fde1414613efe7e94148	d__Bacteria; p__Bacillota; c__Clostridia; o__Clostridiales; f__Clostridiaceae; g__Clostridium	0.8040654025396463
86088836f277afe816db79bb4af26ae5	d__Bacteria; p__Bacillota; c__Bacilli; o__Erysipelotrichales; f__Erysipelatoclostridiaceae; g__Erysipelotrichaceae_UCG-003	0.999996027292245
4fbdac8407bca0422966b96aba5d75b8	d__Bacteria; p__Bacillota; c__Clostridia; o__Lachnospirales; f__Lachnospiraceae	0.8650582031053011
ad8dacff596705c8d8c5fdc5d81c22fa	d__Bacteria; p__Bacillota; c__Clostridia; o__Oscillospirales; f__Ruminococcaceae; g__Faecalibacterium	0.9999525009376827
2039dbca4b262edf2741b23a10ea8712	d__Bacteria; p__Bacillota; c__Bacilli; o__Erysipelotrichales; f__Erysipelotrichaceae; g__Merdibacter	0.9995041003542402
b01b058e1eb9d84dd61f2b8316e22074	d__Bacteria; p__Fusobacteriota; c__Fusobacteriia; o__Fusobacteriales; f__Leptotrichiaceae; g__Sneathia	0.7030031151143625
d83b95bf383cd0c6307891c90d110ec7	d__Eukaryota	0.8096823378770681
7d212b524065d5f440318107067f3082	d__Bacteria; p__Bacillota; c__Clostridia; o__Oscillospirales; f__Oscillospiraceae; g__Colidextribacter	0.9736263159321333
cd4b3c06cd047224c3f4d81a43b6dbc6	d__Bacteria; p__Bacillota; c__Clostridia; o__Lachnospirales; f__Lachnospiraceae	0.9999765744440278
cf22df0b759cff1dd9e9f5b59c72409c	d__Bacteria; p__Bacillota; c__Clostridia; o__Oscillospirales; f__Ruminococcaceae; g__[Eubacterium]_siraeum_group	0.9357185785248036
600b0e822ba9cc25d6611ab55a30a0cf	d__Bacteria; p__Actinomycetota; c__Actinobacteria; o__Mycobacteriales; f__Corynebacteriaceae; g__Corynebacterium	0.9997322827042133
67540bd94d219f0cf27ede1fa3ebc868	d__Bacteria; p__Pseudomonadota; c__Alphaproteobacteria; o__Sphingomonadales; f__Sphingomonadaceae; g__Sphingomonas	0.9700292870323386
a769c2cd1f043c98a1efb17ad0a3d8ce	d__Bacteria; p__Bacillota; c__Clostridia; o__Oscillospirales; f__UCG-010; g__Incertae_Sedis	0.9999645159691152
47fcd4f9b3134b437da25911437fa4eb	d__Bacteria; p__Bacillota; c__Clostridia; o__Oscillospirales; f__Oscillospiraceae; g__NK4A214_group	0.9643975769694996
38fd564647a935995dd487c10f0ef64e	d__Bacteria; p__Bacillota; c__Clostridia; o__Peptostreptococcales-Tissierellales; f__Family_XI; g__Peptoniphilus	0.9994464943392979
88f6d2b2a22a6c63168169b5eb7bd753	d__Bacteria; p__Bacillota; c__Clostridia	0.9999999102090298
7f4befb5f36819f71ce06a7587f26369	d__Bacteria; p__Actinomycetota; c__Actinobacteria; o__Mycobacteriales; f__Corynebacteriaceae; g__Corynebacterium	0.9984619293315643
5ca6144a79f04047410091d937789fda	d__Bacteria; p__Bacillota; c__Clostridia; o__Monoglobales; f__Monoglobaceae; g__Monoglobus	0.9999998011909439
b01b2bb2f64f6a550252f13e946cf1d1	d__Bacteria; p__Bacillota; c__Clostridia; o__Clostridiales; f__Clostridiaceae; g__Clostridium	0.9946299369729067
45113a4d76881cada8fc6bd37fe557dc	d__Bacteria; p__Bacillota; c__Clostridia; o__Peptostreptococcales-Tissierellales; f__Family_XI; g__Anaerococcus	1.0
58f360aa5971ee66006af7f1fca6198f	d__Bacteria; p__Fusobacteriota; c__Fusobacteriia; o__Fusobacteriales; f__Fusobacteriaceae; g__Fusobacterium	0.9999992971087349
1ec19e98dae6a5b5c266b31c6a10c197	d__Bacteria; p__Bacillota; c__Negativicutes; o__Veillonellales-Selenomonadales; f__Veillonellaceae; g__Dialister	0.9999609755698187
dac82ddd3402b18e0655c99294c6ad45	d__Bacteria; p__Bacteroidota; c__Bacteroidia; o__Bacteroidales; f__Muribaculaceae; g__Incertae_Sedis	0.9284205742833155
3bd9991b865ac8cfcc85552577155d13	d__Bacteria; p__Actinomycetota; c__Coriobacteriia; o__Coriobacteriales; f__Atopobiaceae; g__Coriobacteriaceae_UCG-003	0.9996237752919157
cc6ed6305cabf6a3baa8731b450f760a	d__Bacteria; p__Bacillota; c__Clostridia; o__Lachnospirales; f__Lachnospiraceae; g__Parasporobacterium	0.7690953552441732
235c0b004a8a92062098ff3066851b89	d__Bacteria; p__Bacillota; c__Clostridia	0.9993463468057021
54ef43efd7dfe7347d554f6389f61411	Unassigned	0.31570878765736343
280259fbe920a8e05e092d15e07ed538	d__Bacteria; p__Bacillota; c__Clostridia; o__Oscillospirales; f__Ruminococcaceae	0.9977726689470606
2df3c2274cda9bb80113c20f62010d55	d__Bacteria; p__Bacillota; c__Clostridia; o__Lachnospirales; f__Lachnospiraceae; g__Lachnospiraceae_UCG-004	0.9060339792875848
55e3ec09a7c61fca5963565cb44a4aa5	d__Eukaryota	0.8906667973533
e4d4ed4884d881e360d2adc63bbc8a4f	d__Bacteria; p__Bacillota; c__Bacilli; o__Erysipelotrichales; f__Erysipelatoclostridiaceae; g__Thomasclavelia	0.9999765151504196
b17a442fdb4effd1d41b765dc65d7dfa	d__Bacteria; p__Bacillota; c__Clostridia; o__Lachnospirales	0.7006557838843595
4544313cd0ac060ed0f6a644ef5926ee	d__Bacteria; p__Actinomycetota; c__Coriobacteriia; o__Coriobacteriales; f__Eggerthellaceae; g__Gordonibacter	0.9056594437066496
bf6f5edad48b13138fba6bb52e95c3e6	d__Bacteria; p__Bacteroidota; c__Bacteroidia; o__Bacteroidales; f__Rikenellaceae; g__SP3-e08	0.9734926000834141
62e83956bd001d0ba5926a65eb027097	d__Bacteria; p__Bacillota; c__Clostridia; o__Peptostreptococcales-Tissierellales; f__Anaerovoracaceae; g__Family_XIII_AD3011_group	0.8855779074959135
30bd749c52d1a56262e9914ac9e82565	d__Bacteria; p__Bacillota; c__Clostridia; o__Peptococcales; f__Peptococcaceae; g__Peptococcus	0.9135354760098038
e8e6ae83dbed0cd86ae558029d9da51d	d__Bacteria; p__Pseudomonadota; c__Gammaproteobacteria; o__Enterobacterales; f__Pasteurellaceae	0.9509040085064476
384724cc84ea916b7f465808c489f966	d__Bacteria; p__Fusobacteriota; c__Fusobacteriia; o__Fusobacteriales; f__Fusobacteriaceae; g__Fusobacterium	0.9999999999044604
0a089033e43890a763bd5e2f82b84892	d__Eukaryota	0.7590722547531314
3bae65d5a80d5b3fec0ea8c6e449ad08	d__Bacteria; p__Bacillota; c__Clostridia	0.9938830012507383
42afcaebdcfa99e7eca1860efac43f14	d__Bacteria; p__Bacillota; c__Clostridia; o__Oscillospirales; f__Oscillospiraceae; g__Colidextribacter	0.8084971042807673
21c97fef5051a2163fd8729631a77275	Unassigned	0.3454302592836054
06362b7773a8eb7af8c66259381e72d3	d__Bacteria; p__Bacteroidota; c__Bacteroidia; o__Bacteroidales; f__Marinifilaceae; g__Butyricimonas	0.9999999763749091
01feebeeb2870f385ca6db51ecc37ec3	d__Eukaryota	0.7570313170808147
cf96fd38f1980944176384579855270f	d__Bacteria; p__Bacillota; c__Clostridia; o__Oscillospirales; f__Ruminococcaceae; g__Hydrogenoanaerobacterium	0.7020500471250212
9727cea49499fec4a242c89e71dac355	d__Bacteria; p__Pseudomonadota; c__Alphaproteobacteria; o__Rhodospirillales; f__Incertae_Sedis; g__Incertae_Sedis	0.9999015008273525
6c46b098ec705c35227d23008604c7f8	d__Bacteria; p__Bacteroidota; c__Bacteroidia; o__Bacteroidales; f__Prevotellaceae; g__Leyella	0.7397569914024952
5f8b6571fc3f26fb8382138add9f567f	d__Bacteria; p__Bacillota; c__Clostridia; o__Oscillospirales; f__Ruminococcaceae; g__Acutalibacter	0.9999985139420986
a5ccb16e8fa98d1a50bf4a2bd8cd0fa7	d__Bacteria; p__Bacillota; c__Clostridia; o__Oscillospirales; f__Oscillospiraceae; g__Oscillibacter	0.9930653872952377
a57b11b8de02fb051a17ad9ca5d01bd2	d__Bacteria; p__Bacillota; c__Clostridia; o__Lachnospirales; f__Lachnospiraceae	0.9999885310029692
ba6162f2d8952a9974427457a2b25135	d__Bacteria	0.9999999999710361
a2f646c8f5e01bec105555ed84ae79f1	d__Bacteria; p__Bacillota; c__Clostridia; o__Oscillospirales; f__Oscillospiraceae	0.9592789369525513
aaee8b77d1cb98c47ef5a9639eca74eb	d__Eukaryota	0.8108406845811011
1a864495e0f4e607a0803dc66aafe224	d__Bacteria; p__Synergistota; c__Synergistia; o__Synergistales; f__Synergistaceae; g__Cloacibacillus	0.9999974387902854
9dfde9d2e7ee8fac493366a9aef3fd69	d__Bacteria; p__Bacillota; c__Clostridia; o__Lachnospirales; f__Lachnospiraceae; g__Lachnospiraceae_UCG-004	0.924181928748562
bde2e5abc833bec6a39af7c3ac5e3d42	d__Bacteria; p__Pseudomonadota; c__Gammaproteobacteria; o__Enterobacterales; f__Pasteurellaceae; g__Haemophilus	0.9999446411315511
32264e3128f78a9ef288bfe9efc4dfc0	d__Bacteria; p__Cyanobacteriota; c__Vampirivibrionia; o__Gastranaerophilales; f__Gastranaerophilaceae; g__Zag_111	0.9837159137039898
281a98027213c29a0a48faf9f4abc4b6	d__Bacteria; p__Bacteroidota; c__Bacteroidia; o__Bacteroidales; f__Bacteroidaceae; g__Bacteroides	0.7673501283471228
7dccc51fd2bb0e38b10d15a99cac1753	d__Bacteria; p__Bacillota; c__Bacilli; o__RF39; f__Incertae_Sedis; g__Incertae_Sedis	0.9999999999269704
26f00d419160d0c607bf550ec133572a	d__Bacteria; p__Bacteroidota; c__Bacteroidia; o__Bacteroidales; f__Muribaculaceae; g__Incertae_Sedis	0.9983962194584923
07acc8bbfc717442535607dc17a1ac81	d__Bacteria; p__Bacillota; c__Clostridia; o__Peptostreptococcales-Tissierellales; f__Peptostreptococcaceae; g__Incertae_Sedis	0.7902209111713111
494209d581a646a401c0b1b98448fc36	d__Bacteria; p__Bacteroidota; c__Bacteroidia; o__Bacteroidales; f__Barnesiellaceae; g__Barnesiella	0.9999990235934824
2213cf971539df1993a8934b8a5276a1	d__Bacteria; p__Bacillota; c__Clostridia; o__Oscillospirales; f__Oscillospiraceae	0.7694629804085987
2f66ddeef845dff28f913ff5b7012dc0	d__Bacteria; p__Bacillota; c__Clostridia; o__Lachnospirales; f__Lachnospiraceae; g__[Eubacterium]_oxidoreducens_group	0.9949115179011189
08d18f9b38c37442e72c87808d78a4c4	d__Bacteria; p__Bacillota; c__Clostridia; o__Oscillospirales; f__Ruminococcaceae	0.8947458025078583
eada1193a2b0877d9fdb32c8e16ea884	d__Bacteria; p__Bacillota; c__Clostridia; o__Lachnospirales	0.993603991376976
8bb692d6fafed886e7617213d24d1ebe	d__Bacteria; p__Thermodesulfobacteriota; c__Desulfovibrionia; o__Desulfovibrionales; f__Desulfovibrionaceae; g__Desulfovibrio	0.9703943909143679
519fb25b5d345e38323462f6d5027ade	d__Bacteria; p__Bacteroidota; c__Bacteroidia; o__Bacteroidales; f__Prevotellaceae	0.9999999752046853
7b914fb988e4d05c1221e249444b618e	d__Bacteria; p__Bacillota; c__Clostridia; o__Christensenellales; f__Christensenellaceae; g__Christensenellaceae_R-7_group	0.975967284762855
b3b173ff00aa6bb5e071cd4eba47919d	d__Bacteria; p__Bacillota; c__Clostridia; o__Oscillospirales; f__Ruminococcaceae; g__Faecalibacterium	0.7388973417152312
0beca0e3e84e1b564979e4e08732218d	d__Bacteria; p__Bacillota; c__Clostridia; o__Lachnospirales; f__Lachnospiraceae	0.9922849703334653
597a29b9f48fae87ac45a239175892ce	d__Bacteria; p__Actinomycetota; c__Actinobacteria; o__Mycobacteriales; f__Corynebacteriaceae; g__Corynebacterium	0.9993284411582783
ea46081a146769dbc4a75650c6b8337e	d__Bacteria; p__Thermodesulfobacteriota; c__Desulfovibrionia; o__Desulfovibrionales; f__Desulfovibrionaceae; g__Desulfovibrio	0.9935225682689217
dee3389b56ef3a048c77a534ec479d1f	d__Bacteria; p__Bacillota; c__Clostridia; o__Oscillospirales; f__Ruminococcaceae; g__Paludicola	0.9454869337833526
5d5945ddac21441fd51643a44586d953	d__Bacteria; p__Bacillota; c__Clostridia; o__Peptostreptococcales-Tissierellales; f__Peptostreptococcaceae; g__Peptostreptococcus	0.9530851161797428
01782a97cd679eb74e039ed1b9074038	d__Bacteria; p__Bacillota; c__Clostridia; o__Peptostreptococcales-Tissierellales; f__Family_XI; g__Fenollaria	0.9260938043182532
a0877b3478ec1ec9a324354c04d75af6	d__Bacteria; p__Bacteroidota; c__Bacteroidia; o__Bacteroidales; f__Marinifilaceae; g__Gabonibacter	0.9999999999745484
4e046d3e89587d7059eda474cde5bcdd	d__Bacteria; p__Bacteroidota; c__Bacteroidia; o__Bacteroidales; f__Prevotellaceae; g__Prevotella	0.9997686922968216
bc1439275752ebcbb1ca0ad9678cc27f	d__Bacteria; p__Bacillota; c__Clostridia; o__Peptostreptococcales-Tissierellales; f__Family_XI; g__Parvimonas	0.8914745734826086
0b746f73ac8cc058d1fe1afa7074ebb3	Unassigned	0.33624916382306735
9c18418b1b4127f8b5a122ef899a6eb8	d__Bacteria; p__Bacillota; c__Clostridia; o__Oscillospirales; f__Ruminococcaceae; g__Faecalibacterium	0.9984683232573626
a5aab9baa24519d83b4eb613b0807a2a	d__Bacteria; p__Bacteroidota; c__Bacteroidia; o__Bacteroidales; f__Bacteroidaceae; g__Bacteroides	0.9997774797478899
5de4eaa58b7d77b6ea0e59a6bd3e7829	d__Bacteria; p__Bacteroidota; c__Bacteroidia; o__Bacteroidales; f__Prevotellaceae; g__Prevotella	0.9999756265362432
200c9c0b5ff8fd154c0d55ce38fa1fd4	d__Bacteria; p__Bacillota; c__Clostridia; o__Peptostreptococcales-Tissierellales; f__Peptostreptococcaceae; g__Asaccharospora	0.8858496377210187
bee7a0d913de30fb406d792bd705c79d	d__Bacteria; p__Pseudomonadota; c__Gammaproteobacteria; o__Burkholderiales; f__Sutterellaceae; g__Sutterella	0.9999571277332652
c4059e39c1da1fc4c6c089750917c993	d__Bacteria; p__Pseudomonadota; c__Gammaproteobacteria; o__Enterobacterales; f__Pasteurellaceae; g__Aggregatibacter	0.9990947405705712
e03584e33a9d289c462929275d20b6ba	d__Bacteria; p__Bacillota; c__Clostridia; o__Monoglobales; f__Monoglobaceae; g__Monoglobus	0.9994252919439611
24f5c3ad0ac8636cca96339dc444a653	d__Bacteria; p__Bacillota; c__Clostridia; o__Peptostreptococcales-Tissierellales; f__Anaerovoracaceae; g__Family_XIII_AD3011_group	0.9907718995686369
4c5573ed8fb48fb519b9b5bc45c188c4	d__Bacteria; p__Bacillota; c__Clostridia; o__Peptostreptococcales-Tissierellales; f__Family_XI; g__Anaerococcus	0.9999541009306803
359e28ce7f6443d527da700b914039b1	d__Archaea; p__Methanobacteriota; c__Methanobacteria; o__Methanobacteriales; f__Methanobacteriaceae; g__Methanosphaera	0.999999978552083
8b6cc6c2a6a7455df283ed0a89c9092c	d__Bacteria; p__Bacillota; c__Bacilli; o__Staphylococcales; f__Gemellaceae; g__Gemella	0.9999998177095815
e4f1a8fecd18ef4a33bb41ca06a6ff13	d__Bacteria; p__Bacteroidota; c__Bacteroidia; o__Bacteroidales; f__Prevotellaceae; g__Xylanibacter	0.8146212705434577
4b84d24d965c49005086e2b3f7133d46	d__Bacteria; p__Actinomycetota; c__Coriobacteriia; o__Coriobacteriales; f__Eggerthellaceae; g__CHKCI002	0.9062084326234435
362ede83d0339298b1e0a24f719afccb	d__Bacteria; p__Actinomycetota; c__Actinobacteria; o__Mycobacteriales; f__Corynebacteriaceae; g__Corynebacterium	0.9998579544037597
8eda73910186167140633ac6e02ce9d1	d__Bacteria; p__Bacillota; c__Clostridia; o__Peptococcales; f__Peptococcaceae; g__Peptococcus	0.9999659191594887
79b5093f2ec06e03c0ba4fe7f59605a3	d__Bacteria; p__Actinomycetota; c__Coriobacteriia; o__Coriobacteriales; f__Eggerthellaceae; g__Berryella	0.7325713271499829
06aee27ce4c45a6b7ab89deff9e09fbb	d__Eukaryota	0.8579582912821389
af37161d687336f25c70ebee470f1a36	d__Bacteria; p__Pseudomonadota; c__Gammaproteobacteria; o__Pseudomonadales; f__Pseudomonadaceae; g__Pseudomonas	0.9979927192826233
0b42110f31b49f5824def8477d493c40	d__Bacteria; p__Bacillota; c__Bacilli; o__Erysipelotrichales; f__Erysipelatoclostridiaceae; g__Thomasclavelia	0.9941883677872155
e89fad771067ad992c63660300e08e07	d__Bacteria; p__Pseudomonadota; c__Gammaproteobacteria; o__Enterobacterales; f__Morganellaceae; g__Providencia	0.9999935942705455
a8fbe3aa4f9ebb16f032060b76173c7c	d__Bacteria; p__Bacillota; c__Clostridia; o__Oscillospirales; f__Ruminococcaceae; g__CAG-352	0.9972621439971613
a36f19ad1b7d66cc9ae858d4edaafa83	d__Bacteria; p__Bacteroidota; c__Bacteroidia; o__Bacteroidales; f__Bacteroidaceae; g__Bacteroides	0.9991129555651304
33ebff3bb2a31d096da4fcaa890cc0ac	d__Bacteria; p__Bacillota; c__Clostridia; o__Oscillospirales; f__Oscillospiraceae	0.9962156832262894
fbe8b7639bb88c8e150262415e3f617d	d__Bacteria; p__Bacillota; c__Clostridia; o__Lachnospirales; f__Lachnospiraceae	0.9605161292394904
4cb7a323ea235cfc9477e988ee5f274f	d__Bacteria; p__Bacillota; c__Clostridia; o__Oscillospirales; f__Butyricicoccaceae; g__Agathobaculum	0.9995828535424753
adeff4ac1ed57c2773cc135a4e18a508	d__Bacteria; p__Deinococcota; c__Deinococci; o__Thermales; f__Thermaceae; g__Thermus	0.9999999998628937
3ac1105bd7914ce3866073d58cfffa7a	d__Bacteria; p__Bacillota; c__Bacilli; o__RF39; f__Incertae_Sedis; g__Incertae_Sedis	0.9999999997564402
cbd5471947cbdfe039d0d5b591394f2e	d__Bacteria	0.9999999989899924
5f802c8684824a2e5d67285ba58ea1ce	d__Bacteria	0.9999999997009712
14bbfd699d61e7d35c180851789419d4	d__Bacteria; p__Bacteroidota; c__Bacteroidia; o__Bacteroidales; f__Prevotellaceae	0.9999999340065934
9ad767223ceee635d2abab0e9f4cb488	d__Bacteria; p__Bacillota; c__Bacilli; o__Erysipelotrichales; f__Erysipelatoclostridiaceae; g__Asteroleplasma	0.9999982817445225
d79cab9a043748d4741cd1a7a000aa01	d__Bacteria; p__Bacillota; c__Clostridia; o__Clostridia_UCG-014; f__Incertae_Sedis; g__Incertae_Sedis	0.9999960733082603
c77b749b2e82a620f500ba7d508c27e7	d__Bacteria; p__Bacillota; c__Clostridia; o__Lachnospirales; f__Lachnospiraceae; g__Lachnospiraceae_FCS020_group	0.9220080566302415
77a0c89c5384be47448b3a29579940ed	d__Bacteria; p__Pseudomonadota; c__Gammaproteobacteria; o__Burkholderiales; f__Sutterellaceae; g__Sutterella	0.8402555008316657
26abbed3c6801f36b2104a5cbff6cb74	d__Bacteria; p__Bacillota; c__Clostridia; o__Oscillospirales; f__Ruminococcaceae; g__Ruminococcus	0.7251454199024944
d248a3f339ab678ebcabe1cccbaa3088	d__Bacteria; p__Bacillota; c__Clostridia	0.9999999989346456
52d16b01115d87ab9c49915780dc6ad1	d__Bacteria; p__Bacteroidota; c__Bacteroidia; o__Bacteroidales; f__Barnesiellaceae; g__Barnesiella	0.9999994001680172
847f3f25e6904fcd9f5c04e3d0eac92a	d__Bacteria; p__Pseudomonadota; c__Incertae_Sedis; o__Incertae_Sedis; f__Incertae_Sedis; g__Incertae_Sedis	0.7108832204187409
a8ee81f04f108edc472a1391c7e7f28b	d__Bacteria; p__Bacillota; c__Clostridia; o__Oscillospirales; f__Oscillospiraceae; g__Intestinimonas	0.7338694325402231
0c0696699333805cea3e38bf7a6f60a5	d__Bacteria; p__Bacillota; c__Clostridia; o__Oscillospirales; f__Butyricicoccaceae; g__Agathobaculum	0.9017867055772524
f7dcf807c0f750021e444272cc6f6ed0	d__Bacteria; p__Bacillota; c__Clostridia	0.9506556282656957
914829f9f6a5fdedfb3a25a770f726eb	d__Bacteria; p__Bacillota; c__Clostridia; o__Lachnospirales; f__Lachnospiraceae; g__Lachnospiraceae_UCG-004	0.85454392080211
e1ca41832f8279410059191f0606b1dd	d__Bacteria; p__Bacillota; c__Bacilli; o__Erysipelotrichales; f__Erysipelotrichaceae; g__Dielma	0.9997918825300189
0b27e30b923cd6660140d8bfe27cd58e	d__Bacteria; p__Bacteroidota; c__Bacteroidia; o__Bacteroidales	0.9999214807625887
4fdb31afa4993edaffc94381417bee78	d__Bacteria; p__Bacillota; c__Clostridia; o__Lachnospirales; f__Lachnospiraceae; g__Agathobacter	0.9422049365871144
57708681f22b70824ed99d7f6d57d656	Unassigned	0.7575643891390846
35d9243b1f4d6b3633acac1e066e017d	d__Bacteria; p__Bacteroidota; c__Bacteroidia; o__Bacteroidales; f__Prevotellaceae; g__Prevotellaceae_UCG-001	0.9883554652076937
a0d62b258002f2f3d711e05802898ebd	d__Bacteria; p__Bacillota; c__Clostridia; o__Clostridiales; f__Clostridiaceae; g__Clostridium	0.9996986029604767
113aba026776515582ee654f9fca46fb	d__Eukaryota	0.7281835065510055
d24b493985c359e3377e237fc39c79cb	d__Bacteria; p__Bacteroidota; c__Bacteroidia; o__Bacteroidales; f__Muribaculaceae; g__Incertae_Sedis	0.999967014337931
0ff9d3556248124de5133f721cff6af7	d__Bacteria	0.999999999996886
3aebab5586f6afa54fab2f4ffa063ef1	d__Bacteria; p__Actinomycetota; c__Coriobacteriia; o__Coriobacteriales; f__Atopobiaceae; g__Lancefieldella	0.904483315555538
2688d71f355a04ee1cc601b7c87c5a16	d__Bacteria; p__Pseudomonadota; c__Gammaproteobacteria; o__Enterobacterales; f__Pasteurellaceae; g__Actinobacillus	0.898620089371905
220beda9adb4f0c76b1d4d4552bb5cc8	d__Bacteria; p__Actinomycetota; c__Actinobacteria; o__Actinomycetales; f__Actinomycetaceae; g__Schaalia	0.9999999825348597
36623850d4d4a62e00285fbb6174548a	d__Bacteria; p__Bacteroidota; c__Bacteroidia; o__Bacteroidales; f__Marinifilaceae; g__Butyricimonas	0.9999947568621258
e327ed380d77f3a14f1f4720c9926c91	d__Bacteria; p__Bacteroidota; c__Bacteroidia; o__Bacteroidales; f__Rikenellaceae; g__SP3-e08	0.9153228914386214
bf26e4dd5f2b21f15d49adff6db02fdf	d__Bacteria; p__Bacteroidota; c__Bacteroidia; o__Bacteroidales; f__Marinifilaceae; g__Butyricimonas	0.9999997003491381
d3c44b428888ee511220bfd7709bde9d	d__Bacteria; p__Bacillota; c__Clostridia; o__Lachnospirales; f__Lachnospiraceae	0.9999011504619687
6a77fa8edbe9aa701e4976abe82502b0	d__Bacteria; p__Fusobacteriota; c__Fusobacteriia; o__Fusobacteriales; f__Fusobacteriaceae; g__Fusobacterium	0.957194647363595
81ea632c6198f59fa3c639fdb4b73b3e	Unassigned	0.34714568852771843
ef0104dd9712268e355a9e34744a59da	d__Bacteria; p__Actinomycetota; c__Thermoleophilia; o__Gaiellales; f__Gaiellaceae; g__Gaiella	0.9031916303540406
9053b9642a51ac25b6aad408144b29a5	d__Bacteria; p__Bacillota; c__Clostridia; o__Peptostreptococcales-Tissierellales; f__Peptostreptococcaceae	0.7700919660071746
108f374d0ab5ed8093a6ddb36156e76f	d__Bacteria; p__Bacillota; c__Clostridia; o__Oscillospirales; f__Ethanoligenenaceae; g__Acetanaerobacterium	0.7096899795541275
6a61ddbcdf1259cca1e546d7b9bd2bf1	d__Bacteria; p__Bacteroidota; c__Bacteroidia; o__Bacteroidales; f__Prevotellaceae; g__Incertae_Sedis	0.9919353407915906
0374d3a8564bae81572dc8de906af794	d__Bacteria; p__Bacillota; c__Bacilli; o__Erysipelotrichales; f__Erysipelatoclostridiaceae; g__Erysipelotrichaceae_UCG-003	0.9998484191757924
56dca8f0f2f0cc625cc5188e859c2f96	d__Bacteria; p__Pseudomonadota; c__Gammaproteobacteria; o__Pseudomonadales; f__Moraxellaceae; g__Acinetobacter	0.9999043645367575
66f4e3832f7503680f545bdc67ca4a19	d__Bacteria; p__Thermodesulfobacteriota; c__Desulfovibrionia; o__Desulfovibrionales; f__Desulfovibrionaceae	0.9954011808778663
dc3a48761a97149af0ff9be3bb3d7a2e	d__Bacteria; p__Pseudomonadota; c__Gammaproteobacteria; o__Burkholderiales; f__Sutterellaceae; g__Sutterella	0.9126416271390316
76c6c2405b12a0b950121622a973875a	d__Bacteria; p__Pseudomonadota; c__Gammaproteobacteria; o__Burkholderiales	0.9414690496227027
ad484982489cf299371b197a2ab449f8	d__Bacteria; p__Bacillota; c__Clostridia; o__Oscillospirales; f__Butyricicoccaceae; g__Agathobaculum	0.7879257728093112
5eb1462416b5f2afd95730d198b390e7	d__Bacteria; p__Bacillota; c__Clostridia; o__MAT-CR-H4-C10; f__Incertae_Sedis; g__Incertae_Sedis	0.8334500136289416
3c81c40f94deb0e218a40e1370f85719	d__Bacteria; p__Bacillota; c__Clostridia; o__Lachnospirales; f__Lachnospiraceae; g__Lachnospiraceae_UCG-004	0.9123709315351338
a5c7f2b6bd11d45eda0737c75de89f2f	d__Bacteria; p__Bacteroidota; c__Bacteroidia; o__Bacteroidales; f__Rikenellaceae; g__Alistipes	0.9999213778446233
1a6e7707f4818e127681d17a783c8dc8	d__Bacteria; p__Bacillota; c__Clostridia	0.9909463314047604
bc823bf1947b50513a1b5d9bf1ecaa27	d__Bacteria; p__Bacillota; c__Negativicutes; o__Acidaminococcales; f__Acidaminococcaceae; g__Acidaminococcus	0.9897676245642744
b49f1d4031931945cd3fe63a11c0ef2a	d__Bacteria; p__Bacillota; c__Clostridia; o__Lachnospirales; f__Lachnospiraceae	0.9992923509015817
01bf83508c05449cb8ef74903de495cf	d__Bacteria; p__Bacillota; c__Clostridia; o__Lachnospirales; f__Lachnospiraceae; g__Lachnospiraceae_UCG-008	0.7072557506117371
cebbe4ecf6d6547d843bc046fa52e9ed	d__Bacteria; p__Bacillota; c__Clostridia; o__Peptococcales; f__Peptococcaceae; g__Peptococcus	0.9999525617849068
9176a44141a7a06c282621cfeb4577af	d__Bacteria; p__Bacillota; c__Clostridia; o__Christensenellales; f__Christensenellaceae; g__Christensenellaceae_R-7_group	0.7117113076028959
ff81ff5328e1e2fd8c8a8a15c01166bb	d__Bacteria; p__Pseudomonadota; c__Gammaproteobacteria; o__Enterobacterales; f__Succinivibrionaceae; g__Succinivibrio	0.9901089397173697
ea0a4b0a5d0750088a337e6d796fbad4	d__Bacteria; p__Actinomycetota; c__Actinobacteria; o__Mycobacteriales; f__Corynebacteriaceae; g__Corynebacterium	0.9975462780125816
5a58ff69bbe7bbdd9e0d152efad07f82	d__Bacteria; p__Bacillota; c__Clostridia; o__Clostridia_UCG-014; f__Incertae_Sedis; g__Incertae_Sedis	0.9999998826689234
5ab19d5984ded2742e03a02eb2c10cb2	d__Bacteria; p__Bacillota; c__Clostridia; o__Oscillospirales; f__Oscillospiraceae; g__Oscillibacter	0.9348417465220764
47ff7fa3be4b314e8f65832576b09f11	d__Bacteria; p__Pseudomonadota; c__Gammaproteobacteria; o__Enterobacterales	0.9999999972219419
6b881e87e19835542c4c0675b06528a7	d__Bacteria; p__Bacillota; c__Clostridia; o__Lachnospirales; f__Lachnospiraceae	0.9998011922155376
ab90decf845129c4fbb5938b4cdca109	d__Bacteria; p__Bacillota; c__Clostridia; o__Oscillospirales; f__Ruminococcaceae	0.991297602485417
77de3de486a1063d7f15018a6450a769	d__Bacteria; p__Bacteroidota; c__Bacteroidia; o__Bacteroidales; f__Bacteroidaceae; g__Bacteroides	0.9963305471817737
ca77aafacbd7c528000f1cf8c62e2cd9	d__Bacteria; p__Bacillota; c__Clostridia; o__Peptostreptococcales-Tissierellales; f__Anaerovoracaceae; g__Family_XIII_AD3011_group	0.9875517726912189
47c83cc7740d14d82a448f303dad033f	d__Bacteria; p__Actinomycetota; c__Actinobacteria; o__Actinomycetales; f__Actinomycetaceae; g__Schaalia	0.9999898775639643
57953a536c3a4282649a94bad822bb02	d__Bacteria; p__Bacillota; c__Clostridia; o__Oscillospirales; f__Ruminococcaceae; g__Faecalibacterium	0.9558386488287242
de7ed8944156f762719c68ea7195da26	d__Eukaryota	0.750198985240893
6d277a6e01b2a4e9064875bd9dfddc8d	d__Eukaryota	0.7233738603340469
1851db75b0c1763aa0052764eeaf2859	Unassigned	0.39243425959411826
d2e5e517b5cf3fe94664ed97a2dbad04	d__Bacteria; p__Actinomycetota; c__Actinobacteria; o__Micrococcales; f__Micrococcaceae; g__Micrococcus	0.9565444768086043
d3c07c0f5d20a9011d7e8da524cb9a2c	d__Bacteria; p__Bacillota; c__Clostridia; o__Lachnospirales; f__Lachnospiraceae; g__[Eubacterium]_oxidoreducens_group	0.984148882335868
cdf78bd3d14b31ed9659c27f53895d29	d__Bacteria; p__Actinomycetota; c__Coriobacteriia; o__Coriobacteriales; f__Coriobacteriaceae; g__Enorma	0.9993666780590208
5cf23d82dcf590770e32c998c2d4587b	d__Bacteria; p__Bacillota; c__Clostridia; o__Oscillospirales; f__UCG-010; g__Incertae_Sedis	0.9999498754594728
8b70755cf779eaba005003e744f2fc00	d__Bacteria; p__Bacillota; c__Clostridia; o__Lachnospirales; f__Lachnospiraceae; g__Incertae_Sedis	0.7436256329935637
a433670b6a03bf5dec9663643aabc09a	d__Bacteria; p__Bacillota; c__Clostridia; o__Oscillospirales; f__Oscillospiraceae; g__Colidextribacter	0.7166052768019833
d84e349c18c9f44a19057b35fa567de5	d__Bacteria; p__Bacteroidota; c__Bacteroidia; o__Bacteroidales; f__Prevotellaceae; g__Incertae_Sedis	0.9952068020053869
2d0b6b2f394742c60f411cc9d0e5c2ed	d__Bacteria; p__Bacillota; c__Clostridia; o__Oscillospirales; f__Ruminococcaceae; g__Faecalibacterium	0.9998998605688189
63601c0727c1b7b82178202b9b0bc8e7	d__Bacteria; p__Bacteroidota; c__Bacteroidia; o__Bacteroidales; f__Prevotellaceae	0.9999999472528119
ea0432a1996b4bb1ed3137fd8c2f09ed	d__Bacteria; p__Bacillota; c__Clostridia; o__Oscillospirales; f__Oscillospiraceae; g__Colidextribacter	0.7369987415520044
3b263354a94e30f313f387836203b759	d__Bacteria; p__Bacillota; c__Clostridia; o__Oscillospirales; f__Oscillospiraceae; g__UCG-003	0.9976509193593321
8b1076f4a5ef99f1af578f8d0dad01ca	d__Bacteria; p__Bacteroidota; c__Bacteroidia; o__Bacteroidales; f__Prevotellaceae; g__Incertae_Sedis	0.9999912444563568
6542d802de5162974985d75f23afece9	d__Bacteria	0.9999999999999962
32838d7d41625fb2ac5fd77b1e1655a1	d__Bacteria; p__Bacillota; c__Clostridia	0.9627073886016264
b9fd97032e50bdfe633b1d21eddbb79c	d__Bacteria; p__Bacteroidota; c__Bacteroidia; o__Bacteroidales; f__Bacteroidaceae; g__Bacteroides	0.9999964165689591
e1ea54138bd6095fc6867a6f446721b2	d__Eukaryota	0.7632968440872379
da47ca37b14a1ba942e1de89b0cee30b	d__Bacteria; p__Actinomycetota; c__Actinobacteria; o__Actinomycetales; f__Actinomycetaceae; g__Actinomyces	0.9999999996277751
b5a4c32677a7ed9e708602f6cece8bfd	d__Eukaryota	0.8241432653002614
877590914f96b31ed05e8af44b5e1ee8	d__Bacteria; p__Bacteroidota; c__Bacteroidia; o__Bacteroidales; f__Marinifilaceae; g__Butyricimonas	0.9999721640594537
1959cc4b9e513deb03ba8cba64b7a68f	d__Bacteria; p__Pseudomonadota; c__Gammaproteobacteria; o__Pseudomonadales; f__Moraxellaceae; g__Acinetobacter	0.9998438449948654
7cf4624d5dcdf9ca4d037f059f0a6516	d__Bacteria; p__Bacillota; c__Clostridia; o__Christensenellales; f__Christensenellaceae; g__Christensenellaceae_R-7_group	0.9214809270198508
f15903726ebbf17b3f312e873be80b86	d__Bacteria; p__Bacillota; c__Clostridia; o__Christensenellales; f__Christensenellaceae; g__Christensenellaceae_R-7_group	0.9742159623821662
3353333d80c3ece7866d04f91a970cee	d__Bacteria; p__Bacteroidota; c__Bacteroidia; o__Bacteroidales; f__Rikenellaceae; g__Rikenellaceae_RC9_gut_group	0.9998939586067961
482e1e43c489f7edded7606593ecb7ce	d__Bacteria; p__Bacillota; c__Clostridia; o__Lachnospirales; f__Lachnospiraceae	0.9959469562703465
d34adf137c03682609619b76ee8811db	d__Bacteria; p__Pseudomonadota; c__Gammaproteobacteria; o__Burkholderiales	0.9999989012010997
9970b7184ecf519a0e91f699269bad32	d__Bacteria; p__Bacillota; c__Clostridia; o__Lachnospirales; f__Lachnospiraceae	0.7270846734628132
065c3715fe429b4410d4e650ae8145f2	d__Eukaryota	0.8528563587853009
81f6c1e7acacd4a9b413518778a5941e	d__Bacteria; p__Bacillota; c__Clostridia; o__Peptostreptococcales-Tissierellales; f__Family_XI; g__Finegoldia	0.9999999703889846
70382642baf3771e506373f1afe2a95a	d__Bacteria; p__Bacillota; c__Clostridia; o__Clostridia_UCG-014; f__Incertae_Sedis; g__Incertae_Sedis	0.9999999999996021
7b95fe5c4a799aff9d7231f73a764993	d__Bacteria; p__Bacillota; c__Clostridia; o__Oscillospirales; f__[Eubacterium]_coprostanoligenes_group; g__Incertae_Sedis	0.8353058029793403
066542d1160ec877ea52b8594ad97e3b	d__Bacteria; p__Bacillota; c__Clostridia; o__Oscillospirales; f__Ruminococcaceae; g__Ruminococcus	0.8746029851480398
2eaab1d7532563f91488fd4bc37d7592	d__Bacteria; p__Bacillota; c__Clostridia; o__Oscillospirales; f__Ruminococcaceae	0.991714156481497
77f5a61cb5499e08ef80d89389c4425f	d__Bacteria; p__Bacillota; c__Clostridia	0.9916921465432113
f6251b8de2d3a19d329bd4bc918276be	d__Bacteria; p__Actinomycetota; c__Actinobacteria	0.7252329214406577
21443754682081deaacd593d9f9c82c0	d__Bacteria	0.9999999999553725
fcfcaa818b9841f28d36a26a999e5f39	d__Bacteria; p__Bacillota; c__Clostridia; o__Oscillospirales; f__[Eubacterium]_coprostanoligenes_group; g__Incertae_Sedis	0.9975564311705583
1edf82197ad9a58f98278bd33879ac9c	d__Bacteria; p__Bacillota; c__Clostridia; o__Oscillospirales; f__Ruminococcaceae	0.9610803593569202
5646d705a87aceff453b7020f7abcba5	d__Bacteria; p__Bacillota; c__Clostridia; o__Oscillospirales; f__Butyricicoccaceae; g__Agathobaculum	0.8423147363621287
b85c725c423552ef9321bf30b2c5d855	Unassigned	0.3217630879063259
a24ea4ad50941a2012e1c6d8589d1342	d__Bacteria; p__Bacillota; c__Clostridia; o__Oscillospirales	0.8202922257953779
867955051a8501ce4eb619049012c737	d__Bacteria	0.9999999999999843
d153d9a12334ffde5ca38bee42c7f12a	d__Eukaryota	0.785059431874106
4185892348fcc708d550fe60eb0e7bbc	d__Eukaryota	0.7471945777913352
2359db367a623030eaf5675aeb6651f4	d__Bacteria; p__Actinomycetota; c__Rubrobacteria; o__Rubrobacterales; f__Rubrobacteriaceae; g__Rubrobacter	0.9999989895734831
2a0774b1bb0768af9146c293faf06e7c	d__Bacteria; p__Bacillota; c__Clostridia; o__Peptostreptococcales-Tissierellales; f__Anaerovoracaceae; g__Family_XIII_AD3011_group	0.809607324450874
4f1f23623ea61a728c3954be62cf4a80	d__Bacteria	0.9999999999177752
b9b5da6f799941ade1acd9dbfc88cba9	d__Bacteria; p__Bacillota; c__Clostridia; o__Monoglobales; f__Monoglobaceae; g__Monoglobus	0.9930405504745751
2b17ba18977cf490c845df73f1738c7c	d__Bacteria; p__Actinomycetota; c__Coriobacteriia; o__Coriobacteriales; f__Coriobacteriaceae	0.9653117935207471
cc91acadf1a8eedb859ea40cbcfcea4f	d__Bacteria; p__Pseudomonadota; c__Gammaproteobacteria; o__Burkholderiales; f__Comamonadaceae; g__Roseateles	0.8457495292639569
eece0c9019ced5746bd50b8f7ee25f72	d__Bacteria; p__Bacillota; c__Clostridia; o__Lachnospirales; f__Lachnospiraceae	0.959482037680989
efb278cfdb7ac2229fcbd7a54315c6eb	d__Bacteria; p__Bacillota; c__Bacilli; o__Erysipelotrichales; f__Erysipelatoclostridiaceae; g__Erysipelotrichaceae_UCG-003	0.9989856013048873
f06c76a0bc9a62e8edbefae780488397	d__Bacteria; p__Actinomycetota; c__Actinobacteria; o__Mycobacteriales; f__Corynebacteriaceae; g__Corynebacterium	0.9995294368504957
c9f4da2de61e26df4bbc661e5db15d20	d__Bacteria; p__Actinomycetota; c__Actinobacteria	0.9873240646070653
8687ecfe8a40e22fd4c823ea16810143	d__Bacteria; p__Actinomycetota; c__Actinobacteria; o__Mycobacteriales; f__Nocardiaceae	0.8833536423952674
337c35353ee6f52a13c60133e687be88	d__Eukaryota	0.8914255074867021
d8db1e1c1f378d3d4d4279556b4752c9	d__Bacteria; p__Bacillota; c__Bacilli; o__Lactobacillales; f__Streptococcaceae; g__Streptococcus	0.9815242446298575
07786828914c818b666c803f9f349f95	d__Bacteria; p__Bacillota; c__Clostridia; o__Lachnospirales; f__Lachnospiraceae	0.8290534770966057
449b05891d0ec11d2c8a816c9f670278	d__Bacteria; p__Bacillota; c__Bacilli; o__Staphylococcales; f__Gemellaceae; g__Gemella	0.9999998705620724
cf115ec81400f6408462f84b21115e88	d__Bacteria; p__Bacillota; c__Clostridia; o__Oscillospirales; f__Butyricicoccaceae; g__Agathobaculum	0.9870315786900783
b27508dd532ea9c6c057c43b37aac0aa	d__Bacteria; p__Bacillota; c__Clostridia; o__Oscillospirales; f__Oscillospiraceae	0.9142736376376116
4c5c917a46ca1c23d20349ed3e61a453	d__Bacteria; p__Bacteroidota; c__Bacteroidia; o__Bacteroidales; f__Bacteroidaceae; g__Bacteroides	0.999840259622258
0d975f2ba6579eae9a9d2a55d8bf0595	d__Bacteria; p__Bacillota; c__Clostridia; o__Lachnospirales; f__Lachnospiraceae; g__Lachnospiraceae_UCG-004	0.9806943426645001
d5de8d86f1cf852c449582483a2d2e92	d__Bacteria; p__Bacillota; c__Clostridia; o__Lachnospirales; f__Lachnospiraceae; g__Lachnospiraceae_UCG-004	0.9892376455357853
e0f7be1c234ddd4b924c0419704027f6	d__Bacteria; p__Bacteroidota; c__Bacteroidia; o__Bacteroidales; f__Prevotellaceae; g__Hoylesella	0.8022308456134054
b503ce41bca618f17d9e914567b19c65	d__Bacteria; p__Cyanobacteriota; c__Vampirivibrionia; o__Gastranaerophilales; f__Gastranaerophilaceae; g__Zag_111	0.9799268330153824
cd4e9ffd03aac937b43c564fcb07a2b0	d__Bacteria; p__Pseudomonadota; c__Gammaproteobacteria; o__Burkholderiales; f__Sutterellaceae; g__Sutterella	0.999935368487309
27ebc14a8847192d8fdbdaaa0b3e2ea2	d__Bacteria; p__Bacillota; c__Clostridia	0.9998468295735448
71ac6af2a4d18a6911d73743a147bee8	d__Bacteria; p__Bacillota; c__Clostridia; o__Lachnospirales; f__Lachnospiraceae	0.9999744180887052
2893fa408d69de93a3fd87df60de9a02	d__Eukaryota	0.8402282997515582
fb6df0de9b8fe23580d0baa90cfe6212	d__Bacteria; p__Bacillota; c__Bacilli; o__Erysipelotrichales; f__Erysipelatoclostridiaceae; g__Massiliomicrobiota	0.9998644971658203
e0c42027b0e819e3445ea3aed2783ab1	d__Bacteria; p__Bacillota; c__Clostridia; o__Peptostreptococcales-Tissierellales; f__Peptostreptococcaceae	0.821449547857111
335076d53fb9e4d3e52972855494360f	d__Bacteria; p__Actinomycetota; c__Coriobacteriia; o__Coriobacteriales; f__Eggerthellaceae; g__Gordonibacter	0.9708662149306452
55f1c6234d659e072bd83a154711fe95	d__Bacteria	0.9999999988502998
a1a477965ac844d867fe4938ee6b6cdb	d__Bacteria	0.9999999998387143
5e482bc044e138ac096d5b9983d0e0a4	d__Bacteria; p__Bacteroidota; c__Bacteroidia; o__Bacteroidales; f__Prevotellaceae	0.9999999641317772
8323a3d950a101900f0c4a90006f42a0	d__Bacteria; p__Bacillota; c__Clostridia; o__Lachnospirales; f__Lachnospiraceae	0.9974923761708416
ac87d231e747a2b2e5a78ebbd3f63eb9	d__Bacteria; p__Bacillota; c__Clostridia; o__Oscillospirales; f__Butyricicoccaceae; g__Butyricicoccus	0.7068365672856165
72601e448d64f2b837e9ee63b165cfdd	Unassigned	0.36526198435835633
066724a2a46137c98b07cb4e6d970fc0	d__Bacteria; p__Actinomycetota; c__Actinobacteria; o__Actinomycetales; f__Actinomycetaceae; g__Schaalia	0.9999999706056433
2b2218ce59c26b109fc1550708496bce	d__Bacteria	0.9999999999668437
005b86a2ed1f32b779c5f42d1ba7776f	d__Bacteria; p__Bacillota; c__Clostridia; o__Oscillospirales; f__Ruminococcaceae	0.7928716556431904
d1654a720fc4073241adba6cc818efd2	d__Bacteria; p__Bacillota; c__Clostridia; o__Monoglobales; f__Monoglobaceae; g__Monoglobus	0.9124694291501857
dc4a1ee57ae36ad93eb919bfd1282814	d__Bacteria; p__Bacillota; c__Bacilli; o__Erysipelotrichales; f__Erysipelotrichaceae; g__Faecalitalea	0.8020713276303819
62f1f25eecdebf4042eb18acbecbdccd	d__Bacteria; p__Bacillota; c__Clostridia; o__Lachnospirales; f__Lachnospiraceae; g__Lachnospiraceae_UCG-004	0.7349760041924818
39fa4c1c6caf2569ed1b2a8df2a60b9b	d__Bacteria; p__Bacillota; c__Clostridia; o__Oscillospirales; f__Oscillospiraceae	0.9970207764958007
e478fac3ebdfc538e37fcd0b44217a1d	d__Bacteria; p__Bacillota; c__Bacilli; o__Erysipelotrichales; f__Erysipelatoclostridiaceae; g__Thomasclavelia	0.9999838813674609
1a686787c380645461547d56e9143fa3	d__Bacteria; p__Bacteroidota; c__Bacteroidia; o__Bacteroidales	0.9872964748194365
f30403db89a3f2c6f586e5aa6f45e00f	d__Bacteria; p__Bacillota; c__Clostridia; o__Oscillospirales; f__Ruminococcaceae	0.8593102637505672
6eaa7a6d78c7091ccda0823d9ee9ca4a	d__Bacteria; p__Bacillota; c__Clostridia; o__Oscillospirales; f__Oscillospiraceae; g__NK4A214_group	0.7838673522844907
1ccca758521fa323880dc2c54c557acd	d__Bacteria; p__Bacillota; c__Clostridia; o__Lachnospirales; f__Lachnospiraceae; g__Lachnospiraceae_UCG-004	0.995714914311775
9cc467f4805d92aec59a9c6168dd2b28	d__Bacteria; p__Actinomycetota; c__Coriobacteriia; o__Coriobacteriales; f__Incertae_Sedis; g__Incertae_Sedis	0.9949791270419038
52ea4d90c510825c7e561d2cd5b5aebf	d__Bacteria; p__Bacteroidota; c__Bacteroidia; o__Bacteroidales; f__Tannerellaceae; g__Parabacteroides	0.9992824271499136
c79d1a08198180e80c14569eaf52f3a7	d__Bacteria; p__Bacillota; c__Clostridia; o__Clostridia_vadinBB60_group; f__Incertae_Sedis; g__Incertae_Sedis	0.9999746474836988
ea83ed8614dcb2b798ba543c44edce7a	Unassigned	0.30454490823552705
fe33a7064aea3f3ce2662dfdc3015a3b	d__Bacteria; p__Actinomycetota; c__Coriobacteriia; o__Coriobacteriales; f__Eggerthellaceae; g__Slackia	0.9298192003162441
1e55f941cb25bd6dc5eba79dd6c3a93a	d__Bacteria; p__Bacillota; c__Clostridia	0.9279394588914707
a39093df6d1e0480b7ddcad266a7f3bf	d__Bacteria; p__Bacteroidota; c__Bacteroidia; o__Bacteroidales; f__Barnesiellaceae; g__Coprobacter	0.9999999994784616
c28b77402d6ccd794a0d096536d45d01	d__Bacteria; p__Actinomycetota; c__Coriobacteriia; o__Coriobacteriales; f__Eggerthellaceae; g__Asaccharobacter	0.982927939162431
796de52b2a9f11b29a591f139aba8382	d__Bacteria	0.982135361310285
ae2d183fc2b00c14c6c01eae25fc843a	d__Bacteria	0.9770045944248331
f91b4ef09c97501e27fe8c2a1ce3c297	d__Eukaryota	0.8711842048788445
8005c98cdd4960163c41f16f0e95b9dd	d__Bacteria; p__Bacillota; c__Clostridia; o__Peptococcales; f__Peptococcaceae; g__Peptococcus	0.9999999991203055
f98eefbf6d421e75449ec86d3fddba35	d__Bacteria; p__Bacillota; c__Bacilli; o__Erysipelotrichales; f__Erysipelotrichaceae; g__Holdemanella	0.9999380963991632
060892a5833e6238e9376a940f51d987	d__Bacteria; p__Bacillota; c__Bacilli; o__Lactobacillales; f__Lactobacillaceae; g__Ligilactobacillus	0.9998634746206323
1e868e31353645daaa48f1b73e897037	d__Bacteria; p__Bacillota; c__Clostridia; o__Oscillospirales; f__Ruminococcaceae; g__Ruminococcus	0.9379184388898453
4ee1ac9cdb74957d681a8dab24a45386	d__Bacteria; p__Bacillota; c__Negativicutes; o__Veillonellales-Selenomonadales; f__Selenomonadaceae; g__Megamonas	0.9999998657649433
75cb558fd537bb079b06c88357cec482	d__Bacteria; p__Verrucomicrobiota; c__Verrucomicrobiia; o__Verrucomicrobiales; f__Akkermansiaceae; g__Akkermansia	0.999999996272777
3b4522593c5755a0b73e6334a1c4f458	d__Bacteria; p__Bacillota; c__Bacilli; o__Erysipelotrichales; f__Erysipelotrichaceae; g__Dielma	0.9998940283183276
dbb1e050835b0c3041f8d581219eb4ce	d__Bacteria; p__Bacteroidota; c__Bacteroidia; o__Bacteroidales; f__Prevotellaceae; g__Prevotella	0.9999997948130142
fcca6769b5926c2a893225658cb7ec04	d__Bacteria; p__Bacillota; c__Clostridia; o__Oscillospirales; f__[Eubacterium]_coprostanoligenes_group; g__Incertae_Sedis	0.9998368051019267
18dd4e2fb39c904105aa2d400067a50f	d__Bacteria; p__Bacillota; c__Clostridia; o__Peptostreptococcales-Tissierellales; f__Anaerovoracaceae; g__Incertae_Sedis	0.8450766657837672
bde0a2c1fe4ce553663e488e96841188	d__Bacteria; p__Bacteroidota; c__Bacteroidia; o__Bacteroidales; f__Rikenellaceae; g__Alistipes	0.9999144762988955
4a46822bb3d695f2bc55377b0f122763	d__Bacteria; p__Spirochaetota; c__Brachyspirae; o__Brachyspirales; f__Brachyspiraceae; g__Brachyspira	0.9999999999994742
25ac4e07492487c9f1e924489395864f	d__Bacteria; p__Bacillota; c__Clostridia; o__Oscillospirales; f__Oscillospiraceae; g__Oscillibacter	0.976660580935144
0a4c9f75b51afe093f4e70b45de8cea8	d__Bacteria; p__Bacillota; c__Clostridia; o__Peptostreptococcales-Tissierellales; f__Family_XI; g__Anaerococcus	0.9858764391437685
33af68ae4c1f2c1251cc834e921ce79d	d__Bacteria; p__Pseudomonadota; c__Gammaproteobacteria; o__Enterobacterales; f__Pasteurellaceae; g__Aggregatibacter	0.9995431749738097
bc49c8ed89d6a28686e4de4b44528da4	d__Bacteria; p__Pseudomonadota; c__Gammaproteobacteria; o__Enterobacterales; f__Pasteurellaceae; g__Haemophilus	0.98267420128781
2cb3b623da64da5249f08c47b5c0e67b	d__Bacteria; p__Bacillota; c__Clostridia; o__Lachnospirales; f__Lachnospiraceae	0.9555247797969049
3fb571e2b1df99376dddb3abeb8c276c	d__Bacteria; p__Bacillota; c__Clostridia; o__Oscillospirales; f__Butyricicoccaceae; g__Agathobaculum	0.9998662989412843
224bfd60f10a7224c4586ae66a060932	d__Bacteria; p__Bacteroidota; c__Bacteroidia; o__Bacteroidales	0.9961048340629535
dace4844eab876a43170d20b8c4b279b	d__Bacteria; p__Bacillota; c__Clostridia; o__Lachnospirales; f__Lachnospiraceae	0.9997730452775941
c70ed8d893a002d871488603a3925ae3	d__Bacteria; p__Bacteroidota; c__Bacteroidia; o__Bacteroidales; f__Prevotellaceae	0.9999997500055635
93f176c26118ce0b9da8834d92679ded	d__Bacteria; p__Actinomycetota; c__Actinobacteria; o__Actinomycetales; f__Actinomycetaceae; g__Schaalia	0.9999999906887638
28827e221a047715f53373b499e916b5	d__Bacteria; p__Bacillota; c__Clostridia	0.988879874562208
1f39f18c7489931278694b8c2b042e3f	d__Bacteria; p__Bacteroidota; c__Bacteroidia; o__Flavobacteriales; f__Weeksellaceae; g__Cloacibacterium	0.999284143699858
135afb086326c4db95117a828ee2ca05	d__Eukaryota	0.7349762852359465
f9b7f87ed315a8d1a49d2c9f807d23c0	d__Eukaryota	0.7896047090432687
08f4dcd3bed8ed8ecb6357c3cb5fe4dd	d__Eukaryota	0.9319688774567406
d01a6311baef4bbe10ed2ddbaab6f102	d__Bacteria; p__Bacillota; c__Clostridia; o__Clostridia_vadinBB60_group; f__Incertae_Sedis; g__Incertae_Sedis	0.9999993873860433
cc0c8e8ee15b403c5b3fa37b569e36f8	d__Bacteria; p__Bacteroidota; c__Bacteroidia; o__Bacteroidales	0.999492718389287
b6cab9c59ea79126811d42e69519fd3f	d__Bacteria; p__Bacillota; c__Negativicutes; o__Veillonellales-Selenomonadales; f__Selenomonadaceae; g__Mitsuokella	0.999998635087487
6995d4dde9b33fff2c96695a9bb293a3	d__Bacteria; p__Bacillota; c__Bacilli; o__Erysipelotrichales; f__Erysipelatoclostridiaceae; g__UCG-004	0.9999982251211724
fd9086a929c463132d9f502cfdd48bc3	d__Bacteria; p__Bacillota; c__Negativicutes; o__Veillonellales-Selenomonadales; f__Selenomonadaceae; g__Mitsuokella	0.9999925342451818
4b9cf48d907261a24d836d9219c5084b	d__Bacteria; p__Bacillota; c__Clostridia	0.9997031175666609
e863b08c5394e2a2dffdeed0f1c627a7	d__Bacteria; p__Bacteroidota; c__Bacteroidia; o__Bacteroidales; f__Rikenellaceae; g__Rikenellaceae_RC9_gut_group	0.999676102725632
86748e5defaaddc392d574a4890ce534	d__Bacteria; p__Bacillota; c__Clostridia	0.9758795258131854
5dfdb89581baba11dcbaf13db804d6bd	Unassigned	0.32524351200049495
981257029ee85ef2857f6afeb0aec051	d__Bacteria; p__Bacillota; c__Clostridia; o__Peptostreptococcales-Tissierellales; f__Family_XI; g__Ndongobacter	0.9999999999795932
e3b4d1f325cf19a5e3a5b5fca2c3e035	d__Bacteria; p__Bacillota; c__Clostridia	0.8448318167008179
3a372cd632744a68390a7b3c937e881a	d__Bacteria; p__Pseudomonadota; c__Alphaproteobacteria; o__Hyphomicrobiales; f__Xanthobacteraceae	0.9999999093774757
c7370d7e26ccf32c94aeefa472342fb8	d__Bacteria; p__Bacteroidota; c__Bacteroidia; o__Bacteroidales; f__Rikenellaceae; g__Rikenellaceae_RC9_gut_group	0.999981430641362
ab25b55357be70f181ff4c1e1a9c0323	d__Bacteria; p__Bacillota; c__Clostridia; o__Clostridia_vadinBB60_group; f__Incertae_Sedis; g__Incertae_Sedis	0.9989450519163038
b1676ddba4bfc808c1b3cf1e4bce5578	d__Bacteria; p__Bacillota; c__Clostridia; o__Christensenellales; f__Christensenellaceae; g__Christensenellaceae_R-7_group	0.9753735137668291
625b226f7cf2777d90ae0963dd8736a9	d__Bacteria; p__Bacillota; c__Clostridia; o__Oscillospirales; f__Ruminococcaceae; g__Incertae_Sedis	0.9186482419668465
63da4c1b6af319400590cde30bb232f5	d__Bacteria; p__Bacillota; c__Clostridia; o__Lachnospirales; f__Lachnospiraceae; g__[Eubacterium]_oxidoreducens_group	0.9790445456444246
1855a8922af695c32ffc5f6419570a09	d__Bacteria; p__Pseudomonadota; c__Alphaproteobacteria; o__Rhodospirillales; f__Incertae_Sedis; g__Incertae_Sedis	0.9995686131555407
2ed02d487e4bf465a6071b9b8604b137	d__Eukaryota	0.8211150548981112
095f044679aab6e6f761f4ae358d91af	d__Eukaryota	0.7038984324399258
c8371615f842037331d66e97a514fbfc	d__Bacteria; p__Bacillota; c__Clostridia; o__Peptostreptococcales-Tissierellales; f__Anaerovoracaceae; g__Incertae_Sedis	0.8449486002050489
722238ab1d219ef0902c00b71d5708bd	d__Bacteria; p__Bacteroidota; c__Bacteroidia; o__Bacteroidales; f__Porphyromonadaceae; g__Porphyromonas	0.9999970142115112
1f24638b0010de95438476ede182a85f	d__Bacteria; p__Cyanobacteriota; c__Vampirivibrionia; o__Gastranaerophilales; f__Gastranaerophilaceae; g__Zag_111	0.9531786796101195
8896c6241069edb905e04e8332858737	d__Bacteria; p__Bacillota; c__Clostridia; o__Oscillospirales; f__Ruminococcaceae; g__Acutalibacter	0.999807659066505
ceb01e948ee1adf03ebe8975caff9a7a	d__Bacteria; p__Bacteroidota; c__Bacteroidia; o__Bacteroidales; f__Rikenellaceae; g__Alistipes	0.9999127237331197
14758bc22cec52fe0a3d02cceb1e9292	d__Bacteria; p__Bacillota; c__Clostridia; o__Lachnospirales; f__Lachnospiraceae; g__Lachnospiraceae_UCG-004	0.9680350168371249
3df8aec1242006d1113d6a2cc09d6998	d__Bacteria; p__Bacteroidota; c__Bacteroidia	0.8589028038229147
6314fd5f9b0cfa036bbc176bb14bfbdd	d__Bacteria; p__Pseudomonadota; c__Gammaproteobacteria; o__Burkholderiales; f__Sutterellaceae; g__Sutterella	0.999920787300089
6681ece2e5f63d79a7e602e0f32ab198	d__Bacteria; p__Pseudomonadota; c__Gammaproteobacteria; o__Enterobacterales; f__Enterobacteriaceae; g__Escherichia-Shigella	0.9970828976689649
b445dab542af369311ef02c7987289cb	d__Bacteria; p__Bacillota; c__Clostridia; o__Peptostreptococcales-Tissierellales; f__Family_XI; g__Anaerosphaera	0.9065283135858235
87694baa0ea66fa8510e9199cb52de09	d__Eukaryota	0.7630860102217601
6a1c0b546f9cebc0acf4bafa04e0dbfb	d__Bacteria; p__Bacillota; c__Clostridia	0.8900318135093047
c18daf1219006b3ddb72c7e45d993ba3	Unassigned	0.6680354241080748
fc644e4784486db5bb11d73f09e98198	d__Bacteria; p__Verrucomicrobiota; c__Verrucomicrobiia; o__Opitutales; f__Puniceicoccaceae; g__Incertae_Sedis	0.9999910756004947
bb61b7f9127e7b6d734991bfcbf87962	d__Bacteria; p__Bacillota; c__Clostridia	0.8117229818600777
0642b7595c57fa687f94d59902735eec	d__Bacteria; p__Bacillota; c__Clostridia; o__Lachnospirales; f__Lachnospiraceae	0.9999439400725432
ef34110935ce197abdd1f76db0b2a79a	d__Bacteria; p__Bacteroidota; c__Bacteroidia; o__Bacteroidales; f__Prevotellaceae; g__Hoylesella	0.9622290281608982
9dce541d6c18e643acf8eee46f7e9b45	d__Bacteria; p__Bacillota; c__Clostridia; o__Clostridia_vadinBB60_group; f__Incertae_Sedis; g__Incertae_Sedis	0.9999980904592902
a33be2a01c3836da70c339573f431377	d__Bacteria; p__Bacillota; c__Clostridia; o__Lachnospirales; f__Lachnospiraceae; g__Lachnospiraceae_UCG-010	0.9844117194669376
49cb9f821668ab4a1d1c156e2a06e9ce	d__Bacteria; p__Bacillota; c__Clostridia; o__Oscillospirales; f__Ruminococcaceae; g__DTU089	0.9770739748767732
e18b07cf974e0c17dbdb24324091c9d7	d__Bacteria; p__Bacteroidota; c__Bacteroidia	0.8295320109129986
f671b574f29e3aa9c1904c55be9687d3	d__Bacteria	0.9999999995782252
cf510f1f41fa6ebe549c022cc0db2c5f	d__Bacteria; p__Bacillota; c__Clostridia; o__Lachnospirales; f__Lachnospiraceae; g__[Eubacterium]_oxidoreducens_group	0.8045395292019798
e2ccc058e468fdefb7367ed5481f0175	Unassigned	0.3101643299916296
28905e4c24795bf149d1edc174d25781	d__Bacteria; p__Bacillota; c__Clostridia; o__Oscillospirales; f__Ruminococcaceae	0.9919109566601182
5ec947fe91dcb6e9c94b392dac8965ee	d__Bacteria; p__Bacillota; c__Clostridia; o__Lachnospirales; f__Lachnospiraceae; g__Lachnospiraceae_UCG-010	0.7927130312846953
a8955463a4f3502112ecec9eb05fe21d	d__Bacteria	0.999999974396127
cf9dd7c3202db44f8bee097b8df15ab0	d__Bacteria; p__Bacillota; c__Clostridia; o__Oscillospirales; f__UCG-010; g__Incertae_Sedis	0.9999077053651813
48a4ea0c17b6b78001bfd2387c9d0875	d__Bacteria; p__Bacillota; c__Bacilli; o__Erysipelotrichales; f__Erysipelotrichaceae; g__Dielma	0.9994037658035916
a175f1931792e9dbfe13a95bceaee0b7	Unassigned	0.6497435074842386
0204c8bb2343eb4be0beefc2ed39cae8	d__Eukaryota	0.8542356242581497
d791b860f0d270a11ee6b222c1b1d851	Unassigned	0.4110325941377122
5c2c4f2d305816968b674794ac2c4eaf	d__Bacteria; p__Actinomycetota; c__Coriobacteriia; o__Coriobacteriales; f__Eggerthellaceae	0.9998036139501935
8863f7ea2a467c58e460e8c598bccef0	d__Bacteria; p__Bacillota; c__Clostridia	0.9999999773516042
5aeec68a4f2a741004017a5b44709bcf	d__Bacteria; p__Bacillota; c__Clostridia; o__Oscillospirales; f__Ruminococcaceae; g__Negativibacillus	0.9378063042339364
45a19371a9f48f5ceb1916039def00ed	d__Bacteria; p__Bacillota; c__Clostridia; o__Clostridiales; f__Clostridiaceae; g__Clostridium	0.7089419459133294
84327f77815d972957901f22094ced1e	d__Bacteria; p__Bacteroidota; c__Bacteroidia; o__Bacteroidales; f__Tannerellaceae; g__Parabacteroides	0.9999239459727576
4a97ece18de467991221ea4d796614aa	d__Eukaryota	0.7697085759617235
4082fd8ef54a662fb17c7e3f0c6769a5	d__Bacteria; p__Pseudomonadota; c__Alphaproteobacteria; o__Sphingomonadales; f__Sphingomonadaceae	0.9999999926768794
fa79b998fc55d33d60720387d329c260	d__Bacteria; p__Thermodesulfobacteriota; c__Desulfovibrionia; o__Desulfovibrionales; f__Desulfovibrionaceae; g__Desulfovibrio	0.989587729414521
5e40cb063c88eda1e8abd00ff9794ef0	Unassigned	0.7585795565838062
c20c013c4100482881008fd469e4f73c	d__Bacteria; p__Actinomycetota; c__Coriobacteriia; o__Coriobacteriales; f__Eggerthellaceae; g__Adlercreutzia	0.9960883119544713
ffd72af4f69817fd106f6b675fead4ef	Unassigned	0.4491441263028608
1a8400e847738b7c58ca2a5f6c72aa6d	d__Bacteria; p__Bacillota; c__Bacilli; o__Lactobacillales; f__Streptococcaceae; g__Streptococcus	0.9988175456970756
8ee863761cfec38abb76a57bb3af17c1	d__Bacteria; p__Bacillota; c__Clostridia; o__Lachnospirales; f__Lachnospiraceae	0.9946327436608193
be009babb758d1ac8920a21bbb9e4812	d__Bacteria; p__Bacillota; c__Clostridia; o__Lachnospirales; f__Lachnospiraceae; g__Epulopiscium	0.9999635156517475
0c3a640366cdc26cc240d5e56e6c346f	d__Bacteria; p__Bacillota; c__Clostridia; o__Oscillospirales; f__Oscillospiraceae; g__Incertae_Sedis	0.9200647565104937
37796ffa7e7e8803483bb0582f462bf9	d__Bacteria; p__Pseudomonadota; c__Gammaproteobacteria; o__Enterobacterales; f__Enterobacteriaceae; g__Escherichia-Shigella	0.9985189745576158
b3a1a8677184a34b356f2c528ad72d2f	d__Bacteria; p__Bacillota; c__Clostridia; o__Lachnospirales; f__Lachnospiraceae	0.9999699834071956
8fc284e5d4e91ad6caf6b8ae3a1a6950	d__Bacteria; p__Actinomycetota; c__Coriobacteriia; o__Coriobacteriales; f__Eggerthellaceae; g__Enteroscipio	0.9936910535710785
71bbe90e3271b011aefc5e0cb151b0af	d__Bacteria; p__Bacillota; c__Clostridia; o__Oscillospirales; f__Ruminococcaceae; g__Hydrogenoanaerobacterium	0.9912057848316737
60f3b774b95431cbe3d565e58a8eeb08	d__Bacteria; p__Bacillota; c__Clostridia; o__Peptostreptococcales-Tissierellales; f__Anaerovoracaceae; g__Family_XIII_AD3011_group	0.9329826364808642
7b09251fb9845bc5340f6df61760637a	d__Bacteria; p__Bacillota; c__Clostridia; o__Oscillospirales; f__Ruminococcaceae; g__[Eubacterium]_siraeum_group	0.9993321743388478
e0ca27cde43194e10747911bcf1883be	d__Bacteria; p__Bacillota; c__Clostridia; o__Oscillospirales; f__Ruminococcaceae	0.998550075573543
9dabb66342e1c01dec1c8c7f93133386	d__Bacteria; p__Bacillota; c__Negativicutes; o__Veillonellales-Selenomonadales; f__Veillonellaceae	0.999217673012162
73a43ab5069666abb4cb983eaf88aceb	d__Bacteria; p__Bacillota; c__Clostridia	0.9999902013286435
521d49a8d5804be3468bd7a09cd0652e	d__Bacteria; p__Bacillota; c__Clostridia; o__Peptostreptococcales-Tissierellales; f__Peptostreptococcaceae	0.9027121783640757
861eaa627da22affd459d5f0c284c7cc	d__Bacteria; p__Bacillota; c__Clostridia; o__Oscillospirales; f__Ruminococcaceae	0.8990113781164244
3e32219503b2b1c79314eddbcd9744c4	d__Bacteria; p__Bacillota; c__Bacilli; o__Staphylococcales; f__Gemellaceae; g__Gemella	0.999999764770208
5e934819601c9db8ee9ac1a215a8d66b	d__Bacteria; p__Bacillota; c__Clostridia; o__Christensenellales; f__Christensenellaceae	0.8625876826391992
93978ac639eae2b038554c2991deb9df	d__Bacteria; p__Bacillota; c__Incertae_Sedis; o__Incertae_Sedis; f__Incertae_Sedis; g__Incertae_Sedis	0.9999453360154157
216ddd4241ec7238d48c363c2d3aa454	d__Bacteria; p__Bacteroidota; c__Bacteroidia; o__Bacteroidales; f__Rikenellaceae; g__SP3-e08	0.9926217396444873
6ec166d4481a816bd3f5d1ea080fcfa9	d__Bacteria; p__Bacillota; c__Bacilli; o__Bacillales; f__Bacillaceae	0.8060613404440977
23ac3583387d8152c918de136d53a882	d__Bacteria; p__Bacillota; c__Clostridia; o__Peptostreptococcales-Tissierellales; f__Peptostreptococcaceae	0.9607250558535277
7adbd9b3136d486a1ce3b54c0355e54f	d__Bacteria; p__Bacillota; c__Clostridia; o__Oscillospirales; f__Ruminococcaceae; g__Incertae_Sedis	0.7547739811622516
ce75b79af88b2b3fcdf6d0f41decefc6	d__Bacteria; p__Bacteroidota; c__Bacteroidia; o__Bacteroidales; f__Prevotellaceae; g__Prevotella	0.9978108658683577
6ae210eb8bd3824d083f843f738d495f	d__Eukaryota	0.882626588967494
601081f8698f5b21e3db04b3b68ec205	d__Eukaryota	0.782842919226781
d987c1bbcc5442ecb9d4844306386f9f	d__Bacteria; p__Bacillota; c__Clostridia; o__Clostridiales; f__Clostridiaceae; g__Clostridium	0.9794463302984705
61fc61852deb129100aaf4fa89135ce8	d__Bacteria; p__Pseudomonadota; c__Gammaproteobacteria	0.7961676345058702
6b96b6b1faa71c6d61789dff31460374	d__Bacteria; p__Bacillota; c__Clostridia; o__Lachnospirales; f__Lachnospiraceae	0.9999954961193344
8a247940cd5a54f287c5c4cd5834193b	d__Eukaryota	0.822719509078042
3cca71150396b474b63e43dd5cf46bd1	d__Eukaryota	0.7833840783383313
5352f8e76109123c3d953601e2e0c917	d__Bacteria; p__Bacteroidota; c__Bacteroidia; o__Chitinophagales; f__Chitinophagaceae	0.9999999889264369
330b9549a76cade373fe7592a92e0263	d__Bacteria; p__Bacillota; c__Negativicutes; o__Veillonellales-Selenomonadales; f__Veillonellaceae; g__Allisonella	0.9999951540506408
fb71f60e072f7e99718a70d15c36686e	d__Bacteria; p__Pseudomonadota; c__Gammaproteobacteria; o__Enterobacterales; f__Pasteurellaceae; g__Haemophilus	0.9997267434879098
089f078412dc62dd980847fda167d95e	d__Bacteria; p__Bacillota; c__Clostridia; o__Peptostreptococcales-Tissierellales; f__Peptostreptococcaceae; g__Peptostreptococcus	0.9999167512556918
5e0d67a653b85a446babbab912cb6513	d__Bacteria; p__Bacillota; c__Clostridia; o__Oscillospirales; f__Ruminococcaceae	0.9990839183301683
99e411fa004d5e53010a9ca17748f153	d__Bacteria; p__Bacillota; c__Clostridia; o__Christensenellales; f__Christensenellaceae; g__Christensenellaceae_R-7_group	0.9314856232902705
4c27159457ac93bf001e752cb2bcc564	d__Bacteria; p__Patescibacteria; c__Saccharimonadia; o__Saccharimonadales; f__Incertae_Sedis; g__Incertae_Sedis	0.9999984059104947
ec02ead8b24a9251fe019c7390e68389	d__Bacteria; p__Bacillota; c__Bacilli; o__RF39; f__Incertae_Sedis; g__Incertae_Sedis	0.999999997738044
a75e26173009b845c82994d536f24e96	d__Bacteria; p__Bacillota; c__Clostridia; o__Clostridia_vadinBB60_group; f__Incertae_Sedis; g__Incertae_Sedis	0.999919287809667
650c73dd9e841874b7557275c656c869	d__Bacteria	0.999999999089312
3e5c109353656fa90be1fb7c97e3558f	d__Bacteria; p__Bacillota; c__Clostridia; o__Oscillospirales; f__Ruminococcaceae; g__Incertae_Sedis	0.7482951448071662
a24582508f0f0aaebb439afe27cc1e6c	d__Bacteria; p__Bacteroidota; c__Bacteroidia; o__Bacteroidales; f__Incertae_Sedis; g__Incertae_Sedis	0.8484147638115987
0b67734e96f61e490fc46a4ed1f7fb83	d__Bacteria; p__Bacillota; c__Bacilli; o__Lactobacillales; f__Carnobacteriaceae; g__Atopostipes	0.9999998462379527
ba9842244f5005525314ea135882287d	d__Bacteria; p__Spirochaetota; c__Brachyspirae; o__Brachyspirales; f__Brachyspiraceae; g__Brachyspira	0.9999994128807703
983d29b2a4ccba632cfbfa1ceee3a95e	d__Bacteria; p__Bacillota; c__Clostridia; o__Lachnospirales; f__Lachnospiraceae	0.870449720809984
9625a5360c6886f1f02e3b5a98504532	d__Bacteria; p__Actinomycetota; c__Coriobacteriia; o__Coriobacteriales; f__Coriobacteriaceae	0.9443943853006624
20b86fe9d5cec0ae1ca1262554fba6a1	d__Bacteria; p__Bacillota; c__Clostridia; o__Oscillospirales; f__Oscillospiraceae	0.9968589010009449
a1d839cddee0b6168499cb6e870e6876	d__Bacteria; p__Actinomycetota; c__Coriobacteriia; o__Coriobacteriales; f__Eggerthellaceae; g__Berryella	0.9965647164159532
9c1d8a06412d7e0e5201a9fbcefdb984	d__Bacteria; p__Pseudomonadota; c__Alphaproteobacteria; o__Hyphomicrobiales; f__Beijerinckiaceae	0.9999974381975123
3d1824a88e0d8b47079891e3cb5532d8	d__Bacteria; p__Bacillota; c__Clostridia; o__Clostridia_UCG-014; f__Incertae_Sedis; g__Incertae_Sedis	0.9106422632021303
a41c2ab0a83abebbcc5ed76d920302a0	d__Bacteria; p__Pseudomonadota; c__Gammaproteobacteria; o__Burkholderiales; f__Sutterellaceae; g__Sutterella	0.9438635430775117
7767d2e435894dc92c1b5be564cf9c4f	d__Bacteria; p__Bacillota; c__Clostridia; o__Oscillospirales; f__Oscillospiraceae; g__UCG-002	0.9953261913712449
7ae93f43d732246bbf685e2360c482bd	d__Bacteria; p__Bacteroidota; c__Bacteroidia; o__Bacteroidales; f__Bacteroidaceae; g__Bacteroides	0.9842558020544915
29b3432b0a168092788da348f9cc30c3	d__Bacteria; p__Bacteroidota; c__Bacteroidia; o__Bacteroidales; f__Porphyromonadaceae; g__Porphyromonas	0.9999996581027106
cabeb4cf968b42f0e1ad56589d26b08f	d__Bacteria; p__Bacillota; c__Clostridia	0.9799864243248155
027d15ee133cf398a3744a4152075698	d__Bacteria; p__Bacillota; c__Clostridia; o__Oscillospirales; f__Oscillospiraceae	0.8357050271794854
0409b467be381697478fdfd7630469db	d__Bacteria; p__Bacillota; c__Clostridia; o__Oscillospirales; f__Oscillospiraceae; g__Oscillibacter	0.9230002828422609
7804d827c89ee6a38429717b70bba7b6	d__Bacteria; p__Bacillota; c__Clostridia; o__Lachnospirales; f__Lachnospiraceae; g__Lachnospiraceae_UCG-004	0.9293198467800073
516c5ad0789c40755b7e06f03c642261	d__Bacteria; p__Bacillota; c__Clostridia; o__Oscillospirales; f__Ruminococcaceae; g__Candidatus_Soleaferrea	0.7183116660222351
5af24b2054a3618b260c88472a77dd3d	d__Bacteria; p__Pseudomonadota; c__Gammaproteobacteria; o__Burkholderiales; f__Comamonadaceae; g__Pulveribacter	0.7588738838346043
9696728ffad2cb2c821c1122eb0b61b7	d__Bacteria; p__Bacillota; c__Clostridia; o__Lachnospirales; f__Lachnospiraceae	0.9999963464487366
dc129806ecd0fccc95ac4ce28be67a79	d__Bacteria; p__Actinomycetota; c__Coriobacteriia; o__Coriobacteriales; f__Atopobiaceae; g__Parolsenella	0.9999984727995335
9cba9f6152c946828c012777fe0e93d2	Unassigned	0.3565105992396822
3d4920115220ed4cfd195a416ee2e24e	Unassigned	0.7455625996237283
c709149594223b426fb72a464b22919c	d__Bacteria; p__Bacillota; c__Clostridia; o__Peptostreptococcales-Tissierellales; f__Anaerovoracaceae; g__[Eubacterium]_brachy_group	0.9737337430471869
90d847d5119d104cf99a859f188f5a18	d__Bacteria; p__Actinomycetota; c__Actinobacteria; o__Mycobacteriales; f__Corynebacteriaceae; g__Corynebacterium	0.9988652853377947
85b1de7b422cbdaa32201bc1cf54a238	d__Bacteria; p__Bacillota; c__Clostridia	0.7564339294806506
5dbe50a769fd300e70f7a40dad384d62	d__Bacteria; p__Actinomycetota; c__Actinobacteria; o__Actinomycetales; f__Actinomycetaceae; g__Winkia	0.99999999999865
4af88c22aeb553a7db7d148eb39d7595	d__Bacteria; p__Bacillota; c__Clostridia; o__Peptostreptococcales-Tissierellales; f__Family_XI; g__Fenollaria	0.9869475640718501
fb409a2f7c3aa56aca5940040f1f748e	d__Bacteria; p__Bacteroidota; c__Bacteroidia; o__Bacteroidales; f__Rikenellaceae; g__SP3-e08	0.9433990311127218
c9e0cca9bf9df4513936c2b30bb84e79	d__Bacteria; p__Bacillota; c__Clostridia; o__Eubacteriales; f__Eubacteriaceae; g__Eubacterium	0.9998519382437782
daf885aa9a65588e319077154d63f4df	d__Bacteria; p__Bacillota; c__Bacilli; o__Erysipelotrichales; f__Erysipelatoclostridiaceae; g__Incertae_Sedis	0.8758719307755833
7d5ffc2673883118eca70a0465905f51	Unassigned	0.3429134550643649
082b3ab2482f1e71943d9a518bdb96a1	d__Bacteria; p__Bacteroidota; c__Bacteroidia; o__Bacteroidales; f__Bacteroidaceae; g__Bacteroides	0.7914893568447197
48cfbdde723baefccf40fe19a9af6aa2	d__Eukaryota	0.7370900297768042
249451f6713d1a03f8a510c546f1f8ae	Unassigned	0.3996646226442333
9e5e37296f486631425f45fd56aa6edc	d__Eukaryota	0.922243288006405
4e774e95e03e3c7275fd2c34ec1dbe34	d__Bacteria; p__Actinomycetota; c__Coriobacteriia; o__Coriobacteriales; f__Coriobacteriales_Incertae_Sedis; g__Incertae_Sedis	0.9999558228169529
0f42a017c14b80e521cb5e02ff302468	d__Eukaryota	0.8058650514981233
d1f9b266becf76869c995d0ab6b4c9ec	d__Bacteria; p__Bacillota; c__Clostridia; o__Oscillospirales; f__Ruminococcaceae; g__DTU089	0.9999857017718077
fcc128f96ee8631acc8a7df9d3bef9fe	d__Bacteria; p__Bacteroidota; c__Bacteroidia; o__Bacteroidales; f__Tannerellaceae; g__Parabacteroides	0.9815225607917797
b94f70eddb5139fcd07f52632003df4e	d__Bacteria; p__Bacillota; c__Bacilli; o__Erysipelotrichales; f__Erysipelotrichaceae; g__Catenisphaera	0.9532761462183862
c1cd81315405770f3db955231975e63d	d__Bacteria; p__Bacteroidota; c__Bacteroidia; o__Bacteroidales; f__Rikenellaceae; g__SP3-e08	0.9209833508440033
732da2fb21d6a5e2fa245062e8c22a0d	d__Bacteria; p__Pseudomonadota; c__Gammaproteobacteria; o__Burkholderiales; f__Sutterellaceae; g__Sutterella	0.9997602353318021
6e328b67a07212a4069aa25b49e40db0	d__Bacteria; p__Bacillota; c__Clostridia; o__Oscillospirales; f__Ruminococcaceae; g__[Eubacterium]_siraeum_group	0.9984212522748357
49b6e890733124f8b7ecb25787f598a4	d__Bacteria; p__Bacillota; c__Clostridia; o__Oscillospirales; f__Ruminococcaceae; g__Faecalibacterium	0.999788147969409
e4863898b5fcee95ff9e97e7fdf572c6	d__Bacteria; p__Bacillota; c__Clostridia; o__Oscillospirales; f__Ruminococcaceae	0.8152742259689535
6ab40cbbf63da1e5a678fd82ed42f040	d__Eukaryota	0.71842691668905
7baa46aa8ad7bf11fb1717722453bc84	d__Bacteria; p__Bacillota; c__Bacilli; o__Lactobacillales; f__Streptococcaceae; g__Streptococcus	0.9983536998892489
2ad2d75de1452f94760dd90d67fcb471	d__Bacteria; p__Bacillota; c__Clostridia; o__Lachnospirales; f__Lachnospiraceae	0.9453203772158931
1ab81346d00652b026a7b27cfd9f042e	d__Bacteria; p__Bacillota; c__Clostridia; o__Lachnospirales; f__Lachnospiraceae; g__[Eubacterium]_oxidoreducens_group	0.9583190697179129
4a643769b31c67a1e95ffbb1d6b9747b	d__Bacteria; p__Bacillota; c__Clostridia; o__Lachnospirales; f__Lachnospiraceae	0.9131517240398623
cb75f1ae63b163a7ad73396d2d0a7578	d__Bacteria; p__Bacillota; c__Clostridia; o__Lachnospirales; f__Lachnospiraceae	0.9858319159378922
e0604deaa57c9a70e03d9fb9f8867024	d__Bacteria; p__Bacillota; c__Bacilli; o__Erysipelotrichales; f__Erysipelotrichaceae; g__Faecalitalea	0.9962119450415153
d8a1b4c17bdd9f82aca12d95f45336d4	d__Bacteria; p__Pseudomonadota; c__Gammaproteobacteria; o__Enterobacterales; f__Succinivibrionaceae	0.9999910589792124
b1e64a2c49fa2754e13a1b83e3a45d93	Unassigned	0.5827000993206634
7ccd836d7a8e605bf09dad461857d1e0	Unassigned	0.7498408943242703
5a14682b5fd3e91f86ac1616ea2cf66d	d__Bacteria; p__Bacillota; c__Bacilli; o__Erysipelotrichales; f__Erysipelotrichaceae; g__Holdemania	0.9999611255704615
aeef097d73f7d00ad37e1d413f7a7403	d__Bacteria; p__Bacillota; c__Negativicutes; o__Acidaminococcales; f__Acidaminococcaceae; g__Phascolarctobacterium	0.8770524839614567
87e33f381bf5d66c4446d924f8ca1e3f	d__Bacteria; p__Bacillota; c__Clostridia; o__Oscillospirales; f__UCG-011; g__Incertae_Sedis	0.745888123772948
b5c2b90230b00ff60d7874621e4377bb	d__Bacteria; p__Bacillota; c__Clostridia; o__Oscillospirales; f__Oscillospiraceae	0.8306521398359069
c9cdc0b75d1be78b0e9416b85b7d42d9	d__Bacteria; p__Bacteroidota; c__Bacteroidia; o__Bacteroidales; f__Rikenellaceae; g__SP3-e08	0.9680075522207134
3db3007d1d9f304ff3f37ed0b2a80615	d__Bacteria; p__Actinomycetota; c__Actinobacteria; o__Actinomycetales; f__Actinomycetaceae; g__Schaalia	0.9999999399992863
a61f6875889a564eb70e2253b0302754	d__Bacteria; p__Pseudomonadota; c__Alphaproteobacteria; o__Caulobacterales; f__Caulobacteraceae; g__Asticcacaulis	0.9999970498979452
cd15b3798d11f746520dcf9b112fd351	Unassigned	0.4094553087169216
ce0c09ed8d2f9a025a46babd7e16440d	d__Bacteria; p__Bacillota; c__Clostridia; o__Oscillospirales; f__Ruminococcaceae; g__Incertae_Sedis	0.8776813120062463
a973de1819c76e155166d4848126004a	d__Bacteria; p__Actinomycetota; c__Actinobacteria; o__Micrococcales; f__Dermacoccaceae	0.9993038135595447
c7b96d789baf5456e7414827a97d43eb	d__Bacteria; p__Bacillota; c__Clostridia; o__Oscillospirales; f__Ruminococcaceae; g__Acutalibacter	0.9998044930195511
097713388da1db7471ac0c1fe49ab1a5	Unassigned	0.5328347341522051
28460d1b410e939fac8271e63b9cb42e	Unassigned	0.42800498961705613
bcde18f63c612e065b308b23da2f66ab	d__Bacteria; p__Bacillota; c__Clostridia; o__Oscillospirales; f__Ruminococcaceae; g__Ruminococcus	0.9227365204287992
702eb14cf8919610e545e69d77dc67ba	d__Bacteria; p__Fusobacteriota; c__Fusobacteriia; o__Fusobacteriales; f__Fusobacteriaceae; g__Fusobacterium	0.9999671927139729
e576b4a002c2e332481359ac3e5c8c3c	d__Bacteria	0.999999997647657
f43d7c5479b1854d292a7e70ef754de9	d__Bacteria; p__Bacillota; c__Clostridia; o__Oscillospirales; f__Oscillospiraceae	0.9581146994670389
e9f2ce9934fc599ebb6f6f14606c71e2	d__Eukaryota	0.7852019668357368
22ea3d1b4cd997f7672152b32666becf	d__Bacteria; p__Bacillota; c__Clostridia; o__Oscillospirales; f__[Eubacterium]_coprostanoligenes_group; g__Incertae_Sedis	0.9988352927931609
602cdc4e8f8dfaca1ce072d7bc604371	d__Bacteria; p__Pseudomonadota; c__Gammaproteobacteria; o__Enterobacterales; f__Pasteurellaceae; g__Aggregatibacter	0.9998818622793821
76bb3d6a17d9490c3567ebf26823c948	Unassigned	0.593640765864012
2cd1cad6ed6372cbef5f7d484c158309	Unassigned	0.6919905497374376
7364f90381c6292f0b483d0dbef5de1b	d__Bacteria; p__Actinomycetota; c__Actinobacteria; o__Bifidobacteriales; f__Bifidobacteriaceae; g__Bifidobacterium	0.992008940060196
5d7d3be94bc46b02acaa76d3dc863e79	d__Bacteria; p__Actinomycetota; c__Coriobacteriia; o__Coriobacteriales; f__Coriobacteriaceae; g__Enorma	0.9999979509950054
9fdb11c25640d52715475832a18bf3a9	d__Bacteria; p__Pseudomonadota; c__Gammaproteobacteria; o__Pseudomonadales; f__Moraxellaceae; g__Acinetobacter	0.9998743503879729
890157735708605f8918ba335ec491c1	d__Bacteria; p__Bacillota; c__Bacilli; o__Lactobacillales; f__Streptococcaceae; g__Streptococcus	0.9998302596310477
8c7f452fb08ed7cc8a0edf1609d1bba0	d__Bacteria; p__Actinomycetota; c__Actinobacteria; o__Bifidobacteriales; f__Bifidobacteriaceae; g__Bifidobacterium	0.9999219384954983
cd195f26e776a8513fa6c6dbed4f8983	d__Bacteria; p__Actinomycetota; c__Actinobacteria; o__Bifidobacteriales; f__Bifidobacteriaceae	0.9604902784585146
5e05f4d6a661b85f315759efc13411c3	d__Bacteria; p__Bacillota; c__Clostridia; o__Peptostreptococcales-Tissierellales; f__Peptostreptococcaceae; g__Asaccharospora	0.844181390096031
5ed334873a97cf8b7277ddb46affb294	d__Bacteria; p__Bacillota; c__Clostridia; o__Oscillospirales; f__Butyricicoccaceae; g__Agathobaculum	0.9999129140970975
9a9cbe6f136a279a5eb4896846f19fe1	d__Bacteria; p__Bacillota; c__Clostridia; o__Oscillospirales; f__Oscillospiraceae	0.8096940016520506
65e1ff6353f8dc7dbf42d5f263f88686	d__Bacteria; p__Bacillota; c__Clostridia; o__Clostridia_vadinBB60_group; f__Incertae_Sedis; g__Incertae_Sedis	0.997997010445992
8cdbea1b50c93a7fc18882645d7512d3	d__Bacteria; p__Bacillota; c__Bacilli; o__Erysipelotrichales; f__Erysipelatoclostridiaceae; g__UCG-004	0.999999808302921
fa3d0380d31e669ba8a0b49a40bc82db	d__Bacteria; p__Synergistota; c__Synergistia; o__Synergistales; f__Synergistaceae; g__Synergistes	0.987748649449518
87fc085a59dc0d216b398be850a44357	d__Bacteria; p__Bacillota; c__Clostridia; o__Peptostreptococcales-Tissierellales; f__Peptostreptococcaceae	0.9906084379061078
ae190d8ba5c15cca5a70235780875074	d__Bacteria; p__Bacillota; c__Clostridia; o__Peptostreptococcales-Tissierellales; f__Anaerovoracaceae	0.9999965059590493
e35841d9920988d5275e2c75a2c4977b	d__Bacteria; p__Bacillota; c__Clostridia; o__Clostridiales; f__Clostridiaceae; g__Clostridium	0.9386647195113424
d0246591e9a4e5f282de3ef273ff62f1	d__Bacteria; p__Bacillota; c__Clostridia	0.9998054925285087
eaffcd016e554108617f26a94187a4d2	d__Bacteria; p__Bacteroidota; c__Bacteroidia; o__Bacteroidales; f__Rikenellaceae; g__SP3-e08	0.9523830900634744
3f311b68b2aca75976a56f450556a42c	d__Bacteria; p__Bacillota; c__Clostridia; o__Lachnospirales; f__Lachnospiraceae	0.9465957326629135
20d2f2fb541a860f651c44b6a394f947	d__Bacteria; p__Bacillota; c__Clostridia; o__Lachnospirales; f__Lachnospiraceae; g__Anaerobutyricum	0.9993477744908262
9291adaab85f1d2a6627cf3f949833d6	d__Bacteria; p__Bacillota; c__Clostridia; o__Oscillospirales; f__Ruminococcaceae; g__Acutalibacter	0.977038125038997
33d64400a158ab4d54ec5b832df3b502	d__Bacteria; p__Bacillota; c__Clostridia; o__Lachnospirales; f__Lachnospiraceae; g__Epulopiscium	0.7721473940042514
95d2ab5e29af1941d54d03aa33d2f09e	d__Bacteria; p__Myxococcota; c__Polyangiia; o__Polyangiales; f__Sandaracinaceae; g__Incertae_Sedis	0.9997687220224634
639260355f6b6c4110dd2f5a0c2c7399	Unassigned	0.6932732786981319
cc53cb9261843e927f6598b12dd51a86	d__Bacteria; p__Bacillota; c__Clostridia; o__Oscillospirales; f__Ruminococcaceae	0.9990377147414025
8455af87e52403129f3ad93c2b2e2bd2	d__Bacteria; p__Bacillota; c__Clostridia; o__Oscillospirales; f__UCG-010; g__Incertae_Sedis	0.9985491900446302
e9509ea1c911cf826c3095a2c95fdb35	d__Bacteria; p__Actinomycetota; c__Coriobacteriia; o__Coriobacteriales; f__Coriobacteriaceae; g__Collinsella	0.8333481637917542
20dbf5db40909f7a4f4a72794ccec4d7	d__Bacteria; p__Bacillota; c__Bacilli; o__Erysipelotrichales; f__Erysipelatoclostridiaceae; g__Erysipelotrichaceae_UCG-003	0.8864107716928415
b8518b65fb5b5bfd01e4ba5daf5b2e52	d__Bacteria; p__Bacillota; c__Clostridia; o__Lachnospirales; f__Lachnospiraceae; g__Catenibacillus	0.9912643075811628
e85772e9a4834febdc75acb0cde3f071	d__Bacteria; p__Deinococcota; c__Deinococci; o__Deinococcales; f__Deinococcaceae; g__Deinococcus	0.9999999760256774
2b071f5a4e45261a0651fd286edf4316	d__Bacteria; p__Bacillota; c__Clostridia	0.9470184064594425
b6582b8fa485ac46c279ae06ef50c864	d__Bacteria; p__Bacillota; c__Clostridia; o__Oscillospirales; f__Ruminococcaceae; g__Ruminococcus	0.993468392781403
b4982b1311a5701cbf543ba11a339ffd	d__Bacteria; p__Bacillota; c__Clostridia; o__Oscillospirales; f__[Eubacterium]_coprostanoligenes_group; g__Incertae_Sedis	0.9995236328119534
6142a4db5eb59257362ce57fded67b04	d__Bacteria; p__Bacteroidota; c__Bacteroidia; o__Bacteroidales; f__Bacteroidaceae; g__Bacteroides	0.9997460359057515
55756f5b3b3a71eac7c34e5a5bf7d899	d__Bacteria; p__Bacillota; c__Clostridia; o__Oscillospirales; f__Ruminococcaceae; g__Candidatus_Soleaferrea	0.996284258950052
8a9970debdfa39a4e56dab8e4e9f7f09	d__Bacteria; p__Bacillota; c__Clostridia; o__Lachnospirales; f__Lachnospiraceae	0.871156293090746
0474ba804210af8f8864a4d84d6957f9	d__Eukaryota	0.773348837633826
22ac16f8e3eb534071c45b783d2b3dbe	d__Bacteria; p__Bacillota; c__Clostridia; o__Clostridiales; f__Clostridiaceae; g__Clostridium	0.9793849463878886
ad7ee17af7f2bea4d6bf33cfa5f672ff	d__Bacteria; p__Bacteroidota; c__Bacteroidia	0.909205389270976
13625a76926dfcb9c4c880d38b531e24	d__Bacteria; p__Bacillota; c__Clostridia; o__Oscillospirales; f__Ruminococcaceae; g__Incertae_Sedis	0.7078914496978942
e8958cbdaa2752daaa4e94596585d85e	d__Bacteria; p__Bacillota; c__Clostridia; o__Oscillospirales; f__Ruminococcaceae; g__Ruminococcus	0.943615052323804
0f1b6cfdcc87855b6d9939bd637746ca	d__Bacteria; p__Bacillota; c__Clostridia; o__Oscillospirales; f__Ruminococcaceae; g__DTU089	0.9999180165765154
abe95003b8da8e2ee543dc59d23af613	d__Bacteria; p__Bacillota; c__Bacilli; o__Erysipelotrichales; f__Erysipelotrichaceae	0.8910508462106644
142e6f43371fc6a288d477d648068bd8	d__Bacteria; p__Bacillota; c__Clostridia; o__Oscillospirales; f__Ruminococcaceae; g__Acutalibacter	0.999954661515878
cbe7febab661aa9aa22b5ba818a23329	d__Bacteria; p__Bacillota; c__Clostridia; o__Lachnospirales; f__Lachnospiraceae	0.930389379124481
a81cffd97b2fd8294eb5c2441f8a6428	d__Bacteria; p__Bacteroidota; c__Bacteroidia	0.9516562920815905
bcb38f6a9872043359b8afce6c0fcdb1	d__Bacteria; p__Pseudomonadota; c__Gammaproteobacteria; o__Enterobacterales; f__Pasteurellaceae; g__Haemophilus	0.9998523007948081
ad31d69064fb2d7c02d0590b20d271e3	d__Bacteria; p__Bacteroidota; c__Bacteroidia; o__Bacteroidales	0.9990068481874599
5a4b0c61dc5dd9ef4a8d0640fbaf32df	d__Eukaryota	0.7057179918647845
c4402c106b220a1c37600fd040c8a642	d__Bacteria; p__Bacillota; c__Clostridia; o__Eubacteriales; f__Anaerofustaceae; g__Anaerofustis	0.9999996498894648
c3ffac79efbea8a8eddcf618cc15340d	d__Bacteria; p__Bacillota; c__Clostridia; o__Lachnospirales; f__Lachnospiraceae; g__[Eubacterium]_oxidoreducens_group	0.892409755565548
24dc6f2db4efac72108d8a06d2cd7680	d__Bacteria; p__Bacillota; c__Clostridia; o__Lachnospirales; f__Lachnospiraceae; g__Lachnospiraceae_UCG-004	0.9998742572338458
ce6a7df45dfec412f30abe2c7a5970c4	d__Bacteria; p__Bacillota; c__Clostridia; o__Clostridiales; f__Clostridiaceae; g__Clostridium	0.8517813629556032
68e2396eca682447f950b78929e54144	d__Bacteria; p__Bacillota; c__Clostridia; o__Oscillospirales; f__Ruminococcaceae; g__Ruminococcus	0.9522906002461716
2b8b085490a9c3883aacc0d21079f2c8	d__Bacteria; p__Bacteroidota; c__Bacteroidia; o__Bacteroidales; f__Rikenellaceae; g__Rikenellaceae_RC9_gut_group	0.9999355838995925
c16238d3f4fd9eb20491676976b3a786	d__Bacteria; p__Bacillota; c__Clostridia; o__Lachnospirales; f__Lachnospiraceae; g__Lachnospiraceae_UCG-004	0.9199385012857388
202f70a862cdb91a2b549a7521106e84	d__Bacteria; p__Bacillota; c__Clostridia; o__Lachnospirales; f__Lachnospiraceae; g__Lachnospiraceae_UCG-004	0.7848306143593563
c640a3a62dabc5f3156c53cb6453658f	d__Bacteria; p__Actinomycetota; c__Coriobacteriia; o__Coriobacteriales; f__Eggerthellaceae	0.8757586666734205
76cb81de20e10b414f7ecf315063917a	d__Bacteria; p__Bacillota; c__Clostridia; o__Clostridia_UCG-014; f__Incertae_Sedis; g__Incertae_Sedis	0.9999999999631797
ed689c1eda5790ac61028a70747ea1ca	d__Bacteria; p__Pseudomonadota; c__Gammaproteobacteria; o__Burkholderiales; f__Comamonadaceae; g__Comamonas	0.7093833065134761
1114c245acb17ac8182c7adec8ba522d	d__Eukaryota	0.9175751419817496
5b47a6750c932f34b7ff68ac2e58e44e	d__Eukaryota	0.9211954454583984
13bc630ea7cf473f6a618b50c0637592	d__Bacteria; p__Bacillota; c__Clostridia; o__Christensenellales; f__Christensenellaceae; g__Incertae_Sedis	0.9941228982854221
517645a150271181fb2b2e271245b970	d__Bacteria; p__Bacillota; c__Clostridia; o__Christensenellales; f__Christensenellaceae; g__Christensenellaceae_R-7_group	0.9249839207394892
f46b33dfc42590aeed6265a2926441db	d__Bacteria; p__Bacillota; c__Bacilli; o__Erysipelotrichales; f__Erysipelatoclostridiaceae; g__Asteroleplasma	0.9999859015200281
72877e65b0af35851368190aae5939e5	d__Bacteria; p__Bacillota; c__Clostridia; o__Lachnospirales; f__Lachnospiraceae	0.9676392975459512
bc1d52df5f7064ebc5b617224f2852ae	d__Bacteria; p__Fusobacteriota; c__Fusobacteriia; o__Fusobacteriales; f__Leptotrichiaceae; g__Pseudoleptotrichia	0.9584233347921264
ca5523ff7e17ceaaff4cf975dd0c4896	d__Bacteria; p__Pseudomonadota; c__Gammaproteobacteria; o__Enterobacterales; f__Enterobacteriaceae; g__Pluralibacter	0.9576277123246905
18126a3356b30cd8bacf97ee6ad53f31	d__Bacteria; p__Bacillota; c__Clostridia; o__Lachnospirales; f__Lachnospiraceae; g__Lachnospiraceae_NC2004_group	0.9600265815981198
ddae8c7b746caa89ddc9db07a1381dd1	d__Bacteria; p__Bacillota; c__Clostridia; o__Christensenellales; f__Christensenellaceae; g__Christensenellaceae_R-7_group	0.963572608531933
47a6b6ce29e5942f4f3f772882b18640	d__Bacteria; p__Actinomycetota; c__Coriobacteriia; o__Coriobacteriales; f__Atopobiaceae	0.999995193449198
b058aa4d069fdada103a83ff081aa728	d__Bacteria; p__Bacillota; c__Clostridia; o__Peptostreptococcales-Tissierellales; f__Anaerovoracaceae; g__Incertae_Sedis	0.761075805457892
37effe4b4005ac3b8a5b8afd24db6017	d__Bacteria; p__Bacteroidota; c__Bacteroidia; o__Bacteroidales; f__Rikenellaceae; g__Alistipes	0.9998502128760525
fa8cbd4dbed4e4fefe0b69308ce15a3b	d__Bacteria; p__Pseudomonadota; c__Alphaproteobacteria; o__Rhodospirillales; f__Incertae_Sedis; g__Incertae_Sedis	0.9999347868554905
13776cb2dd54721f178013a688615cc7	d__Bacteria; p__Bacteroidota; c__Bacteroidia; o__Bacteroidales; f__Muribaculaceae; g__Incertae_Sedis	0.9999568188428484
b95360f3415790c6716d0d45e19aafec	d__Bacteria; p__Bacillota; c__Clostridia; o__Oscillospirales; f__Ruminococcaceae; g__Ruthenibacterium	0.9999345242684612
eb376a7eb5c3cee3c633d593461e2645	d__Bacteria; p__Bacillota; c__Clostridia; o__Oscillospirales; f__UCG-010; g__Incertae_Sedis	0.999945397099029
680e59fe74a595d0084f9abb6a995d05	d__Bacteria; p__Pseudomonadota; c__Alphaproteobacteria; o__Rhodospirillales; f__Incertae_Sedis; g__Incertae_Sedis	0.9979654200320502
f52d7bf9323f64360902263d58ac1a7a	d__Bacteria; p__Bacillota; c__Clostridia; o__Clostridia_vadinBB60_group; f__Incertae_Sedis; g__Incertae_Sedis	0.9998979186387142
6b298e443664994622f21a5aed5345c5	d__Bacteria; p__Bacillota; c__Clostridia	0.9958637178295044
00d606bd22823f82ba6d529bd6c88add	d__Bacteria; p__Pseudomonadota; c__Gammaproteobacteria; o__Burkholderiales; f__Sutterellaceae; g__Sutterella	0.990103543975936
49e38331d962c7ba4394aca0a7d741c6	d__Bacteria; p__Bacillota; c__Clostridia	0.9991316261207456
715020af06a66af60d761393c184c58f	d__Bacteria; p__Bacillota; c__Clostridia; o__Christensenellales; f__Christensenellaceae; g__Christensenellaceae_R-7_group	0.9196940767717079
6fd24e52a8792ad32d0427563dde4a32	d__Bacteria; p__Bacillota; c__Clostridia; o__Lachnospirales; f__Lachnospiraceae	0.9999997232254488
c1b7496da43823f75f2f71545b44111c	d__Bacteria; p__Bacillota; c__Clostridia; o__Lachnospirales; f__Lachnospiraceae; g__Frisingicoccus	0.9996619422745275
6ca2fc79167c93c21be700a2b84412a0	d__Bacteria; p__Bacteroidota; c__Bacteroidia; o__Bacteroidales; f__Prevotellaceae; g__Prevotella	0.9876475712321326
a38d30f2fb5e781acfe15499a3ad313c	d__Bacteria; p__Bacillota; c__Clostridia; o__Oscillospirales; f__Butyricicoccaceae; g__Agathobaculum	0.9971704255869699
881792ed00931107f434ad74c8fd9cc1	d__Bacteria; p__Bacteroidota; c__Bacteroidia; o__Bacteroidales; f__Tannerellaceae; g__Parabacteroides	0.9995909397026781
475f2870040f60725af1dd4d52bb55f1	d__Bacteria; p__Bacillota; c__Clostridia; o__Monoglobales; f__Monoglobaceae; g__Monoglobus	0.9999997185395243
bfb9bf6a8472e79c0ee78623818da6cf	d__Bacteria; p__Bacillota; c__Clostridia; o__Lachnospirales; f__Lachnospiraceae	0.8533883580522275
b24dd43bf350f1003366a0c2ed562211	Unassigned	0.31904321077587083
254ade7a478129273932d670bb8e6583	d__Bacteria; p__Bacillota; c__Bacilli; o__Erysipelotrichales; f__Erysipelatoclostridiaceae; g__Massiliomicrobiota	0.9998702562875356
0a9be276c17c1a2ba9a1f0d9dfeecb0b	d__Bacteria	0.9999999999015432
908420faf711a75bc9e1d09ca1386815	d__Bacteria; p__Bacillota; c__Clostridia; o__Peptostreptococcales-Tissierellales; f__Anaerovoracaceae; g__Incertae_Sedis	0.7985784040634284
942cc41b71d0e67703072316056efc88	d__Bacteria; p__Pseudomonadota; c__Gammaproteobacteria; o__Burkholderiales; f__Sutterellaceae; g__Parasutterella	0.9994249459622045
9776be004ea449a1387c86149e5f9395	d__Bacteria; p__Bacillota; c__Clostridia; o__Oscillospirales	0.7006508051872489
5d94ff489caee3fccd45bfd85424421e	d__Bacteria; p__Cyanobacteriota; c__Vampirivibrionia; o__Gastranaerophilales; f__Gastranaerophilaceae; g__CAG-196	0.7377705301282808
625b561b31aa31a842c81a33c120bc39	d__Bacteria; p__Bacillota; c__Bacilli; o__Erysipelotrichales; f__Erysipelotrichaceae; g__Holdemania	0.999998837619764
6adbc4eccdddc75cac6dc938ecb8ad0c	d__Bacteria; p__Bacillota; c__Clostridia; o__Peptostreptococcales-Tissierellales; f__Anaerovoracaceae	0.9999996797908342
38d3c3e8b31dcaf89dcb1d58acfbcb21	d__Bacteria; p__Bacillota; c__Bacilli; o__Staphylococcales; f__Staphylococcaceae; g__Staphylococcus	0.829720030025193
91db4c05c2284e4ba324e149184eb8c2	d__Bacteria; p__Bacillota; c__Clostridia; o__Oscillospirales; f__Oscillospiraceae	0.7712462878812422
4335694103e9823893adf44fc35e14c1	d__Bacteria; p__Planctomycetota; c__Planctomycetes; o__Gemmatales; f__Gemmataceae; g__Incertae_Sedis	0.9444796793839543
f1f51b70897bbb86c30d4f8aeb5f1f51	d__Bacteria; p__Bacillota; c__Clostridia; o__Christensenellales; f__Christensenellaceae; g__Christensenellaceae_R-7_group	0.8714643858175029
ecc27fd55f99b5bd696f7a20eb576ae0	d__Bacteria; p__Bacillota; c__Clostridia; o__Oscillospirales; f__Ruminococcaceae; g__Ruminococcus	0.9961764156245307
742e7bd7de4fe77003cb2757cec5078c	d__Bacteria; p__Bacillota; c__Clostridia	0.9996869247299761
8647dac455016799c672dfad656bb886	d__Bacteria; p__Bacillota; c__Clostridia; o__Oscillospirales; f__Ruminococcaceae; g__[Eubacterium]_siraeum_group	0.9967673041138881
a5f86f344fbbefad440de473256b5899	d__Bacteria; p__Bacillota; c__Bacilli; o__Lactobacillales; f__Streptococcaceae; g__Streptococcus	0.998455470654178
10c0af5ade050c85bdded51e4ac92893	d__Bacteria; p__Actinomycetota; c__Coriobacteriia; o__Coriobacteriales; f__Coriobacteriaceae; g__Collinsella	0.9007928705126517
6eaa41cb7745c3676c0e3ed5c144369d	d__Bacteria; p__Bacillota; c__Clostridia; o__Oscillospirales; f__UCG-010; g__Incertae_Sedis	0.9999894589473897
d82a40c1f418739aabe3a1f3899a7d30	d__Eukaryota	0.8710996870158124
76ac79fb414c2cddcb5050529b9008f3	d__Bacteria; p__Bacillota; c__Clostridia; o__Oscillospirales	0.7404479746109931
3b68edb6fe59f92b2c79536757fc79c7	d__Bacteria; p__Bacillota; c__Clostridia	0.9999981557940505
95e0cc2dc90b7c16e0c2f29022a07da1	d__Bacteria; p__Bacillota; c__Clostridia; o__Lachnospirales; f__Lachnospiraceae; g__[Eubacterium]_oxidoreducens_group	0.9889657824457018
5446d3399ebbd6c471c32e071862e396	d__Bacteria; p__Actinomycetota; c__Actinobacteria; o__Bifidobacteriales; f__Bifidobacteriaceae; g__Bifidobacterium	0.9997142772338122
9a619cd09b85865ea93aeb6b6accc021	d__Bacteria; p__Bacillota; c__Clostridia; o__Oscillospirales	0.8087871124080089
1db1e1f8e656c2f084f3f6cbb0eb8abd	d__Bacteria; p__Bacillota; c__Clostridia	0.9982481252172499
69c68102428b1515d857375ad7069b4e	d__Bacteria; p__Bacillota; c__Clostridia; o__Lachnospirales; f__Lachnospiraceae; g__Lachnospiraceae_UCG-004	0.992907356009929
dfd262650b2a40f3f8048b82c21d7690	d__Bacteria; p__Bacillota; c__Bacilli; o__Izemoplasmatales; f__Incertae_Sedis; g__Incertae_Sedis	0.9999523956197371
6bac0c09b9b03c797d34c6a0c414c763	d__Bacteria; p__Pseudomonadota; c__Gammaproteobacteria; o__Enterobacterales; f__Pasteurellaceae; g__Haemophilus	0.9999241000090349
7c3e16b012e697198dbe6b47e2db52e8	d__Bacteria; p__Bacillota; c__Clostridia; o__Clostridia_UCG-014; f__Incertae_Sedis; g__Incertae_Sedis	0.9999999999993463
ee73521179ee008b368875f5441cc615	d__Bacteria; p__Bacillota; c__Clostridia; o__Lachnospirales; f__Lachnospiraceae; g__Catenibacillus	0.9632634382200528
5c8fbc3a7a43eb3010c6eca718103dc6	d__Bacteria; p__Bacillota; c__Clostridia	0.9999965369867877
ac0ec694d3b5aae704ba2fe16b420b58	d__Bacteria; p__Bacillota; c__Bacilli; o__Erysipelotrichales; f__Erysipelotrichaceae; g__Holdemania	0.9999998448463123
def01bbc38babfc132ec8655f9da1c76	d__Bacteria; p__Bacillota; c__Clostridia; o__Monoglobales; f__Monoglobaceae; g__Monoglobus	0.9999995932960931
2345e6285053e4b31b7b7afe0c9ef7d1	d__Bacteria; p__Bacillota; c__Clostridia; o__Lachnospirales; f__Lachnospiraceae	0.9998630774927321
0448f45d69f1a605a2c4834a9e2ffe0a	d__Bacteria; p__Bacillota; c__Clostridia; o__Oscillospirales; f__Oscillospiraceae; g__Incertae_Sedis	0.792095425696195
cd960ffc1e01b471e60f85f40fdcf004	d__Bacteria; p__Bacteroidota; c__Bacteroidia; o__Bacteroidales; f__Muribaculaceae; g__Incertae_Sedis	0.9998565954766686
ab513172dfef1c8e9e44cf43be5c7119	d__Bacteria; p__Pseudomonadota; c__Gammaproteobacteria; o__Burkholderiales; f__Sutterellaceae; g__Sutterella	0.9799587910439264
8f26d6befc50ed43e8904655611692a4	d__Bacteria; p__Pseudomonadota; c__Gammaproteobacteria; o__Enterobacterales	0.9999999895221396
c2b8dc0760e1817cce59adb21452364e	d__Bacteria; p__Bacillota; c__Clostridia	0.9999999464440844
f947fc81635154f9c25126cbbc7c8625	d__Bacteria; p__Bacillota; c__Clostridia; o__Christensenellales; f__Christensenellaceae; g__Christensenellaceae_R-7_group	0.9905693582532118
09975c96fb785c28c7395ca188c24cb4	d__Bacteria; p__Bacillota; c__Clostridia; o__Oscillospirales; f__Ruminococcaceae; g__Faecalibacterium	0.9998528942410042
5a6b3fb75fb1b20e656ca30340a582ad	d__Bacteria; p__Bacillota	0.9986811489509481
cad6c2540ba0ba8b46b6327a73536161	d__Bacteria; p__Fusobacteriota; c__Fusobacteriia; o__Fusobacteriales; f__Fusobacteriaceae; g__Fusobacterium	0.9869075022874093
0a98b0d610e7b0ff62d55dddaef905e4	d__Eukaryota	0.8593169838091038
ab4cfe5365dac41f4c7636ff917dd5c6	d__Eukaryota	0.8641473670276056
6273b3fbac9f6a361179da8c365bc92e	d__Eukaryota	0.8847067686431038
2cebc2dd601dd1e8624ef94631c50854	d__Eukaryota	0.7327884280263195
9b94941aa7cafb02e8c1abfe5ab5aa6b	d__Bacteria; p__Bacteroidota; c__Bacteroidia; o__Bacteroidales; f__Bacteroidaceae; g__Bacteroides	0.9999639802503862
57606fc0acb18b23c3a79edf4c5c9e01	Unassigned	0.4129479623730965
4bec5fc86d3e083a043fd601cbe5eb7e	d__Bacteria; p__Bacillota	0.9856645322015903
3bcb31130afddcdf0198002a68a5979b	d__Bacteria; p__Bacillota; c__Clostridia	0.9939825932343704
cc104c2f94e81698833cc2a9c7543bd6	d__Bacteria; p__Bacteroidota; c__Bacteroidia	0.7456732519557603
8683a084ff000c0a21303dc13a3b5d21	d__Bacteria; p__Bacillota; c__Clostridia; o__Oscillospirales	0.8982630380759331
e9ca2f90c3e885d16f796da5fd184dcf	d__Bacteria; p__Actinomycetota; c__Coriobacteriia; o__Coriobacteriales	0.7927376117743344
e5d160869183c145447aaeb52845c70d	d__Bacteria; p__Bacillota; c__Clostridia; o__Peptostreptococcales-Tissierellales; f__Family_XI; g__Anaerococcus	0.9999999999980673
a04a2ecb6c2f4c9a1eef740eb96202bd	d__Eukaryota	0.8590029089956377
62c89c25bb6949f67569405174455e21	d__Bacteria; p__Bacillota; c__Clostridia; o__Lachnospirales; f__Lachnospiraceae	0.9517535641387331
acbb3417d8b82b0b2de18bd60c14f9c0	d__Bacteria; p__Pseudomonadota; c__Gammaproteobacteria; o__Burkholderiales; f__Oxalobacteraceae; g__Oxalobacter	0.9892418965247293
a7f0630fe36c9c4b885b45ce82c1a15d	d__Bacteria; p__Pseudomonadota; c__Gammaproteobacteria; o__Enterobacterales; f__Enterobacteriaceae; g__Escherichia-Shigella	0.9987444666056723
7e0f9fb3d9a4059b2a349f794f532584	Unassigned	0.7034580076154108
a2cc683387b36c1bbb7ec617a5a693cc	d__Bacteria; p__Bacteroidota; c__Bacteroidia; o__Bacteroidales; f__Prevotellaceae; g__Paraprevotella	0.9970322108832053
9c53b469ae891e648a4dd520ef6de11b	d__Bacteria; p__Bacillota; c__Clostridia; o__Peptococcales; f__Peptococcaceae; g__Peptococcus	0.9999999958605201
d4e1ee8b20648fd44454fe6bc7e54be2	d__Bacteria; p__Bacillota; c__Clostridia; o__Oscillospirales; f__Butyricicoccaceae	0.9998914425271269
f7af4787f0b5f0f8b4829918d6d9074a	d__Bacteria; p__Bacillota; c__Clostridia; o__Oscillospirales; f__Ruminococcaceae; g__Ruminococcus	0.9945975496780056
5aebb3d75cfc02c5a51f1e991fbc9d67	d__Bacteria	0.9651343072278535
237828494b8a32ba0d4b94c8c6995c9c	d__Bacteria; p__Thermodesulfobacteriota; c__Desulfovibrionia; o__Desulfovibrionales; f__Desulfovibrionaceae; g__Mailhella	0.8699989144068662
f5d23321cbf8e517ccb978d5b833d198	d__Bacteria; p__Bacillota; c__Bacilli; o__Lactobacillales; f__Streptococcaceae; g__Streptococcus	0.9979536345635687
270f98fa7532168eb143ffaaa3b3a917	d__Bacteria; p__Bacillota; c__Clostridia; o__Oscillospirales; f__Ruminococcaceae; g__Acutalibacter	0.8122713417225961
2f8e7550ea60bb593ff73010f69cad98	d__Bacteria; p__Bacillota; c__Clostridia; o__Oscillospirales; f__Ruminococcaceae; g__Faecalibacterium	0.8617100823328206
c01fc71ca40c627a10f71fe82b1d65f2	d__Bacteria; p__Bacillota; c__Bacilli; o__Erysipelotrichales; f__Erysipelotrichaceae; g__Incertae_Sedis	0.9999729296826082
dac34ba14e5086cf30d7ded6fca9cbd2	d__Bacteria; p__Bacillota; c__Clostridia; o__Lachnospirales; f__Lachnospiraceae; g__Lachnospiraceae_NC2004_group	0.8189626359526693
2a3350ae34190e9f63b8b22ac1b5cf34	d__Bacteria; p__Bacillota; c__Clostridia; o__Oscillospirales; f__Oscillospiraceae; g__Oscillibacter	0.9919196092576426
b1914af1e3de690bb190ade5e576e0a7	d__Bacteria; p__Bacillota; c__Clostridia; o__Lachnospirales; f__Incertae_Sedis; g__Incertae_Sedis	0.9219600654878274
f3be98deb49041fff7ec9ac33ee6ccb9	d__Bacteria; p__Bacillota; c__Clostridia; o__Peptostreptococcales-Tissierellales; f__Anaerovoracaceae; g__Family_XIII_UCG-001	0.7329978676526068
663b1873eb3d639ce744286e62a24906	d__Bacteria; p__Bacillota; c__Clostridia; o__Lachnospirales; f__Lachnospiraceae; g__Tyzzerella	0.9532308672608764
525963e10a66c1048a61d61db9e47c82	d__Bacteria; p__Actinomycetota; c__Coriobacteriia; o__Coriobacteriales; f__Coriobacteriales_Incertae_Sedis; g__Incertae_Sedis	0.985272552262797
fe52a9a115824518f361c47cd05ba026	d__Bacteria; p__Bacteroidota; c__Bacteroidia; o__Bacteroidales; f__Barnesiellaceae; g__Incertae_Sedis	0.9999978133558789
840f663de95d2a72e40d1c42369676c9	d__Bacteria; p__Bacillota; c__Clostridia; o__Oscillospirales; f__[Eubacterium]_coprostanoligenes_group; g__Incertae_Sedis	0.9994023462089154
c5098868a63ed7b1c42c6aff20341ff0	d__Bacteria; p__Bacteroidota; c__Bacteroidia; o__Bacteroidales; f__Marinifilaceae; g__Butyricimonas	0.9999999729542143
d038ee1a48a21da2d71abc791cf93025	d__Bacteria; p__Bacillota; c__Clostridia; o__Peptostreptococcales-Tissierellales; f__Anaerovoracaceae; g__Hornefia	0.999999990843861
1cc18c170d3435f43fd7fbea8353c1d4	d__Bacteria; p__Actinomycetota; c__Coriobacteriia; o__Coriobacteriales; f__Eggerthellaceae; g__CHKCI002	0.7200945947776852
cb2306743b18d3f2ca124e85542f4cf8	d__Bacteria; p__Bacteroidota; c__Bacteroidia; o__Bacteroidales; f__Prevotellaceae; g__Segatella	0.9997020578112101
b09929c97981de726a7e35fda815c253	d__Bacteria; p__Bacillota; c__Clostridia	0.9459030931700357
7c78d8b138ab75052ec5d389da334c0d	d__Bacteria; p__Bacillota; c__Clostridia; o__Oscillospirales; f__Ruminococcaceae; g__[Eubacterium]_siraeum_group	0.9999976509548837
4105735f9aa80122ed1678e960476d2e	d__Bacteria; p__Bacillota; c__Clostridia; o__Lachnospirales; f__Lachnospiraceae	0.9882043890019592
b45b55f21a24b98ea595f52373df6d6e	d__Bacteria; p__Bacillota; c__Bacilli; o__Erysipelotrichales; f__Erysipelatoclostridiaceae; g__Erysipelotrichaceae_UCG-003	0.9683897872754321
840be90edb17e6144533c0f81e197a27	d__Bacteria; p__Bacillota; c__Clostridia; o__Oscillospirales; f__Ruminococcaceae; g__Ruminococcus	0.9826877176141537
8b4eafeb67f4f3412e7919d7a502fd4b	d__Bacteria; p__Bacillota; c__Clostridia; o__Oscillospirales; f__Ruminococcaceae; g__Ruminococcus	0.9994672776511587
64e82c44301b6427ca9a1b220740062d	d__Bacteria; p__Bacillota; c__Clostridia; o__Clostridia_UCG-014; f__Incertae_Sedis; g__Incertae_Sedis	0.9999999999988063
5a569812535f24de79e48208eee8f1c1	d__Bacteria; p__Bacillota; c__Clostridia; o__Oscillospirales; f__Ruminococcaceae	0.9691802977718262
0151c48f40aeb38cbd8229ef6e8f59b6	d__Bacteria; p__Bacillota; c__Clostridia; o__Oscillospirales; f__Oscillospiraceae	0.7385968306274873
b19ae9989bbb59c2285872c27bf04145	d__Bacteria; p__Bacillota; c__Clostridia; o__Monoglobales; f__Monoglobaceae; g__Monoglobus	0.968825693102218
da4403e572aaccca037bdf4b01aef56d	d__Bacteria; p__Bacillota; c__Clostridia; o__Lachnospirales; f__Lachnospiraceae	0.8926935616637528
ce2e82bba114e0c10b384a85bbc9e6c2	d__Bacteria; p__Bacteroidota; c__Bacteroidia; o__Bacteroidales; f__Barnesiellaceae; g__Barnesiella	0.9947271382300543
2974ca90c235cef4fe60b61536bde7e8	Unassigned	0.34715511220497264
9ccff5cbcf33fc9fd95a6d5fa0f6de25	d__Bacteria; p__Pseudomonadota; c__Gammaproteobacteria; o__Burkholderiales; f__Comamonadaceae; g__Aquabacterium	0.9703729075015426
ee5da734aa664e0f505573627592b657	d__Bacteria; p__Bacteroidota; c__Bacteroidia; o__Bacteroidales; f__Bacteroidaceae; g__Bacteroides	0.9993598552461226
f493673b1ebf253baa26f9345958b3c9	d__Bacteria; p__Bacillota; c__Clostridia; o__Oscillospirales; f__UCG-010; g__Incertae_Sedis	0.704957873777538
ac4469a4bbdf4581b59c1a35f277f297	d__Bacteria; p__Bacillota; c__Clostridia; o__Oscillospirales; f__Oscillospiraceae; g__Intestinimonas	0.7882347929328979
6ed2c45685abeabafa83f4d8868316bb	d__Bacteria; p__Bacillota; c__Clostridia; o__Christensenellales; f__Christensenellaceae	0.801481118889654
45677d5a0e989c9a589b4bed8a5c04f0	d__Bacteria; p__Bacillota; c__Clostridia; o__Peptostreptococcales-Tissierellales	0.8261869194621936
eb850e18fc237dc956d66a83a85faae5	d__Bacteria; p__Bacillota; c__Bacilli; o__Izemoplasmatales; f__Incertae_Sedis; g__Incertae_Sedis	0.9997926826652751
baf05e4ec56f84c3cc46e9fde373a688	d__Bacteria	0.9999999996752541
e882d0ff8d07fd35c334d5916ce6fead	d__Bacteria; p__Bacillota; c__Clostridia; o__Clostridia_UCG-014; f__Incertae_Sedis; g__Incertae_Sedis	0.9843462473145265
dd2e7fb443c66cf887a9c302160af798	d__Bacteria; p__Bacillota; c__Clostridia; o__Oscillospirales; f__Oscillospiraceae	0.8364051374048316
729359202c4580cb5ac026f06a718a1a	d__Bacteria; p__Bacillota; c__Clostridia; o__Oscillospirales; f__Oscillospiraceae; g__Incertae_Sedis	0.7758318499047041
0db38b4903d0c1898ea27d42ec2d2ee8	d__Bacteria; p__Bacillota; c__Negativicutes; o__Veillonellales-Selenomonadales; f__Veillonellaceae; g__Dialister	0.987137572804321
9bf4a92e9c55fa5cf3e36b7dd1bd82cb	d__Bacteria; p__Pseudomonadota; c__Gammaproteobacteria	0.8106466203989543
db1acb97a78122ec344d59171853569c	d__Bacteria; p__Bacillota; c__Clostridia	0.9999911955317997
68a68181cb6ea503f8d28a0d460ded53	d__Bacteria; p__Bacillota; c__Clostridia; o__Oscillospirales; f__Ruminococcaceae; g__Acutalibacter	0.999949023591441
9c5b30e6399e108de904809a27b5132e	d__Bacteria; p__Bacillota; c__Clostridia; o__Oscillospirales; f__Ruminococcaceae	0.8037025209634913
99b21679fc7d628a3d025b3450988b11	d__Bacteria; p__Bacillota; c__Clostridia; o__Lachnospirales; f__Lachnospiraceae	0.9997473020465055
4d234f3fa9ce2409daca75b4c82abc9d	d__Bacteria; p__Bacillota; c__Clostridia; o__Oscillospirales; f__Oscillospiraceae; g__Oscillibacter	0.9822374453572232
39027ad00b90fade3d20468cd252a503	d__Bacteria	0.9999999999617342
3f89311b208d2e8c8daae0f50f967aaa	d__Bacteria; p__Bacillota; c__Clostridia; o__Lachnospirales; f__Lachnospiraceae	0.9784885381029541
a55d12b1f78a4f226dd83171bf23a1c2	Unassigned	0.539951280430401
7059a6cac94ffd04d82db364532a324f	d__Bacteria; p__Actinomycetota; c__Actinobacteria; o__Actinomycetales; f__Actinomycetaceae; g__Varibaculum	0.999999997878092
30277c340617cf58e0343cedd9eb7e67	d__Bacteria; p__Actinomycetota; c__Actinobacteria; o__Propionibacteriales; f__Nocardioidaceae; g__Nocardioides	0.8661204420374811
74341be2edb79ed73dbbbe11e15e942e	d__Bacteria; p__Bacillota; c__Clostridia	0.7132581538734152
bcc100811e73ae0404e437082c4734a0	Unassigned	0.6717180422571818
a323d396e48a4e371c13858f4431320d	d__Bacteria; p__Bacillota; c__Clostridia; o__Oscillospirales; f__Ruminococcaceae; g__Harryflintia	0.8720027156602599
b35c89e5d80eb6f294e67fcfeba5d06c	Unassigned	0.8085783523385425
712b5ef4920279f8bb5d2ab4320e2ffa	d__Bacteria; p__Bacillota; c__Clostridia; o__Oscillospirales; f__Ruminococcaceae	0.9547555782228511
daf283b8bdee8b5e7e5ef5c3b2c4552f	d__Bacteria; p__Bacillota; c__Clostridia; o__Christensenellales; f__Christensenellaceae; g__Christensenellaceae_R-7_group	0.9313930049899453
ae71e24b73447df7e989b75fdbd9b619	d__Bacteria; p__Bacillota; c__Clostridia; o__Oscillospirales; f__Ruminococcaceae; g__Ruthenibacterium	0.9796171325400155
702759a9aacadf25fe653efdf97ba16c	d__Bacteria; p__Bacillota; c__Clostridia; o__Lachnospirales; f__Lachnospiraceae; g__Lachnospiraceae_NC2004_group	0.9826388096494693
e4886e66600393e96f81bcfe25f44d96	d__Bacteria; p__Bacillota; c__Clostridia; o__Oscillospirales; f__Oscillospiraceae	0.9759789616388919
bcb18c1378e3feacf1a6da73ace545f8	d__Bacteria; p__Bacillota; c__Clostridia; o__Christensenellales; f__Christensenellaceae; g__Christensenellaceae_R-7_group	0.9989134153075357
f68a79b488fe1b64dce00ca21ff5fdde	d__Bacteria; p__Bacillota; c__Clostridia; o__Oscillospirales; f__Ruminococcaceae; g__[Eubacterium]_siraeum_group	0.9999998728512135
042637a2e0961b47649243240bdc5f0c	d__Bacteria; p__Bacteroidota; c__Bacteroidia; o__Bacteroidales; f__Tannerellaceae; g__Parabacteroides	0.9995519740800279
f0a5ba3160e6cd43d7315dff34c1bc17	d__Bacteria; p__Bacillota; c__Negativicutes; o__Veillonellales-Selenomonadales; f__Veillonellaceae; g__Dialister	0.9999677804057933
04dd6169ccbd4ce01a0df9374e470f58	d__Bacteria; p__Bacteroidota; c__Bacteroidia; o__Bacteroidales; f__Marinilabiliaceae; g__Geofilum	0.7294840312908082
aa0eb5da04cc8d5d7bf9183e7b8df725	d__Bacteria; p__Bacillota; c__Bacilli; o__Staphylococcales; f__Gemellaceae; g__Gemella	0.9999999739363833
bf3ccc9513dba32dea6fefcf43ca90b7	d__Eukaryota	0.7997705454904773
1daa3e12c8e603a2f104e6bb3dc56f70	d__Bacteria; p__Patescibacteria; c__Saccharimonadia; o__Saccharimonadales; f__Saccharimonadaceae; g__Candidatus_Saccharimonas	0.8459087852491213
a500096f217b1c2fb90f6b5e2b9bb800	d__Bacteria; p__Myxococcota; c__Polyangiia; o__Polyangiales	0.9999705709397221
6311ec292887c7e66c5d8356cff54a99	d__Bacteria; p__Bacteroidota; c__Bacteroidia; o__Bacteroidales; f__Barnesiellaceae; g__Coprobacter	0.9999999913238895
51e88fe366b7eb82719ad1f8af844351	d__Bacteria; p__Pseudomonadota; c__Alphaproteobacteria; o__Dongiales; f__Dongiaceae; g__Dongia	0.999605029377972
5a43fe32073d421e6f140c78484c258c	d__Bacteria; p__Bacteroidota; c__Bacteroidia; o__Bacteroidales; f__Rikenellaceae; g__Rikenellaceae_RC9_gut_group	0.975979335783637
27b3da1b0027d48f75ef4bc247eda434	d__Bacteria	0.9999999996682044
ece7f97e8b43f753736cdea96e13ed9f	d__Bacteria; p__Bacillota; c__Clostridia; o__Oscillospirales; f__Ruminococcaceae; g__Incertae_Sedis	0.9628563465216465
6bf1682287eb2f6eca012466f33c27e2	d__Bacteria; p__Bacteroidota; c__Bacteroidia; o__Bacteroidales; f__Marinifilaceae; g__Butyricimonas	0.9999975005376428
3f5f91cf600f5853a0fa6f6dfa2fc4a4	d__Bacteria; p__Bacillota; c__Clostridia; o__Oscillospirales; f__Ruminococcaceae; g__Incertae_Sedis	0.999442741541071
cf768cd071598ef39a7381415fda51ba	d__Bacteria; p__Bacillota; c__Clostridia; o__Lachnospirales; f__Lachnospiraceae	0.9999875404711368
e12301bffabece4174b479064bc355f5	d__Bacteria; p__Bacillota; c__Clostridia; o__Oscillospirales; f__Butyricicoccaceae; g__Agathobaculum	0.947100600506807
b461653101257118163277af0896df37	d__Bacteria; p__Actinomycetota; c__Actinobacteria; o__Mycobacteriales; f__Corynebacteriaceae; g__Corynebacterium	0.999545664651792
80509b61cbc1088b984197363e56beb3	d__Bacteria	0.9997490141530629
31dc8af630fc4fe594e53a640be321d1	d__Bacteria; p__Pseudomonadota; c__Gammaproteobacteria; o__Enterobacterales	0.9999999973750757
ae13ca1aa597176634c029c6e3eb06bd	d__Bacteria; p__Pseudomonadota; c__Alphaproteobacteria; o__Rhodobacterales; f__Paracoccaceae; g__Paracoccus	0.9037618963235785
ca3eb962b6ff8a2a78d009d4661c2584	d__Bacteria; p__Actinomycetota; c__Coriobacteriia; o__Coriobacteriales; f__Eggerthellaceae; g__Slackia	0.9999999288315732
100ac2ae95de293c621b7e4fbc9b284c	d__Bacteria; p__Verrucomicrobiota; c__Verrucomicrobiia; o__Opitutales; f__Puniceicoccaceae; g__Incertae_Sedis	0.999976766861992
662648a9a0db211ac2d8fa37ae8c9171	d__Bacteria; p__Bacteroidota; c__Bacteroidia; o__Bacteroidales; f__Prevotellaceae; g__Segatella	0.9221132919035417
337065c0b167a37dca9c5279bf676953	d__Bacteria; p__Bacillota; c__Clostridia; o__Oscillospirales; f__Ruminococcaceae; g__Acutalibacter	0.9996511695367618
b29d38b29e4447d4a747dd6f9a04e8e0	d__Bacteria; p__Bacillota; c__Clostridia; o__Oscillospirales; f__Ruminococcaceae; g__DTU089	0.988462191505883
379577f68dd25c91fe3888162d4b5ebe	d__Bacteria; p__Bacillota; c__Clostridia; o__Oscillospirales; f__[Eubacterium]_coprostanoligenes_group; g__Incertae_Sedis	0.985288880257348
597725e6058849fb0c446fd74520f25a	d__Bacteria; p__Bacteroidota; c__Bacteroidia; o__Bacteroidales; f__Rikenellaceae; g__SP3-e08	0.985274711752115
abab2d3800fbe5107a41e77112f5f1df	d__Bacteria; p__Bacillota; c__Clostridia; o__Oscillospirales; f__Ruminococcaceae; g__Faecalibacterium	0.9967116692245996
7b890a98205b6328ab91158849f455bb	d__Bacteria; p__Bacillota; c__Clostridia; o__Lachnospirales; f__Lachnospiraceae	0.9301765790977583
d8bd5331a4df91de1b28b8f8f17f17ba	d__Bacteria; p__Bacteroidota; c__Bacteroidia; o__Bacteroidales; f__Bacteroidaceae; g__Bacteroides	0.9999428351022995
1b7be4e9002b4a73581f4e7165e55793	d__Bacteria; p__Bacteroidota; c__Bacteroidia; o__Bacteroidales; f__Bacteroidaceae; g__Bacteroides	0.701949725818751
cbd067bb6457451fd31e6bb1c657300e	d__Eukaryota	0.7896405631701382
8523e57d79ad101f6d1eaf215907fa46	d__Bacteria; p__Bacillota; c__Clostridia; o__Lachnospirales; f__Lachnospiraceae	0.9999093888383492
77a8a4df638656856bb7abd3d8abcd90	d__Bacteria; p__Bacillota; c__Clostridia; o__Oscillospirales; f__Ruminococcaceae; g__Acutalibacter	0.9936563216109316
d19232e40c80fc19b63bc4ffd3abc5da	d__Bacteria; p__Actinomycetota; c__Coriobacteriia; o__Coriobacteriales; f__Eggerthellaceae	0.7117330561324723
c41a93cac58f09f7085ba6a1cb7bc32a	d__Bacteria; p__Bacillota; c__Clostridia; o__Oscillospirales; f__Butyricicoccaceae; g__Agathobaculum	0.843439303991456
b306bcd785f6582a952a9dea59133163	d__Bacteria; p__Actinomycetota; c__Actinobacteria; o__Bifidobacteriales; f__Bifidobacteriaceae; g__Bifidobacterium	0.9997202320822202
426359c97f8d18f6c22c5874aa39bbc2	d__Bacteria; p__Actinomycetota; c__Actinobacteria; o__Micrococcales; f__Brevibacteriaceae; g__Brevibacterium	0.9999267169882042
61c2629b7aee7e76dc7ab61711b60d4d	d__Bacteria; p__Bacillota; c__Clostridia	0.9999959615559265
d9a40257c4c632d6d23b9875c323de53	d__Bacteria; p__Bacillota; c__Clostridia	0.9509366473153967
f197901cecbdea5382a5ef4c17f436a1	d__Bacteria; p__Bacillota; c__Clostridia; o__Lachnospirales; f__Lachnospiraceae; g__Lachnospiraceae_UCG-004	0.9331535379392999
4f881687ed431ef755ec5df4a046cdfd	d__Bacteria; p__Bacillota; c__Clostridia; o__Oscillospirales	0.9759836558473367
61f7c510e7756b5651dbfcdbbd962e8d	d__Bacteria; p__Bacteroidota; c__Bacteroidia; o__Bacteroidales; f__Rikenellaceae; g__Alistipes	0.962197034541235
b9c1294983997a6025d97eea61999ce7	d__Bacteria; p__Bacillota; c__Clostridia; o__Peptostreptococcales-Tissierellales; f__Peptostreptococcaceae	0.9998968941469614
a8b5f9a6ae72f23b7230e304f208e676	d__Eukaryota	0.8062484646548131
719c308c3a18f5da142036a4fa38d67a	d__Bacteria; p__Bacillota; c__Negativicutes; o__Acidaminococcales; f__Acidaminococcaceae; g__Acidaminococcus	0.9996268020557292
599ea5b07d4bed8fe339e275f648f0d2	d__Bacteria; p__Actinomycetota; c__Actinobacteria; o__Mycobacteriales; f__Nocardiaceae; g__Gordonia	0.8799675439785436
de541ba899082130e35ca22c1e959d37	d__Bacteria; p__Bacillota; c__Bacilli; o__Staphylococcales; f__Gemellaceae; g__Gemella	0.9999994550217572
720fd870a29e7fad1395b73d9ecc8744	d__Bacteria; p__Bacillota; c__Clostridia	0.9999265762296596
d95b71f38680b91ac7219680c9e90d8e	d__Bacteria; p__Bacillota; c__Clostridia; o__Lachnospirales; f__Lachnospiraceae	0.9735878486886927
f8ab1a74f4d73295aa2539eae5a48514	d__Bacteria; p__Pseudomonadota	0.7310063754290863
089312c34b970b22d8ba4511ed577c51	d__Bacteria; p__Pseudomonadota; c__Gammaproteobacteria; o__Burkholderiales; f__Comamonadaceae	0.9999950511105723
14af516eb152441d84c6b4fb890140a3	d__Bacteria; p__Bacillota; c__Clostridia; o__Oscillospirales; f__Oscillospiraceae; g__UCG-002	0.9844793135604922
66f073ed2d9a2b0b5ab926ceac1e3ad5	d__Bacteria; p__Bacillota; c__Bacilli; o__Lactobacillales; f__Lactobacillaceae; g__Weissella	0.9999996853743551
e28da0dc0d017b458bda503e1a86444b	d__Bacteria; p__Bacillota; c__Clostridia; o__Lachnospirales; f__Lachnospiraceae; g__Lachnospiraceae_UCG-004	0.9665340573373594
f8bbf96cdcabc3f272448ce0c3f72866	d__Bacteria; p__Bacillota; c__Clostridia; o__Oscillospirales	0.9414258432210543
e0a01ea7ec1a5f2d107fa2d5636c9d59	d__Bacteria; p__Bacillota; c__Clostridia	0.9999901372756634
41b9092612a010ee21b334983e2b3dd2	d__Bacteria; p__Bacteroidota; c__Bacteroidia; o__Bacteroidales	0.8989207302033676
e33a320a54f527813e7b01b2eba31f56	d__Bacteria; p__Bacillota; c__Clostridia; o__Lachnospirales; f__Lachnospiraceae	0.9642000401864458
d34ccd2ce6ef580ae6b315050fde0639	d__Bacteria; p__Bacillota; c__Bacilli; o__Lactobacillales; f__Lactobacillaceae; g__Lactiplantibacillus	0.9981232323226125
83ed5518875a72b2af88d7a04a5219e6	d__Bacteria; p__Bacillota; c__Clostridia	0.9999434860203664
5098dfd8c7d6efd308fd654af75b9943	d__Bacteria; p__Bacillota; c__Clostridia; o__Lachnospirales; f__Lachnospiraceae	0.7985901073484638
bd7f36d74c18b5a3e4c9d333e4dac63b	d__Bacteria; p__Bacillota; c__Bacilli; o__Erysipelotrichales; f__Erysipelatoclostridiaceae; g__Sharpea	0.9999994587104952
574cae84bd3f27543c965b6d4a090c54	d__Bacteria; p__Bacillota; c__Clostridia	0.9999999998992805
2cb5bb5b78cb5b13e58654b492aea329	d__Bacteria; p__Bacillota; c__Clostridia; o__Oscillospirales; f__Ruminococcaceae; g__Incertae_Sedis	0.9215208829681595
f7993175fa9ddb35437e28d0ca10864b	d__Bacteria; p__Bacillota; c__Clostridia; o__Lachnospirales; f__Lachnospiraceae	0.9844457577185659
8c67b3cd613e08b356104d4cf459410a	d__Bacteria; p__Bacillota; c__Clostridia; o__Oscillospirales; f__Ruminococcaceae	0.7068863725669188
0b45b5dca06b4f8cc009c02b6889586f	d__Eukaryota	0.802052921231221
f5723c05ebc35fcb2bcd88b03be61a73	d__Bacteria; p__Bacillota; c__Clostridia; o__Christensenellales; f__Christensenellaceae; g__Incertae_Sedis	0.9920213657024292
a808e59d8f894e0dd0bdc8f77f45a748	d__Bacteria; p__Bacillota; c__Clostridia; o__Lachnospirales; f__Lachnospiraceae	0.9894094624021315
3b3821a4c796e399382d7ead4d6a8672	d__Bacteria	0.9999999999983646
ac80b7c36b94575a4b596010909979af	d__Bacteria; p__Bacillota; c__Clostridia; o__Oscillospirales; f__Oscillospiraceae; g__Colidextribacter	0.7867576109405151
eddcabde0f5625d4c162c400fdafd8d7	d__Bacteria	0.9999999999996877
ed5fa12effae3778bfdcced565e28417	d__Bacteria; p__Bacillota; c__Clostridia; o__Lachnospirales; f__Lachnospiraceae	0.9649558166922039
3d0f7f901f2318ebf9c5fd7b8a1d0adc	d__Eukaryota	0.9025230134343684
48b3a9c0b4a40ce88d110fed866c75b7	d__Bacteria; p__Bacillota; c__Clostridia; o__Oscillospirales; f__Ruminococcaceae; g__Incertae_Sedis	0.988280504524915
ff2dfc892fc7bc1e6b2d851a1b8bde74	d__Bacteria; p__Bacillota; c__Clostridia; o__Oscillospirales; f__Butyricicoccaceae; g__Agathobaculum	0.999636936152874
99d43aad37cec0e4b532738b93987751	d__Bacteria; p__Bacillota; c__Bacilli; o__Lactobacillales; f__Lactobacillaceae; g__Lacticaseibacillus	0.9999998589179697
a3cb26ce45eae6172d06e88a79d08d70	d__Bacteria; p__Bacillota; c__Clostridia; o__Oscillospirales; f__Ruminococcaceae; g__Acutalibacter	0.999985483406768
53290dcc2cac59511988d726c2eb69f5	d__Bacteria; p__Bacillota; c__Clostridia; o__Oscillospirales; f__UCG-011; g__Incertae_Sedis	0.9067283610630449
e6313ecd2b192d61fdc33f8a24ea9e32	d__Eukaryota	0.7736070560996198
11d7660b546c12ff7445112ea9a07cb1	d__Eukaryota	0.742579757237759
46d3693e7260ba62b69eb30edf8a263d	d__Bacteria; p__Candidatus_Eremiobacterota; c__Eremiobacteria; o__Incertae_Sedis; f__Incertae_Sedis; g__Incertae_Sedis	0.9115144448245462
2a114f741e2050128006f5c2c7b0d89d	d__Eukaryota	0.8744947646602355
6082ef74fa84a186939da39c0b94b91d	d__Bacteria; p__Actinomycetota; c__Actinobacteria; o__Mycobacteriales; f__Corynebacteriaceae; g__Corynebacterium	0.9999795812202947
25a14efeeae1f05caff304be8871bd50	d__Bacteria; p__Bacillota; c__Clostridia; o__Lachnospirales; f__Lachnospiraceae; g__Lachnospiraceae_NC2004_group	0.7228053637663607
f6e0b4eb062b5e267a49e5258fc23c2f	d__Bacteria; p__Bacteroidota; c__Bacteroidia; o__Bacteroidales; f__Marinifilaceae; g__Gabonibacter	0.9999999999637765
cc261a8bec1c19eac516cf2faf3a9c88	d__Bacteria; p__Bacillota; c__Bacilli; o__Erysipelotrichales; f__Erysipelatoclostridiaceae; g__Massiliomicrobiota	0.9998973731772122
4514757bf8496a523168255f2be44804	d__Bacteria; p__Bacillota; c__Clostridia; o__Oscillospirales; f__Oscillospiraceae; g__Intestinimonas	0.9809821187895257
2a715735668089ae48699f7f640a2d77	d__Bacteria; p__Bacillota; c__Clostridia; o__Oscillospirales; f__Ruminococcaceae; g__Acutalibacter	0.9554908407003226
5643645d79d483a2cb3e1a5ea9fdf7b8	d__Bacteria; p__Bacillota; c__Clostridia; o__Oscillospirales; f__Ruminococcaceae; g__Incertae_Sedis	0.9786382232307813
e588511f55ff24e3ef63be79898a8cb0	d__Bacteria; p__Pseudomonadota; c__Gammaproteobacteria; o__Burkholderiales; f__Sutterellaceae; g__Parasutterella	0.9962887898094976
674f171f12999674377298811319c180	d__Bacteria; p__Bacillota; c__Bacilli; o__Erysipelotrichales; f__Erysipelatoclostridiaceae; g__Thomasclavelia	0.999971515441119
dfc13192073ba004644a9ffee97f2ed9	d__Bacteria; p__Bacillota; c__Negativicutes; o__Veillonellales-Selenomonadales; f__Veillonellaceae; g__Allisonella	0.9999384274424409
f930943c0c86fbc4ebcab74b30e1a9bd	d__Bacteria; p__Bacillota; c__Clostridia; o__Lachnospirales; f__Lachnospiraceae; g__Lachnospiraceae_UCG-004	0.8681081899088904
2120f8f7e4178d1a2d6783a62fb3b1b3	d__Bacteria	0.999999998321628
2ba9ec572447d46f05f2630beaca37eb	d__Bacteria; p__Bacillota; c__Clostridia; o__Lachnospirales; f__Lachnospiraceae; g__Lachnospiraceae_NC2004_group	0.9979130402391667
1b3f7c5d8f6bf7c8fbc5c8cc624c0cd4	Unassigned	0.9716148257622977
918908f91a2ea81d0bac9ccfeafd3619	d__Bacteria; p__Bacillota; c__Clostridia; o__Oscillospirales; f__Butyricicoccaceae	0.9999823678707477
5e8c48000beca934f7d8a8eb053ef886	d__Bacteria; p__Bacillota; c__Clostridia; o__Lachnospirales; f__Lachnospiraceae; g__[Eubacterium]_oxidoreducens_group	0.996770348879585
3cecba8886fd55cbb86d5c6b83888177	d__Bacteria; p__Bacillota; c__Clostridia; o__Clostridia_vadinBB60_group; f__Incertae_Sedis; g__Incertae_Sedis	0.9868335236718191
43fd8f05287712da2395f83f79ee2355	d__Bacteria; p__Bacillota; c__Clostridia; o__Lachnospirales; f__Lachnospiraceae; g__Lachnospiraceae_UCG-004	0.9984810010258696
34a7b6378cf22242470f9c623ce36f34	d__Bacteria; p__Bacillota; c__Clostridia; o__Peptostreptococcales-Tissierellales; f__Anaerovoracaceae; g__Incertae_Sedis	0.9737607333805355
4862d36d3977a2bddb3849a8a9063118	d__Bacteria; p__Bacteroidota; c__Bacteroidia; o__Bacteroidales; f__Rikenellaceae; g__Rikenellaceae_RC9_gut_group	0.9998771461164597
35ae1ff13bccdee32799b15cc43bf345	d__Bacteria; p__Actinomycetota; c__Actinobacteria; o__Bifidobacteriales; f__Bifidobacteriaceae; g__Bifidobacterium	0.9916065085359457
730047c838babd4643eb6a02102dce40	d__Bacteria; p__Bacillota; c__Bacilli; o__Erysipelotrichales; f__Erysipelatoclostridiaceae; g__Massiliomicrobiota	0.9999223811898551
baeabae702e642afb61b764bfc292463	d__Bacteria; p__Bacillota; c__Clostridia; o__Peptococcales; f__Peptococcaceae; g__Peptococcus	0.9998630775667738
082e594a928e69cc637b2a36bafc31bc	d__Bacteria; p__Bacillota; c__Negativicutes; o__Veillonellales-Selenomonadales; f__Veillonellaceae; g__Veillonella	0.9999999630021541
2a7e8e654ab4b2bca2054d941775d336	d__Bacteria; p__Bacillota; c__Bacilli; o__Izemoplasmatales; f__Incertae_Sedis; g__Incertae_Sedis	0.9999998523197997
a5bcfc6c702981f7740883df4bc09f6e	d__Bacteria; p__Synergistota; c__Synergistia; o__Synergistales; f__Synergistaceae; g__Cloacibacillus	0.9992737851073439
0b30c2319f9a981337998e2490bccd13	d__Bacteria; p__Bacillota; c__Clostridia; o__Lachnospirales; f__Lachnospiraceae; g__[Eubacterium]_oxidoreducens_group	0.9883699811853205
a17ee773de3e321efabfd2471d827904	d__Bacteria; p__Bacteroidota; c__Bacteroidia; o__Bacteroidales; f__Tannerellaceae; g__Parabacteroides	0.9856570554276642
7f0ddd0c54e68021109ce421a366f297	d__Bacteria; p__Bacillota; c__Clostridia; o__Clostridia_vadinBB60_group; f__Incertae_Sedis; g__Incertae_Sedis	0.9826969768833012
6572cebaa7c7dbc240016820dde33306	d__Bacteria; p__Bacillota; c__Negativicutes; o__Veillonellales-Selenomonadales; f__Veillonellaceae; g__Megasphaera	0.9750967696081476
5af8a9d060b0f804ccc247dba9a04f9c	d__Bacteria; p__Bacteroidota; c__Bacteroidia; o__Bacteroidales; f__Prevotellaceae; g__Prevotellaceae_NK3B31_group	0.88157361211166
63e2fb19456d534dd0d6c7e5786e9661	d__Bacteria; p__Bacillota; c__Clostridia; o__Oscillospirales; f__Ruminococcaceae; g__Ruminococcus	0.8926066472780882
fc2a55a6e4e379861e131e5452cb40ca	d__Bacteria; p__Bacteroidota; c__Bacteroidia; o__Bacteroidales; f__Barnesiellaceae; g__Coprobacter	0.9996182008675032
21cf5e86cff8427fd9e12a77beacf1ad	d__Bacteria; p__Bacillota; c__Clostridia; o__Peptostreptococcales-Tissierellales; f__Family_XI; g__Parvimonas	0.9999994173300727
7ef6eb1d14559e9255b77a99cbbd2a82	d__Bacteria; p__Bacillota; c__Clostridia; o__Lachnospirales; f__Lachnospiraceae; g__Lachnospiraceae_NC2004_group	0.803791870723136
78a49555fdfefe32c55d5e5d41350ee1	d__Bacteria; p__Bacillota; c__Clostridia; o__Oscillospirales; f__Ruminococcaceae; g__Ruminococcus	0.9178319756390649
8a9acb40a832e6970e43d8ada5a418e8	d__Bacteria; p__Bacillota; c__Clostridia; o__Oscillospirales; f__Ruminococcaceae; g__Incertae_Sedis	0.7420921499882611
94072053660a8652ebc4c841167df204	d__Bacteria; p__Pseudomonadota; c__Gammaproteobacteria; o__Burkholderiales; f__Sutterellaceae; g__Parasutterella	0.9872009974736556
90e1230534e6f97c582058c70bf6cbe3	d__Bacteria; p__Bacillota; c__Clostridia; o__Eubacteriales; f__Anaerofustaceae; g__Anaerofustis	0.9999973132112955
ff04aa6989338e735b4f5db924424468	d__Bacteria; p__Bacillota; c__Clostridia	0.9998807400792536
2a31849b4ea3ac412292939b954954b6	Unassigned	0.6492531663857988
a25f1567fd353475fad1e56e038da4a0	d__Eukaryota	0.7031963479722992
9c6151e2169633f3310a73df3d88d97e	d__Bacteria; p__Bacillota; c__Clostridia; o__Clostridia_vadinBB60_group; f__Incertae_Sedis; g__Incertae_Sedis	0.999994556789026
327b9d047b7afa32b37a9c0abdea7b31	d__Bacteria; p__Bacillota; c__Clostridia; o__Clostridia_vadinBB60_group; f__Incertae_Sedis; g__Incertae_Sedis	0.99979655082417
de15b0bc7c6081d3cb76b8341b8f2aac	d__Bacteria; p__Pseudomonadota; c__Gammaproteobacteria; o__Burkholderiales; f__Comamonadaceae	0.9999966798533336
0073695ba8568982e634f80c5ebcafb3	d__Bacteria; p__Bacillota; c__Clostridia; o__Lachnospirales; f__Lachnospiraceae; g__CHKCI001	0.999767545378156
3c2f47293a8b975d553c8740e095b52b	d__Bacteria; p__Bacteroidota; c__Bacteroidia; o__Sphingobacteriales; f__AKYH767; g__Incertae_Sedis	0.8476279870337785
15ea68da6a9d932b9fcb11efabd19b0c	d__Bacteria; p__Bacillota; c__Clostridia; o__Clostridia_UCG-014; f__Incertae_Sedis; g__Incertae_Sedis	0.999996831375345
f03e4ad419abc5bd60fdd28e30e2c505	Unassigned	0.3843595998621081
66c74ea16a0f27f941300e2f6a63a6fd	d__Bacteria; p__Bacteroidota; c__Bacteroidia; o__Bacteroidales; f__Bacteroidaceae; g__Bacteroides	0.9981506882364579
e7e769986d0111686aabb7afb523bbaf	Unassigned	0.4200485779591284
c5855825bfd9de378e14564357c0dd88	d__Bacteria; p__Bacillota; c__Clostridia; o__Oscillospirales; f__Ruminococcaceae; g__Acutalibacter	0.8873783161815356
9292e0bcbc947a3eb712ea7aaa47068a	d__Bacteria; p__Bacillota; c__Negativicutes; o__Veillonellales-Selenomonadales; f__Veillonellaceae; g__Dialister	0.9659871140037245
2f47c17db22dc4361d0a4c2f15e6183a	d__Bacteria; p__Bacillota; c__Clostridia; o__Lachnospirales; f__Lachnospiraceae	0.9382564150027852
2d5020512c47c11a1901a8aca517d591	d__Bacteria; p__Bacteroidota; c__Bacteroidia; o__Bacteroidales; f__Porphyromonadaceae; g__Porphyromonas	0.9821133978411216
3247fb1c908ee44e25cdb1773e1b7660	d__Eukaryota	0.7131283477443946
68738afbe535f8d02cf8112bd8395f85	d__Bacteria; p__Synergistota; c__Synergistia; o__Synergistales; f__Synergistaceae; g__Jonquetella	0.9997748787489765
59d713a7d3ed7d2aad60a7048db814bd	d__Bacteria; p__Bacillota; c__Clostridia; o__Lachnospirales; f__Lachnospiraceae	0.9982352743450293
84a08cf8d06347f0981a47308bfe0891	d__Bacteria; p__Bacillota; c__Clostridia; o__Lachnospirales; f__Lachnospiraceae	0.9990914002583786
a7abffd3214012fb7df7e6266fcc794c	d__Bacteria	0.9999999996788188
3cc0014c485d7e39df86a35ec63bc436	d__Bacteria; p__Bacillota; c__Clostridia; o__Lachnospirales; f__Lachnospiraceae; g__Lachnospiraceae_UCG-004	0.831763655251001
cdf4f9ee323b702608eba1f3c3d8e79a	d__Bacteria; p__Bacillota; c__Clostridia; o__Peptostreptococcales-Tissierellales	0.9785024949912768
fcd21d2ea544945d9e4508a0464b8f40	d__Bacteria; p__Actinomycetota; c__Acidimicrobiia; o__Microtrichales; f__Incertae_Sedis; g__Incertae_Sedis	0.9747997449494544
c570886c82f0ed285d73d38ba36d6456	d__Archaea; p__Halobacteriota; c__Methanomicrobia; o__Methanomicrobiales; f__Methanocorpusculaceae; g__Methanocorpusculum	1.0
3a131c7601b9fcb43fdd6c33d8dec20f	d__Bacteria; p__Bacillota; c__Clostridia; o__Oscillospirales; f__Oscillospiraceae; g__UCG-002	0.9479121152586117
3d8147222783ec1587503c03137f6ed4	d__Bacteria; p__Bacillota; c__Bacilli; o__Lactobacillales; f__Lactobacillaceae; g__HT002	0.9466959368866684
066b1ebf990b8148a9cf6b8100b5f67e	d__Bacteria; p__Bacillota; c__Clostridia; o__Lachnospirales; f__Lachnospiraceae; g__Lachnospiraceae_NC2004_group	0.8858348051545233
49d1df583fc8b044d19bf06e182f20dd	d__Bacteria; p__Bacillota; c__Clostridia; o__Peptostreptococcales-Tissierellales	0.9987648198997106
0f23196613a5c068335e5a26c77a8bc2	d__Bacteria; p__Bacillota; c__Clostridia; o__Oscillospirales; f__Butyricicoccaceae; g__Agathobaculum	0.9997239771418843
f6d6ddb64363b4d8770266bf0f159320	Unassigned	0.7502923452017148
e9a55ec6898e7250191c79f19b9c7ab5	d__Bacteria; p__Bacillota; c__Clostridia; o__Oscillospirales; f__Ruminococcaceae	0.7177183435061767
00fef48b8c8e9f47e912ea38cccf8919	d__Bacteria; p__Bacillota; c__Clostridia; o__Oscillospirales; f__Ruminococcaceae; g__Incertae_Sedis	0.8116687645776515
0a11cee58f5514fbe71cb0807bde3be1	d__Bacteria; p__Bacteroidota; c__Bacteroidia; o__Bacteroidales; f__Prevotellaceae; g__Incertae_Sedis	0.9998363675955656
e8cd3df0d4aaf9287c0c3190f5412517	d__Bacteria; p__Bacillota; c__Clostridia; o__Lachnospirales; f__Lachnospiraceae	0.9968074023212075
c4317127b9750bb23c94730e5896de88	d__Bacteria; p__Bacillota; c__Clostridia; o__Lachnospirales; f__Lachnospiraceae	0.9790647837380577
bfed339f1f118631af34f57de4b5384a	d__Bacteria; p__Bacteroidota; c__Bacteroidia; o__Bacteroidales; f__Rikenellaceae; g__Rikenellaceae_RC9_gut_group	0.9995557943649274
656e6409493e3a7a747b7ed9b31fd80c	d__Bacteria; p__Bacillota; c__Negativicutes; o__Veillonellales-Selenomonadales; f__Veillonellaceae	0.9999664383464615
4c4c34d91a5845d71a13040be8efed89	d__Bacteria; p__Actinomycetota; c__Coriobacteriia; o__Coriobacteriales; f__Eggerthellaceae; g__Adlercreutzia	0.9987832615112108
a97a1898984abecead10dc96d4bf6dc7	d__Bacteria; p__Bacillota; c__Clostridia; o__Lachnospirales; f__Lachnospiraceae	0.9658761843717875
f23c5e2ba72a75d52071f05040bbe94f	d__Bacteria; p__Actinomycetota; c__Coriobacteriia; o__Coriobacteriales; f__Eggerthellaceae; g__CHKCI002	0.9680518073072765
abfe078340d628d285c275944bb6eaa5	d__Eukaryota	0.8801327264085305
7139bb33b45a63ec42b9601fa8081ca5	d__Bacteria; p__Bacillota; c__Clostridia; o__Peptostreptococcales-Tissierellales; f__Family_XI; g__Parvimonas	0.999999853963768
53c1b1e8663b41032407013add4b9a13	d__Bacteria; p__Bacillota; c__Bacilli; o__Lactobacillales; f__Streptococcaceae; g__Streptococcus	0.999993095727706
00c3a5936542bbe726dd6d022a669a38	d__Bacteria; p__Actinomycetota; c__Actinobacteria; o__Micrococcales; f__Microbacteriaceae; g__Rathayibacter	0.9950788826088588
e99870d0fe8cca9d1958993079b28a73	d__Bacteria; p__Actinomycetota; c__Actinobacteria; o__Actinomycetales; f__Actinomycetaceae; g__Varibaculum	0.9999999930773669
c12f9ab89486e831eec3b51ecefaa6b4	d__Bacteria	0.9999999998532243
188b2eb5fa880dab9c780a4d2a5af93b	Unassigned	0.8328033252297915
74982d43ad405eb7fc5281f59e2aea00	d__Bacteria; p__Bacillota; c__Clostridia; o__Oscillospirales; f__Oscillospiraceae; g__UCG-007	0.9303994794223114
8f21ece4ae3d29183bdfecd931d00d59	d__Bacteria; p__Bacillota; c__Clostridia; o__Lachnospirales; f__Lachnospiraceae; g__[Eubacterium]_oxidoreducens_group	0.7780490309817512
a8ab29c3460e4bd21d09a32be8d7b436	d__Bacteria; p__Bacillota; c__Clostridia; o__Oscillospirales; f__Ruminococcaceae; g__Incertae_Sedis	0.7754072113255459
604506a8c394e6750ae39c4935d3770a	d__Bacteria; p__Bacillota; c__Clostridia; o__Christensenellales; f__Christensenellaceae	0.9017460749983084
77846cfa36ed065ed0409c3ff86fbd0f	d__Bacteria; p__Bacillota; c__Clostridia; o__Lachnospirales; f__Lachnospiraceae; g__[Eubacterium]_oxidoreducens_group	0.9749349686311737
7ae5691bc094d2531d401c93df68319e	d__Bacteria; p__Bacillota; c__Clostridia; o__Christensenellales; f__Christensenellaceae; g__Incertae_Sedis	0.997673062662348
041b1d5fa0935e727043d180446ef4ca	d__Bacteria; p__Bacteroidota; c__Bacteroidia; o__Bacteroidales	0.9975966719054655
0715395cc82dca1709340a9bf552e690	d__Bacteria; p__Bacteroidota; c__Bacteroidia; o__Bacteroidales; f__Muribaculaceae; g__Incertae_Sedis	0.8973923003986761
7644db4a01589b01e9fe9a296b971c8e	d__Bacteria; p__Bacillota; c__Negativicutes; o__Veillonellales-Selenomonadales; f__Veillonellaceae; g__Dialister	0.9999428293807965
eea8921d1659c4e7ba9132cc75f0008f	d__Bacteria; p__Bacillota; c__Bacilli; o__Erysipelotrichales; f__Erysipelatoclostridiaceae; g__Erysipelotrichaceae_UCG-003	0.9999360645814991
29e58182bf28c448f41c6d158b0478ff	d__Bacteria; p__Bacillota; c__Clostridia; o__Oscillospirales; f__Ruminococcaceae; g__Candidatus_Soleaferrea	0.9983522485856359
c48c77a567d234e63cb8d098b4770167	d__Bacteria; p__Bacillota; c__Clostridia; o__Oscillospirales; f__Oscillospiraceae	0.7976254680753054
675680355e1ec457e3c788e369a9f01f	d__Bacteria; p__Bacillota; c__Clostridia; o__Peptostreptococcales-Tissierellales; f__Peptostreptococcaceae	0.9300977184035253
8d7cf5c254fdfdcdb6507dad5f823967	d__Eukaryota	0.7983745870501189
b17d460eae3cd77bcfc7faef9eea1be9	d__Bacteria; p__Pseudomonadota; c__Alphaproteobacteria; o__Rhodobacterales; f__Paracoccaceae	0.9999986933473999
0bf81f5b87eea54498ee8adacfe2c48f	d__Bacteria; p__Pseudomonadota; c__Gammaproteobacteria; o__Burkholderiales; f__Rhodocyclaceae	0.7455177611681838
628a389c9815568977a61c75e447f3a8	d__Bacteria; p__Bacillota; c__Bacilli; o__Erysipelotrichales; f__Erysipelotrichaceae; g__Holdemania	0.999999185511617
25bf1b7529c6c7f07bd99e75147be8c0	d__Bacteria; p__Bacillota; c__Clostridia; o__Christensenellales; f__Christensenellaceae; g__Christensenellaceae_R-7_group	0.8967812857400573
6523c5a171c9ef593c6d8b500f4e2a12	d__Bacteria; p__Bacillota; c__Clostridia; o__Oscillospirales	0.9984130915347801
d13636b06a30b05bfd81b227ec8fba81	d__Bacteria; p__Verrucomicrobiota; c__Lentisphaeria; o__Victivallales; f__vadinBE97; g__Incertae_Sedis	0.9999999997877183
b0154b6df3fa569b1ef94c79415de030	d__Bacteria; p__Bacillota; c__Clostridia; o__Peptostreptococcales-Tissierellales; f__Anaerovoracaceae; g__Family_XIII_UCG-001	0.9995972745798439
2138fd427a91ab2d878b0f8c7c9f76cc	d__Bacteria; p__Bacillota; c__Clostridia; o__Peptostreptococcales-Tissierellales; f__Anaerovoracaceae; g__Family_XIII_UCG-001	0.9959289715144267
15ed16a4c9448285a5a7408b8a826e32	d__Bacteria; p__Bacillota; c__Clostridia; o__Oscillospirales; f__Oscillospiraceae; g__UCG-003	0.9894088842819797
ce355d38c152dbefa4b1d2a147de9cf7	d__Bacteria; p__Bacillota; c__Clostridia; o__Lachnospirales; f__Lachnospiraceae	0.9815682163441054
a646ada3f758af2906b6b8407ec1f44a	d__Bacteria; p__Actinomycetota; c__Actinobacteria; o__Propionibacteriales; f__Propionibacteriaceae	0.9999939305984067
ea42158dfaf38937f91ab3097cd03aef	d__Bacteria; p__Bacteroidota; c__Bacteroidia	0.9678487166849523
5c167ab0ae5a86372acc1113ff7b4877	d__Bacteria; p__Bacillota; c__Clostridia; o__Peptostreptococcales-Tissierellales; f__Peptostreptococcaceae	0.9999863484386485
939f1588ad28f224529c15b20ab2f522	d__Bacteria; p__Pseudomonadota; c__Gammaproteobacteria	0.9315443335602838
56cf259bc48451a2f8451451fc527767	d__Bacteria; p__Bacillota; c__Clostridia; o__Peptostreptococcales-Tissierellales; f__Anaerovoracaceae; g__[Eubacterium]_sulci_group	0.9796337826503253
d23f5095c7f91c2d288a69af37e6a4f8	d__Bacteria; p__Bacteroidota; c__Bacteroidia; o__Bacteroidales; f__Marinifilaceae; g__Butyricimonas	0.9994451888928614
2077cbd2253cc146f4a24691e16d638b	d__Bacteria; p__Bacillota; c__Clostridia; o__Oscillospirales; f__Ruminococcaceae; g__Acutalibacter	0.9927489562354195
a8ad7e51469054c9625048d54cb255c6	d__Bacteria; p__Actinomycetota; c__Actinobacteria; o__Mycobacteriales; f__Corynebacteriaceae; g__Corynebacterium	0.9971731139936858
745d644d0a3cdf3c3c7599ee3f77e85e	d__Bacteria; p__Bacteroidota; c__Bacteroidia	0.955141464532603
a874b9a45aa226cb10b71fbac858aa92	d__Bacteria; p__Bacillota; c__Clostridia; o__Peptostreptococcales-Tissierellales; f__Anaerovoracaceae; g__Family_XIII_AD3011_group	0.9055842781056815
051a9bc847391374e42c5c15acbc023a	Unassigned	0.692704337863843
7ccc7438e04582c9f0a82852624b7a39	d__Bacteria; p__Bacillota; c__Clostridia; o__Clostridia_vadinBB60_group; f__Incertae_Sedis; g__Incertae_Sedis	0.9995524520083472
7938f581637328118c3c79aeba62d36f	d__Bacteria; p__Bacillota; c__Clostridia; o__Lachnospirales; f__Lachnospiraceae	0.9981195396437402
f67b528a19379361ad9f65feb2450db0	d__Bacteria; p__Bacillota; c__Clostridia; o__Oscillospirales; f__[Eubacterium]_coprostanoligenes_group; g__Incertae_Sedis	0.9908415743230529
6bd4896714cb9c44a1e0722c28d03c4e	d__Bacteria; p__Bacteroidota; c__Bacteroidia; o__Bacteroidales; f__Marinifilaceae; g__Odoribacter	0.9999951993503923
a4edebe7f6f47474e711a59c93d12f6c	d__Bacteria; p__Bacillota; c__Clostridia; o__Oscillospirales; f__Oscillospiraceae	0.9111247408664234
61f4726eb18fd00413b727e552acf5db	d__Bacteria	0.9999999999996428
476af76983541cd700b35c6e4a17ac47	d__Bacteria; p__Bacillota; c__Clostridia; o__Oscillospirales; f__Oscillospiraceae; g__Oscillospira	0.7184383530730176
03cce93efa66ce60d00d015027b9db4a	d__Bacteria; p__Bacteroidota; c__Bacteroidia	0.9809598579205145
55309137c110c4a365de232bf0fef354	d__Eukaryota	0.8493905424077621
32030f83b7be5364227505dccf1ad16c	Unassigned	0.63495540906365
ab9f40cfed7d60ccd7d26bb481daa057	d__Bacteria; p__Bacillota; c__Clostridia	0.9842972888975072
477f253dda18ebbec16ca0a31ddc2b65	d__Bacteria; p__Bacteroidota; c__Bacteroidia	0.9679452293390027
a5b91581f01bd73b9626e3767aace5b1	d__Bacteria; p__Bacillota; c__Bacilli; o__Staphylococcales; f__Staphylococcaceae; g__Staphylococcus	0.9765674606362149
381a0e25599a8521fa22051b7d209a5e	d__Bacteria; p__Bacillota; c__Clostridia; o__Lachnospirales; f__Lachnospiraceae; g__Lachnospiraceae_NC2004_group	0.9231814734315626
a895d1235918da770c720164e615b851	d__Bacteria; p__Bacteroidota; c__Bacteroidia; o__Bacteroidales; f__Rikenellaceae; g__SP3-e08	0.9346333844711131
99674d44a54bd06ce9cc682eacce563e	d__Bacteria; p__Bacillota; c__Clostridia; o__Oscillospirales; f__Ruminococcaceae	0.9431787228065375
8671a532a584ba46cbd7b9db5249b976	d__Bacteria; p__Bacillota; c__Clostridia; o__Lachnospirales; f__Lachnospiraceae	0.9871209349476646
a039ea75bc274ca0bd0233305e4bf85b	d__Bacteria; p__Pseudomonadota; c__Gammaproteobacteria; o__Burkholderiales; f__Sutterellaceae; g__Parasutterella	0.9897602196147242
6844d56c680704de5b3e819639ead5da	d__Bacteria; p__Bacillota; c__Clostridia; o__Oscillospirales; f__Oscillospiraceae; g__UCG-005	0.9851299694205643
2351f2fe953bfb0a79e534958c1bd1da	d__Bacteria; p__Bacillota	0.7991136645745314
241ad6e68a762a190d28a27346891bfe	d__Bacteria; p__Bacillota; c__Clostridia; o__Oscillospirales; f__UCG-010; g__Incertae_Sedis	0.9997439826822425
f5549d619af7da1c5e90d50abed87e77	d__Bacteria; p__Bacillota; c__Clostridia; o__Lachnospirales; f__Lachnospiraceae; g__Lachnospiraceae_UCG-004	0.8121257999996294
3d6ef3d76b63f30d55bd485141011dea	d__Bacteria; p__Bacillota; c__Clostridia; o__Clostridia_vadinBB60_group; f__Incertae_Sedis; g__Incertae_Sedis	0.9999340743543103
1111f4b7c68c0ba9665ea7a55472ad7d	Unassigned	0.8173125886880404
410a8d19be2a6638fb9cce703bcbe84e	d__Bacteria; p__Bacillota; c__Bacilli; o__Erysipelotrichales; f__Erysipelotrichaceae; g__Catenisphaera	0.9999995437221874
48d17a209e1f8931bf008fe2f4c486a9	d__Bacteria	0.9999999780183136
feb14e0f17d63350db08f2c66684a232	d__Bacteria; p__Bacillota; c__Clostridia; o__Lachnospirales; f__Lachnospiraceae; g__Lachnospiraceae_UCG-004	0.984793604991652
057a29742fa5a9b9a3e5cf4f3d26582f	d__Bacteria; p__Bacteroidota; c__Bacteroidia; o__Bacteroidales; f__Bacteroidaceae; g__Bacteroides	0.999746210679325
e37ec2ae2c3f615228ccf3fe836f346e	d__Bacteria; p__Actinomycetota; c__Actinobacteria; o__Micrococcales; f__Micrococcaceae; g__Pseudoglutamicibacter	0.9819997676295368
ce453ac8f995e63a62f881e20c924597	d__Bacteria; p__Bacillota; c__Clostridia; o__Oscillospirales; f__Ruminococcaceae; g__Caproiciproducens	0.8197845900966866
64b376852648d2b4f71d70ddaab69b5f	d__Bacteria; p__Bacteroidota; c__Bacteroidia; o__Bacteroidales; f__Bacteroidaceae; g__Bacteroides	0.9847577220068
70f00b3789e3fa5ee884a3cc4f5c15ec	d__Eukaryota	0.849014198960995
1e6f4c00ec67d4403fb14852e84f2655	d__Bacteria; p__Bacillota; c__Clostridia; o__Lachnospirales; f__Lachnospiraceae; g__Lachnospiraceae_UCG-010	0.8861977073760837
b17e990e501954690644a5ccb8257324	d__Bacteria; p__Bacillota; c__Clostridia; o__Oscillospirales; f__Oscillospiraceae; g__UCG-002	0.9988101445826383
bf82949142fa5dadae9b8020489327f8	d__Bacteria; p__Actinomycetota; c__Actinobacteria; o__Actinomycetales; f__Actinomycetaceae; g__Actinomyces	0.9999999991929513
aba9e7600ae10731fca49e8443f0529a	d__Bacteria; p__Bacillota; c__Clostridia; o__Oscillospirales; f__Ruminococcaceae; g__Anaerofilum	0.9999752522279423
5d8049b5a594b1ed38533dec3c65cc4a	d__Bacteria; p__Bacillota; c__Bacilli; o__Lactobacillales; f__Lactobacillaceae; g__Weissella	0.9999999991876791
6b8b93721aad48aaf03eea538798fa1a	d__Bacteria; p__Bacillota; c__Clostridia; o__Lachnospirales; f__Lachnospiraceae	0.9893902022289764
25c5dea073648a8e2fa070119c826934	d__Bacteria; p__Bacillota; c__Clostridia; o__Lachnospirales; f__Lachnospiraceae	0.9783275633768747
2d488cf2a8a09fb2b2f301f75a0138aa	d__Bacteria; p__Pseudomonadota; c__Gammaproteobacteria; o__Burkholderiales; f__Sutterellaceae; g__Sutterella	0.9962234694273625
a3f31f0320e5e6ed5eb2282b1f26a18a	d__Bacteria; p__Bacillota; c__Clostridia; o__Peptostreptococcales-Tissierellales; f__Family_XI; g__Anaerococcus	0.9999999999980673
12f4d032a4cd845522fc7323d6c61747	d__Bacteria; p__Bacillota; c__Clostridia; o__Lachnospirales; f__Lachnospiraceae	0.8932258852203652
d32417fafd68e497220b189aab041e0f	d__Bacteria; p__Bacillota; c__Clostridia; o__Peptostreptococcales-Tissierellales; f__Anaerovoracaceae	0.9999732575934281
44ae88e417add811d1b0efe433bb6bea	d__Bacteria; p__Bacillota; c__Clostridia; o__Lachnospirales; f__Lachnospiraceae	0.9111473574859159
ea2cdc5e9254da121bbd0b9ee152df63	d__Bacteria; p__Bacteroidota; c__Bacteroidia	0.8364438113886669
809e569cdc2ef1cdfe1ec4f95d4ff247	d__Bacteria; p__Bacillota; c__Clostridia; o__Oscillospirales; f__Ruminococcaceae; g__[Eubacterium]_siraeum_group	0.9999063889624981
65ec2886f46771b802dfed261529f3a4	d__Bacteria; p__Bacteroidota; c__Bacteroidia; o__Bacteroidales; f__Rikenellaceae; g__SP3-e08	0.9823195194343188
389a4cbeedf5820eee95c07c210b8f74	d__Bacteria; p__Bacillota; c__Clostridia; o__Christensenellales; f__Christensenellaceae; g__Christensenellaceae_R-7_group	0.994431592948275
890498623c90a324e43d7e540d4723b9	d__Bacteria; p__Pseudomonadota; c__Gammaproteobacteria; o__Burkholderiales; f__Neisseriaceae; g__Neisseria	0.9983432082802398
945fd050bc18a79bfb623a06bcf1c33a	d__Eukaryota	0.8923620805407544
bd401bbe1cfeb181df48450e4d3d5d4f	Unassigned	0.7587166790648485
b758a83e4203d8c8c61fd31eca896cf3	d__Bacteria; p__Bacillota; c__Clostridia; o__Peptostreptococcales-Tissierellales; f__Peptostreptococcaceae; g__Peptostreptococcus	0.9457005768965001
82bd7519ed727a0d52b950e5f1621b32	d__Eukaryota	0.7776016178356758
d9f63db9b6a1db2fe1765bd278e5570c	Unassigned	0.41297329214139045
2036d10f2ad289e07d90b44284e31a2d	d__Bacteria; p__Bacillota; c__Clostridia; o__Lachnospirales; f__Lachnospiraceae; g__[Eubacterium]_oxidoreducens_group	0.9991080848132142
08147b9e865c06ea0f7e6dbc70aa93f4	d__Bacteria	0.9999999999999878
23802664509d7d5e83f4b57d8ec70353	d__Eukaryota	0.9033142548740156
a66d995cfe2dafd505ef04ab9dbf9baa	d__Eukaryota	0.9216155848508124
6d9f3416f78e3c0340140a45de782021	d__Bacteria; p__Bacillota; c__Clostridia; o__Lachnospirales; f__Lachnospiraceae; g__Lachnospiraceae_UCG-004	0.9010187108605857
0f3eea4d63b765a83d13c8cefe4febda	d__Bacteria	0.9999999999991083
0256a2d0f79c50c8076e47bb6535c96e	d__Bacteria; p__Bacillota; c__Clostridia; o__Oscillospirales; f__Ruminococcaceae	0.959085807534498
20685079722bb5c213ae9d06aae73843	d__Bacteria; p__Bacillota; c__Clostridia; o__Lachnospirales; f__Lachnospiraceae; g__[Eubacterium]_oxidoreducens_group	0.9754111707108644
d3e8b1a1d669684c52c1d9f4553c605c	d__Bacteria; p__Bacillota; c__Clostridia; o__Lachnospirales; f__Lachnospiraceae; g__Lachnospiraceae_UCG-004	0.9820470995892362
db43a32f61b0c75abc4c2f77b14eed80	d__Bacteria; p__Bacillota; c__Clostridia; o__Lachnospirales; f__Lachnospiraceae	0.832239083260356
a9d3a69f94ac8dba9d345ac3199a1887	d__Bacteria; p__Bacillota; c__Bacilli; o__Staphylococcales; f__Staphylococcaceae; g__Staphylococcus	0.9631029337832655
60311deb44b70ba1f4816093caa3fde5	Unassigned	0.3573422485683412
76eaa2eb40dac01a49b2567b847049aa	Unassigned	0.7486250454715138
d3ab1d59fea171782a24e7b22184f31f	Unassigned	0.5163155142827629
f8e415db29c28485dd10ca4f5e095ead	d__Bacteria; p__Bacillota; c__Clostridia; o__Christensenellales; f__Christensenellaceae; g__Christensenellaceae_R-7_group	0.7801445788163319
ee6a5b21136613c729e2a46c1c540cf1	d__Bacteria; p__Bacillota; c__Clostridia; o__Oscillospirales; f__UCG-010; g__Incertae_Sedis	0.9909689228895681
fb52961128a4634dae4905e69b000435	d__Bacteria; p__Bacillota; c__Clostridia; o__Oscillospirales; f__Oscillospiraceae; g__Colidextribacter	0.7378485969971924
9f7526693f01c9af94f9cdd0018d7f6e	d__Bacteria; p__Bacillota; c__Bacilli; o__Lactobacillales; f__Carnobacteriaceae; g__Lacticigenium	0.999999255462079
35f61a75b1cdaab9c14c424d3b6c7d07	d__Bacteria; p__Pseudomonadota; c__Gammaproteobacteria; o__Enterobacterales; f__Pasteurellaceae; g__Aggregatibacter	0.9945026312482579
7428e0cbd6d9f75487391d0280f3de76	d__Bacteria; p__Bacillota; c__Clostridia; o__Oscillospirales; f__Ruminococcaceae; g__Faecalibacterium	0.8961707621707822
4c0b0b5cff63f1053bab501a3a3a9d41	d__Bacteria; p__Pseudomonadota; c__Gammaproteobacteria; o__Burkholderiales; f__Sutterellaceae; g__Sutterella	0.7327558900698082
f5c418d9c1fd96801aba500c36d724fa	d__Bacteria; p__Bacillota; c__Clostridia; o__Lachnospirales; f__Lachnospiraceae; g__Lachnospiraceae_NC2004_group	0.9866682438218879
d8b3167dcd426e090d671c850e1a93e9	d__Bacteria; p__Bacillota; c__Clostridia; o__Clostridia_UCG-014; f__Incertae_Sedis; g__Incertae_Sedis	0.9999999390512092
591fa7df3b598b418331d647f85372bb	d__Bacteria; p__Bacteroidota; c__Bacteroidia	0.9412647219392087
a18bfd0c8f03dff44d528abcfe8ae1de	d__Bacteria; p__Bacillota; c__Negativicutes; o__Acidaminococcales; f__Acidaminococcaceae; g__Phascolarctobacterium	0.9999963102661128
ef49db4b6d4206addf5297e853a9d91a	d__Bacteria; p__Bacillota; c__Clostridia; o__Oscillospirales; f__UCG-010; g__Incertae_Sedis	0.905831120083231
18262e8159f92ea4af724f39b0e4b7ef	d__Bacteria; p__Bacteroidota; c__Bacteroidia	0.9478279393947067
1574d56d5dab65b6e6c56af240ea3ab1	d__Bacteria; p__Actinomycetota; c__Coriobacteriia; o__Coriobacteriales	0.907263288357546
68e299c521621cb09ca039db52325c7c	d__Bacteria; p__Bacillota; c__Clostridia; o__Oscillospirales; f__Ruminococcaceae; g__Ruminococcus	0.9801761579761401
8a936353fce04882163b61296f6763e6	d__Bacteria; p__Chloroflexota; c__KD4-96; o__Incertae_Sedis; f__Incertae_Sedis; g__Incertae_Sedis	0.99999995059227
19bfab90a5f5c6a11d3f204cbf269cbf	d__Bacteria; p__Bacteroidota; c__Bacteroidia; o__Bacteroidales; f__Porphyromonadaceae; g__Porphyromonas	0.9965117243708767
04811178a7c25764a7322260309be98d	d__Bacteria	0.999999999749277
bcf861ac4f10fd4d7a1f26cc0180bce7	d__Bacteria; p__Bacillota; c__Clostridia; o__Oscillospirales	0.9819934507665613
11c486643ada8cb35da57e984aa96f55	d__Bacteria; p__Bacillota; c__Clostridia; o__Lachnospirales; f__Lachnospiraceae; g__Tyzzerella	0.84360145167733
0fbaa917ed3d758279f8d5d955da04c3	Unassigned	0.4726948468435883
8e2717572496c5872affc07e4b12285d	d__Bacteria; p__Actinomycetota; c__Coriobacteriia; o__Coriobacteriales; f__Eggerthellaceae; g__Eggerthella	0.9999861146136162
cca597eb9ddf4a2ab037c5c264c1523f	d__Bacteria; p__Bacteroidota; c__Bacteroidia; o__Bacteroidales	0.9994907294673016
53c48682fc2fe6cf464091ac2da01b2d	d__Bacteria; p__Actinomycetota; c__Coriobacteriia; o__Coriobacteriales; f__Atopobiaceae; g__Parolsenella	0.999999019329889
06111b672e9c820eb46ab800885f68d3	d__Bacteria; p__Bacillota; c__Clostridia; o__Oscillospirales; f__Oscillospiraceae; g__UCG-005	0.8909127275729313
122494f45421a4985be8f04f5870d509	d__Bacteria; p__Pseudomonadota; c__Gammaproteobacteria; o__Enterobacterales; f__Pasteurellaceae; g__Actinobacillus	0.9964927321825566
7c62ae8671a3945068e8c3f35b962fef	d__Bacteria; p__Bacillota; c__Clostridia; o__Oscillospirales; f__Butyricicoccaceae; g__UCG-009	0.9995975094019196
8ebcc4c9bdc91899371915ce5c63bc9a	d__Bacteria; p__Bacteroidota; c__Bacteroidia; o__Bacteroidales; f__Rikenellaceae; g__Alistipes	0.8334838053591266
04d5dfa59418e2163c5589c37bb4c13b	d__Bacteria; p__Bacillota; c__Clostridia; o__Lachnospirales; f__Lachnospiraceae	0.7539649414376501
8723d425708ab973e0e364eb70214d63	d__Bacteria; p__Pseudomonadota; c__Gammaproteobacteria; o__Burkholderiales; f__Sutterellaceae; g__Sutterella	0.7974854103999458
417fe0ef7ab1e4e3574e5e045faa648b	d__Bacteria; p__Bacillota; c__Clostridia; o__Oscillospirales; f__UCG-010; g__Incertae_Sedis	0.9978906544300772
70a5640a6b241351c79b2b925ca7722b	d__Bacteria; p__Bacillota; c__Clostridia; o__Oscillospirales; f__Ruminococcaceae; g__[Eubacterium]_siraeum_group	0.999999931106006
295a25454e9434bd5f0741de6ce7e730	d__Bacteria; p__Bacillota; c__Clostridia; o__Lachnospirales; f__Lachnospiraceae; g__Lachnospiraceae_NC2004_group	0.9893018841545597
9ab9c79676cb3cfe1cccf6b226bfcac7	d__Eukaryota	0.7734513772648706
30d5d175598857671575c45ab83c152b	d__Bacteria; p__Bacillota; c__Clostridia	0.9991407211616887
2a0d2762c6dc1453fee37d99ee83e402	d__Bacteria; p__Bacillota; c__Clostridia; o__Lachnospirales; f__Lachnospiraceae	0.9998477544249025
66fd9940307063464db4dac91d376d30	d__Bacteria; p__Bacillota; c__Clostridia; o__Lachnospirales; f__Lachnospiraceae; g__Lachnospiraceae_NC2004_group	0.7612788905120752
56e6d4df9ddbe50566db383506d5c606	Unassigned	0.4285361388664981
96d3cff2e3afcc63a153fe5ba1e4424e	d__Bacteria; p__Bacillota; c__Clostridia	0.7345024229970935
ed4b30449db849e8ef3e50adac696b03	d__Bacteria; p__Bacillota; c__Clostridia; o__Lachnospirales; f__Lachnospiraceae; g__Lachnospiraceae_NC2004_group	0.9648140990248344
2b8b36452a2d7b1ffbd1a7b1e3a8e789	d__Bacteria; p__Bacillota; c__Clostridia; o__Clostridia_UCG-014; f__Incertae_Sedis; g__Incertae_Sedis	0.955001691502898
3c1f13a88b7b27db150d5532f65fe756	d__Bacteria; p__Bacillota; c__Clostridia; o__Lachnospirales; f__Lachnospiraceae; g__Lachnospiraceae_UCG-004	0.8949502972540598
716f81f41d2d3b06903bc4db50a735a1	d__Bacteria	0.9943619474447707
28c6f8a85ec19d30a17edbd3f9dfbcb4	d__Bacteria; p__Actinomycetota; c__Coriobacteriia; o__Coriobacteriales; f__Eggerthellaceae; g__Adlercreutzia	0.9994224590768777
edbd46fc4cf6f6fd4275370e3294e2f3	d__Bacteria; p__Bacillota; c__Clostridia; o__Peptostreptococcales-Tissierellales; f__Family_XI; g__Finegoldia	0.9989466848395097
d0ca2e476f53c2d43b934de29f0d8be7	d__Bacteria; p__Bacillota; c__Bacilli; o__Erysipelotrichales; f__Erysipelatoclostridiaceae; g__Massiliomicrobiota	0.9997558595060829
81d2ec58e67b698c96a955caf71a397b	d__Bacteria; p__Actinomycetota; c__Coriobacteriia; o__Coriobacteriales; f__Coriobacteriaceae; g__Collinsella	0.780392078210984
fca98eb32f124553150ec4e03b916cf7	d__Bacteria; p__Actinomycetota; c__Actinobacteria; o__Actinomycetales; f__Actinomycetaceae; g__Schaalia	0.9999997446375104
6a07b464dbbb1d72eb403a1c859c2ba6	d__Bacteria; p__Bacillota; c__Clostridia; o__Lachnospirales; f__Lachnospiraceae	0.9999916347358684
6c71cd5ea0c0e40a6c6de1686c37cb4a	d__Bacteria	0.9999999999417706
b9118e4f41f14509faee94506a219b88	d__Bacteria; p__Bacteroidota; c__Bacteroidia; o__Bacteroidales; f__Rikenellaceae; g__SP3-e08	0.8456919407112182
b8e36aba6fca8a04553db75a8c475153	Unassigned	0.47145171609765724
c3b3196fada2f9e7840df548540c392a	d__Bacteria; p__Bacteroidota; c__Bacteroidia; o__Bacteroidales; f__Bacteroidaceae; g__Bacteroides	0.9999822423224174
9f79dfac378d6c979f49517802ec1d98	d__Bacteria; p__Bacillota; c__Clostridia	0.8798420502075024
0d07884d0d49f209d766c492dd83f950	d__Bacteria; p__Bacteroidota; c__Bacteroidia; o__Bacteroidales; f__Marinifilaceae; g__Butyricimonas	0.9999995118721953
72c6533f20c1bf023a071b363b8c5fc1	d__Bacteria; p__Bacillota; c__Clostridia; o__Peptostreptococcales-Tissierellales	0.7605892409168524
e7b1977c400525f096d76e13c727af98	d__Bacteria; p__Bacteroidota; c__Bacteroidia; o__Bacteroidales	0.7088401454347808
e42c717ff2f8295bb5f0a2988d5a2964	d__Bacteria; p__Bacillota; c__Bacilli; o__Erysipelotrichales; f__Erysipelotrichaceae; g__Holdemania	0.9999868514025951
0ce0d208b3e1323cb2d7835c8e8a12c6	d__Bacteria; p__Bacteroidota; c__Bacteroidia; o__Bacteroidales; f__Rikenellaceae; g__SP3-e08	0.9971344927277423
a41a5619a870ea01613173de18f73f74	d__Bacteria; p__Pseudomonadota; c__Alphaproteobacteria; o__Rhodospirillales; f__Incertae_Sedis; g__Incertae_Sedis	0.9999971197251922
7aaa6324e6e0f1f1c03cde1634ba7b9c	d__Bacteria; p__SAR324_clade(Marine_group_B); c__Incertae_Sedis; o__Incertae_Sedis; f__Incertae_Sedis; g__Candidatus_Nitrosoarchaeum	0.8082921675615838
595bab0d08e10065f6dce5f020f66936	d__Bacteria; p__Bacillota; c__Bacilli; o__RF39; f__Incertae_Sedis; g__Incertae_Sedis	0.9999764083096607
f78a41aa31f668065493b380ac10621c	d__Bacteria; p__Bacillota; c__Clostridia; o__Monoglobales; f__Monoglobaceae; g__Monoglobus	0.9074357037807679
073bfd54719c9042975e8ae3d7c9de58	d__Bacteria; p__Bacillota; c__Clostridia	0.7708432044186263
247d1603ddd1b1a6d4065aca3d31e11e	Unassigned	0.42564300747212025
d8e03b23b2af88cfbe5bf9976b3e43d0	Unassigned	0.3423878296846403
ae667937d919dc3fb0f5cf970eb79325	d__Eukaryota	0.8976999226620543
cb5c51c978caf662340dd5ffefa7cc2d	d__Bacteria; p__Actinomycetota; c__Coriobacteriia; o__Coriobacteriales; f__Eggerthellaceae; g__Eggerthella	0.986611771090791
1bbfe09e92b94f48ce730c2387f577d5	d__Bacteria; p__Actinomycetota; c__Actinobacteria; o__Actinomycetales; f__Actinomycetaceae; g__Schaalia	0.9999998250396243
711f1140ffcea1066bb9e32024848322	Unassigned	0.37286428482518397
964e5967e43226cda1f2109d2b9b9b9f	d__Bacteria; p__Bacillota; c__Clostridia; o__Lachnospirales; f__Lachnospiraceae; g__Lachnospiraceae_UCG-004	0.9997755922196447
bedb3e3af192b4756dd985abf7db6c2e	d__Bacteria; p__Bacteroidota; c__Bacteroidia; o__Bacteroidales; f__Prevotellaceae; g__Prevotella	0.798212553197219
adad4ba67d01556d89adb537ba852deb	d__Bacteria; p__Bacillota; c__Clostridia; o__Lachnospirales; f__Lachnospiraceae	0.9447142702368465
b5453d55746d76dcdd8b846b91f70cf7	d__Eukaryota	0.92326097668435
6b5d9fcccdb8c7326d168d37e3175d18	d__Bacteria; p__Planctomycetota; c__Planctomycetes; o__Isosphaerales; f__Isosphaeraceae	0.9999995784009247
25c86ab5a241f96739d5f4c03c4d7f86	d__Bacteria; p__Campylobacterota; c__Campylobacteria; o__Campylobacterales; f__Campylobacteraceae; g__Campylobacter	0.9999999990341593
38007bcc1445ccfc056be8fa40902e7a	d__Bacteria; p__Verrucomicrobiota; c__Verrucomicrobiia; o__Chthoniobacterales; f__Chthoniobacteraceae; g__Chthoniobacter	0.999904435357199
a284850a8018fbacf09f00493ede852a	d__Eukaryota	0.761492778984213
e96148c00a5d3876b98c6529b0f59b21	d__Bacteria; p__Bacillota; c__Clostridia; o__Oscillospirales; f__Ruminococcaceae; g__Faecalibacterium	0.942213329459765
8d47f9141163cb5aa4857edae7f2ce7c	Unassigned	0.8309592090769062
4264d4110efb2cfa68e5966af2b43e3a	Unassigned	0.5130221001421607
721845c3c34e3cb9ec4faf4398012074	d__Bacteria; p__Actinomycetota; c__Actinobacteria; o__Mycobacteriales; f__Corynebacteriaceae; g__Corynebacterium	0.9999596586115098
981b1c1a854fa1dd6c118ff67c8a9d86	d__Bacteria; p__Pseudomonadota; c__Alphaproteobacteria; o__Sphingomonadales; f__Sphingomonadaceae; g__Sphingobium	0.998289239477054
4fe3dcefc28eb6ed3f8746c861445c54	d__Bacteria; p__Bacillota; c__Clostridia; o__Oscillospirales; f__UCG-010; g__Incertae_Sedis	0.9993442304915998
0df6e3541c8161a26d373b9411dbdba1	d__Bacteria; p__Thermodesulfobacteriota; c__Desulfovibrionia; o__Desulfovibrionales; f__Desulfovibrionaceae	0.9999930967151689
88aec652623ad1ac5c49559e9f3701c3	d__Bacteria	0.9999999999136588
575b74a4b20ffabc8c7666bd922eca97	d__Bacteria; p__Bacillota; c__Bacilli; o__Izemoplasmatales; f__Incertae_Sedis; g__Incertae_Sedis	0.9999998269608746
23a14f84a6079296ea5e1246c416bf83	d__Bacteria	0.9999999999487058
a06e840d352bf4bcc99e5ca8c184b946	d__Bacteria; p__Bacillota; c__Clostridia; o__Lachnospirales; f__Lachnospiraceae	0.9322315920794733
bb831996fa6b97e929ceff6b2e7ac27d	d__Bacteria; p__Actinomycetota; c__Actinobacteria; o__Actinomycetales; f__Actinomycetaceae	0.8516987529278814
78bb80ae1901593081064d4491d175fd	d__Bacteria; p__Bacteroidota; c__Bacteroidia; o__Bacteroidales; f__Rikenellaceae; g__SP3-e08	0.988046080380232
2ee854836a0aab3b031bf016d866adea	d__Bacteria; p__Bacillota; c__Bacilli	0.9267596657065447
d5e97ea8bb78c85bc336803634f348ed	d__Bacteria; p__Bacillota; c__Clostridia; o__Clostridia_UCG-014; f__Incertae_Sedis; g__Incertae_Sedis	0.9999988708153305
0c3a8f693669f16c8c4d54272e865f46	d__Bacteria; p__Bacillota; c__Clostridia; o__Lachnospirales; f__Lachnospiraceae; g__Lachnospiraceae_NC2004_group	0.9899304640741682
8bb6ff9bc7cf284cd45f0a546e57d4a1	Unassigned	0.6116785798258799
80a6712afc7a010f45bbb33edf07221a	d__Eukaryota	0.7855908875851418
a7135f1143c00b3f5d13f1e746c3578b	d__Bacteria; p__Actinomycetota; c__Actinobacteria; o__Actinomycetales; f__Actinomycetaceae; g__Gleimia	0.9999999999812133
8213b53f72253a26356f4b6b66548f1a	d__Bacteria; p__Bacteroidota; c__Bacteroidia; o__Bacteroidales; f__Marinifilaceae; g__Odoribacter	0.9999990085709894
8b38a3796ea98d74e365c00871bd030e	d__Bacteria; p__Bacillota; c__Clostridia; o__Peptostreptococcales-Tissierellales; f__Family_XI; g__Finegoldia	0.9998693370572801
c62b49554baa70d80d0c1aa063d50579	d__Bacteria; p__Bacillota; c__Clostridia; o__Oscillospirales; f__Oscillospiraceae	0.9894046739104787
97bbaa947e711e5a830a321b60d0bd7d	d__Bacteria	0.9999999534396977
7a93e79a846f0cf5bd82b19f07a6d1e7	d__Bacteria; p__Bacillota; c__Clostridia; o__Christensenellales; f__Christensenellaceae; g__Christensenella	0.9997285561367459
15ac559b2e1a99579848f6ecf414efb5	d__Bacteria; p__Bacillota; c__Clostridia; o__Peptostreptococcales-Tissierellales; f__Anaerovoracaceae	0.9924032060070144
ba995b95132595bc106f732067f961fb	d__Bacteria; p__Bacteroidota; c__Bacteroidia; o__Bacteroidales; f__Rikenellaceae; g__SP3-e08	0.9834401372031404
d2e4bf9ec67cd75c32eda338a2773052	d__Eukaryota	0.8277541219851972
3c97702d85358c2186cbb905b2a2d8f6	d__Eukaryota	0.7370159034953799
39ea7ba5a38b45254b5d5848bbc755f2	d__Bacteria; p__Actinomycetota; c__Coriobacteriia; o__Coriobacteriales; f__Coriobacteriales_Incertae_Sedis; g__Incertae_Sedis	0.9773815798748078
28ba529a6e38d49dd6ddfd3a9d532738	d__Bacteria; p__Bacillota; c__Bacilli; o__Lactobacillales; f__Streptococcaceae; g__Streptococcus	0.9996013121479074
92786fee9bdc468d65d7ab5cfb6426f3	d__Bacteria; p__Pseudomonadota; c__Gammaproteobacteria; o__Enterobacterales; f__Pasteurellaceae; g__Haemophilus	0.9998229387306548
7a657a888302544fcfc71fc7a3b91df1	d__Bacteria; p__Bacillota; c__Bacilli; o__Erysipelotrichales; f__Erysipelotrichaceae; g__Holdemanella	0.9999891811778987
f307d55e9a308b1dbe675a548d7f59e7	d__Bacteria; p__Thermodesulfobacteriota; c__Desulfovibrionia; o__Desulfovibrionales; f__Desulfovibrionaceae; g__Cupidesulfovibrio	0.9857597371072162
8841311bd590ddd48a45f48602220601	d__Bacteria; p__Bacteroidota; c__Bacteroidia	0.9878546585335377
1a407d29b78131342b9d21f6f440df91	d__Bacteria; p__Actinomycetota; c__Coriobacteriia; o__Coriobacteriales; f__Coriobacteriaceae; g__Collinsella	0.9468752527195178
3b5a4bf6f379013f70ff731fd8620d31	d__Bacteria	0.9999893445878127
547c1385a40380d46e632070bba39039	d__Bacteria; p__Bacillota; c__Clostridia; o__Oscillospirales; f__Butyricicoccaceae; g__Agathobaculum	0.9941493425987753
dc11e1188e84f21d3e0f7cfb31a013df	d__Bacteria; p__Bacillota; c__Clostridia; o__Oscillospirales; f__Oscillospiraceae	0.9998744019699605
694a186662f4ccf8295ae5e25e8fa348	d__Bacteria; p__Bacillota; c__Clostridia	0.9998739490989558
da42fb1c3cc3893319cade34f23531e1	d__Bacteria; p__Bacillota; c__Clostridia; o__Oscillospirales; f__UCG-010; g__Incertae_Sedis	0.9999916719413915
bbf305664c1876fd128919fc7768777a	d__Bacteria; p__Bacillota; c__Clostridia	0.9999399055626796
e14ab308d97e93d2318fbbc39c082621	d__Bacteria; p__Bacillota; c__Clostridia; o__Oscillospirales; f__[Eubacterium]_coprostanoligenes_group; g__Incertae_Sedis	0.9991009914026172
2f96634ea5c5d38945f4ce1766aa8bf0	d__Bacteria; p__Bacillota; c__Clostridia; o__Oscillospirales; f__UCG-011; g__Incertae_Sedis	0.7168245616952161
a5cbb51b4f95a018d887e51af9aeee1b	d__Bacteria; p__Bacillota; c__Clostridia; o__Monoglobales; f__Monoglobaceae; g__Monoglobus	0.999966803440521
6dc84c280f7ff1a65e9ed7ff033ae15e	d__Bacteria; p__Bacillota; c__Clostridia	0.9247607659325697
8c9cb8e51e3755d5bff633e8995e1187	Unassigned	0.3511326557236848
93aeb4871a6e95abb17fca8301d66cd4	d__Eukaryota	0.7737200273774671
a422ee0de823656837b66b0c3cd1e8ce	d__Bacteria; p__Bacillota; c__Clostridia	0.9420077849136493
c1b28a4ae7eb81ac35c533c52e4b9c9a	d__Bacteria; p__Bacteroidota; c__Bacteroidia; o__Bacteroidales; f__Prevotellaceae; g__Prevotellaceae_UCG-001	0.998942713800923
839b78adca85e9ade7f9136ff6a52838	d__Eukaryota	0.7858753770090017
63f625d37a1f6df25e27006b71c825d5	d__Eukaryota	0.8134379978024351
eb7f4fbb29b34ad3f9c5641a38a03a9f	d__Bacteria; p__Bacillota; c__Bacilli; o__Lactobacillales; f__Lactobacillaceae; g__Lactobacillus	0.9999913383056014
ae1a232e180e6b16085a3897d9982ceb	d__Bacteria; p__Pseudomonadota; c__Gammaproteobacteria; o__Enterobacterales; f__Pasteurellaceae; g__Aggregatibacter	0.8678574080534801
a1d53d8a3ada9488762a43a973be92fd	d__Bacteria; p__Bacillota; c__Clostridia; o__Peptococcales; f__Peptococcaceae; g__Incertae_Sedis	0.9997408440866687
42e94a293c7c098195a6cc86a880d4b6	d__Bacteria; p__Bacillota; c__Bacilli; o__RF39; f__Incertae_Sedis; g__Incertae_Sedis	0.9999999954890342
9e9ae844515250bd23ce1fc5666b48a4	d__Bacteria; p__Bacillota; c__Clostridia; o__Lachnospirales; f__Lachnospiraceae; g__Lachnospiraceae_UCG-004	0.9520121582766727
d1448a25c16a28d5d1efae88469ae717	d__Bacteria; p__Bacillota; c__Clostridia; o__Eubacteriales; f__Anaerofustaceae; g__Anaerofustis	0.9999864652172404
0e4512c5dd10058a5ab0b9aa45eb6ca4	d__Bacteria; p__Bacillota; c__Clostridia; o__Lachnospirales; f__Lachnospiraceae; g__Lachnospiraceae_NC2004_group	0.8877349992699904
25a9728a9e082cddb020b7909653378d	Unassigned	0.7387180181376976
4e1e4fa436af73319922b3e57b509dcb	d__Bacteria; p__Bacillota; c__Clostridia; o__Oscillospirales; f__Oscillospiraceae	0.8081155195545631
1060867d2772d1531913ea089317d669	d__Bacteria; p__Bacillota; c__Bacilli; o__Lactobacillales; f__Enterococcaceae; g__Enterococcus	0.9886767698444102
8c41b69a62758f9bb66eb9db8bb080d9	d__Bacteria; p__Bacteroidota; c__Bacteroidia	0.9474400175670603
07d924cb8442ac124682f55cd50626d4	d__Bacteria; p__Pseudomonadota; c__Alphaproteobacteria; o__Caulobacterales; f__Caulobacteraceae; g__Brevundimonas	0.8001758826870519
69a3dcea3ecdedc2d83a502d522f0292	d__Bacteria; p__Bacillota; c__Clostridia; o__Monoglobales; f__Monoglobaceae; g__Monoglobus	0.9999998838138208
27f4942248849c8a0ce959b80e090e02	d__Bacteria; p__Pseudomonadota; c__Gammaproteobacteria; o__Pseudomonadales; f__Moraxellaceae; g__Acinetobacter	0.9999668201807359
894cfc16a5bb72241a797cabaf334d9e	d__Bacteria; p__Actinomycetota; c__Actinobacteria; o__Micrococcales; f__Dermacoccaceae; g__Allobranchiibius	0.9992641275228726
514716b39409fbc9b31ec70a836ed7f7	d__Bacteria; p__Bacillota; c__Clostridia; o__Lachnospirales; f__Lachnospiraceae; g__Lachnospiraceae_UCG-008	0.7661588555796858
c6f2cce00bec82c789317f5923e3e422	d__Bacteria; p__Bacillota; c__Clostridia; o__Lachnospirales; f__Lachnospiraceae; g__Lachnospiraceae_UCG-004	0.8670266757014637
1f1203911d4165a231ac3bf83257f5e7	d__Bacteria; p__Bacillota; c__Clostridia; o__Lachnospirales; f__Lachnospiraceae; g__Lachnospiraceae_NC2004_group	0.9842534070577224
602001b300019a3237dc3cfd17b17642	d__Bacteria; p__Bacillota; c__Clostridia	0.9091087900881751
8734b695c422af0712184394975e0483	Unassigned	0.3535435671401538
c38b4cedc965835e19225624f09d839c	d__Eukaryota	0.7414127609501358
84715c60c562acd47e94af68d95d3851	d__Eukaryota	0.8862244646346731
74b3f8687ef1f4559073c3154bff2845	d__Eukaryota	0.8293821884565329
e671cb8f7524e5882e5720b9594998d3	d__Bacteria; p__Bacillota; c__Clostridia; o__Lachnospirales; f__Lachnospiraceae	0.9010920975279394
30415dc173824e0fadc86fe2e8db1a7d	d__Bacteria; p__Actinomycetota; c__Actinobacteria; o__Micrococcales; f__Microbacteriaceae; g__Pseudoclavibacter	0.9099357189007099
74044c7b1a769d6368e38f6b3a5501c4	d__Bacteria; p__Bacillota; c__Clostridia; o__Peptostreptococcales-Tissierellales; f__Family_XI; g__Peptoniphilus	0.987531987207411
5aac0e40f067269d68a6dee79f821273	d__Bacteria; p__Bacillota; c__Clostridia; o__Oscillospirales; f__Butyricicoccaceae; g__Agathobaculum	0.8826228931209706
0a7fb8625b0e0808305232bb39f52589	d__Bacteria; p__Cyanobacteriota; c__Cyanobacteriia; o__Chloroplast; f__Incertae_Sedis; g__Incertae_Sedis	0.9999920407919078
8c726501a67832681c69e3ac2e063133	d__Eukaryota	0.8403628258268431
52d6996a36dbb1f62aac42e696d937cb	d__Eukaryota	0.9438005180267395
562fe93dd2c6654a6d166b487b2b77dc	d__Bacteria; p__Bacillota; c__Clostridia; o__Oscillospirales; f__Oscillospiraceae; g__Incertae_Sedis	0.7076346048412301
3caf82f8375c05c93a325ed7fe191393	d__Bacteria; p__Bacillota; c__Clostridia; o__Oscillospirales	0.7701827877439282
9ab659a9b68a98733e93b689eff41e67	d__Eukaryota	0.8619302310861198
4d498dcd8f928315ac02f5fae3e81bd4	d__Bacteria; p__Actinomycetota; c__Actinobacteria; o__Micrococcales; f__Microbacteriaceae; g__Leifsonia	0.8031838042771117
badc325585df12667ad2236d4eb67dfc	d__Bacteria; p__Actinomycetota; c__Actinobacteria; o__Actinomycetales; f__Actinomycetaceae; g__Schaalia	0.9999999658212039
b5b8bdfc28c1992f5bc7099642b6e4f8	d__Bacteria; p__Bacillota; c__Clostridia	0.9888796201509356
bc5e82cffc6ef60e242cebf12a18c056	d__Bacteria; p__Bacillota; c__Clostridia; o__Lachnospirales; f__Lachnospiraceae; g__Epulopiscium	0.7776292753501712
248db45022d834676066c54d464f9601	d__Bacteria; p__Bacteroidota; c__Bacteroidia; o__Bacteroidales; f__Rikenellaceae; g__Alistipes	0.9974283412099977
2d7fc1bcf07c33338677639a90b37918	d__Bacteria; p__Bacillota; c__Clostridia; o__Peptostreptococcales-Tissierellales; f__Family_XI; g__Finegoldia	0.9999999998259597
cba5d6ec42ac9faccaf50960098a3989	d__Bacteria; p__Actinomycetota; c__Coriobacteriia; o__Coriobacteriales; f__Eggerthellaceae; g__Slackia	0.9973873619022118
6db058bab9e42bfdab14d1d55c162466	d__Bacteria; p__Pseudomonadota; c__Gammaproteobacteria; o__Enterobacterales; f__Pasteurellaceae; g__Haemophilus	0.9997358060144803
1866a0ad02b75aff3640a25de160dd39	d__Bacteria; p__Bacillota; c__Clostridia; o__Lachnospirales; f__Lachnospiraceae; g__Lachnospiraceae_UCG-004	0.9836401559120169
df89e5d90b69f5c97229b9119c3a183f	d__Bacteria; p__Bacillota; c__Clostridia	0.999730451839583
2f9ad9a307b5d14179453b1ec0bd73b4	d__Bacteria; p__Bacillota; c__Clostridia; o__Lachnospirales; f__Lachnospiraceae	0.9725461467670359
794042845f263e6b15297ef7d2137d4b	d__Bacteria; p__Bacillota; c__Clostridia; o__Peptococcales; f__Peptococcaceae; g__Peptococcus	0.9999803861643627
0bc08f0758226208d91f7ab0aae34e19	d__Bacteria; p__Fusobacteriota; c__Fusobacteriia; o__Fusobacteriales; f__Fusobacteriaceae; g__Fusobacterium	0.9999755275608248
8afe5eb1fad716ed037e574a4227d2be	d__Bacteria; p__Bacteroidota; c__Bacteroidia; o__Bacteroidales	0.7166236353785553
084a1e67439ade69bf55df40c85301f3	d__Bacteria; p__Bacillota; c__Clostridia; o__Lachnospirales; f__Lachnospiraceae	0.9980222483179821
d2b7217652240f2e6cae2c13bd937e63	d__Bacteria; p__Bacillota; c__Clostridia	0.8349558264634123
5d33f7a144ffab1126cc6035bab668f7	d__Bacteria; p__Bacillota; c__Clostridia; o__Oscillospirales; f__Ruminococcaceae; g__Acutalibacter	0.967131359191226
a0ebdf19edd8afca0fcc48ee9abd9833	d__Bacteria; p__Bacillota; c__Clostridia; o__Oscillospirales; f__Oscillospiraceae	0.8837165464886583
7f6e5f2b330398a894d38f6b7e8f7afb	d__Bacteria; p__Bacillota; c__Clostridia; o__Peptostreptococcales-Tissierellales; f__Family_XI; g__Anaerococcus	0.9964175890527679
6df9f03287770456fec3c024b710dccf	d__Eukaryota	0.8942434418140068
08e9390f0d25dde0579eb76d42d65b1c	Unassigned	0.3575608816220107
d282f3eae468a35c4188bd3901ee55a9	d__Bacteria	0.9999999997416437
9dbb65cc2bd9e8ea8324f6964263461f	d__Bacteria; p__Bacillota; c__Clostridia	0.9999983602391818
a3ba00cb209929540806f30f7134ea43	d__Bacteria; p__Bacillota; c__Clostridia; o__Oscillospirales; f__Ruminococcaceae; g__Faecalibacterium	0.9982607552225713
2caf9cab795372902134d9192705c5cb	d__Bacteria; p__Actinomycetota; c__Actinobacteria; o__Micrococcales	0.7268694793192443
7b492dd82f417881ce5f2b9992bd9d13	d__Bacteria; p__Bacillota; c__Clostridia; o__Oscillospirales; f__Ruminococcaceae	0.7792307783768293
6d883989651af4d754585659fb8f81b0	d__Bacteria; p__Bacillota; c__Bacilli; o__Lactobacillales; f__P5D1-392; g__Incertae_Sedis	0.9592185454460433
21d3baec75e8b477ed23c435d45689f9	d__Bacteria; p__Bacteroidota; c__Bacteroidia	0.9558218701757294
6c58dae31e2670599b48100bf7eb7879	d__Bacteria; p__Actinomycetota; c__Coriobacteriia; o__Coriobacteriales; f__Atopobiaceae; g__Tractidigestivibacter	0.9998622697550625
d31fa95de65e7b86e6debfa2d532b3d2	Unassigned	0.6127327071561299
174ff23aec38d99e0cdb2d825130bda8	d__Bacteria; p__Pseudomonadota; c__Alphaproteobacteria; o__Hyphomicrobiales; f__Rhizobiaceae; g__Rhizobium	0.8880621788324948
159109173f5de5e6cca5c1b58211e0d7	d__Eukaryota	0.8024309898824584
19f2d34f29dcac68d15d64acee26ada8	d__Eukaryota	0.751726035129776
52a4a7d28c61d64da1e1570bef463246	d__Eukaryota	0.8667572616996735
56b2478fdd072accaf8080c2c9c318f5	d__Eukaryota	0.9131986557001941
3e268d6e705b856ec52b1bf5536f00ee	d__Bacteria; p__Bacteroidota; c__Bacteroidia	0.9421789154098272
c8c4c5f6e8c591e4dbb1064424199167	d__Bacteria; p__Bacillota; c__Clostridia	0.9654834440527533
ef4d7a6be3fd9fa94d541a3a1d806c3e	d__Bacteria; p__Bacteroidota; c__Bacteroidia; o__Bacteroidales; f__Marinifilaceae; g__Gabonibacter	0.9999999999323421
17c75cc1048d262008ecbb9914c507b9	d__Bacteria; p__Bacillota; c__Clostridia; o__Peptostreptococcales-Tissierellales; f__Family_XI; g__Peptoniphilus	0.9822332444411297
219c7af1f2fcbeae8009aad121f39ea6	d__Bacteria; p__Bacillota; c__Clostridia; o__Peptostreptococcales-Tissierellales; f__Anaerovoracaceae; g__[Eubacterium]_brachy_group	0.9624767913213262
7e20e90beee568a9912c09d9c4706f96	Unassigned	0.6340693676905468
50fa8cd32eef1bb4ac73f18e19cdd2da	Unassigned	0.692492258196153
d69396e1ebdcf26804694e8f6db0147a	d__Bacteria; p__Bacillota; c__Bacilli; o__Lactobacillales; f__Carnobacteriaceae; g__Atopostipes	0.9999969147248311
d10c79ad75025e301594080bf81d1a3b	d__Bacteria; p__Fusobacteriota; c__Fusobacteriia; o__Fusobacteriales; f__Leptotrichiaceae; g__Leptotrichia	0.9995712811399018
4d76779ad29c2b5caaaa7ef3290b47d8	d__Bacteria; p__Bacillota; c__Clostridia; o__Oscillospirales; f__Butyricicoccaceae; g__UCG-009	0.9995760045922442
ccfb209b05e4adb84606b433a1b83d80	d__Eukaryota	0.8604725597903924
4f1d7d1877be60138aad7e7311f06592	d__Bacteria; p__Bacillota; c__Bacilli; o__Lactobacillales; f__Lactobacillaceae; g__Lacticaseibacillus	0.9999997830728753
9ad09adde07948f9669a44c411ae432e	d__Bacteria; p__Actinomycetota; c__Coriobacteriia; o__Coriobacteriales; f__Atopobiaceae	0.718966349205336
524c4cbfee9079c8f9cdc134256183d1	d__Bacteria; p__Bacteroidota; c__Bacteroidia; o__Flavobacteriales; f__Weeksellaceae; g__Cloacibacterium	0.9996673951194717
895d9e51cf87d264a05e4c0249123c89	d__Bacteria; p__Bacillota; c__Bacilli; o__Lactobacillales; f__Lactobacillaceae; g__Limosilactobacillus	0.9960541340248924
a82282abe790b01d7b6b44bf383cf2bd	d__Bacteria; p__Bacteroidota; c__Bacteroidia; o__Bacteroidales	0.7210427968417065
27b99cd1fd5feb499b76c6ea4de4cf42	d__Bacteria	0.9756601540238917
272a44e93d0c41930ded7c56b9f5fec0	d__Bacteria; p__Bacillota; c__Clostridia; o__Oscillospirales; f__Ruminococcaceae; g__Ruminococcus	0.974774020957561
688217baafbb0ecbf799855c288f13d4	d__Bacteria; p__Bacillota; c__Clostridia; o__Peptococcales; f__Peptococcaceae; g__Incertae_Sedis	0.9988927537182296
196ef44f94217c99d59e52e2fe73f969	d__Bacteria	0.9550758182416779
5f0597487649ba84b18ad9fdab93ce02	d__Bacteria; p__Bacillota; c__Clostridia	0.8438698897471508
5996edbb14b7dbca1af0ded66ec9926b	d__Bacteria; p__Bacteroidota; c__Bacteroidia; o__Bacteroidales; f__Rikenellaceae; g__SP3-e08	0.9924479978136365
fec0bb2968d813570bd69147c75660c3	d__Bacteria; p__Bacillota; c__Clostridia; o__Peptostreptococcales-Tissierellales; f__Anaerovoracaceae; g__Incertae_Sedis	0.8293889705260872
efab922202cbf5a755997cf6469c22cd	d__Bacteria; p__Bacillota; c__Clostridia; o__Oscillospirales; f__[Eubacterium]_coprostanoligenes_group; g__Incertae_Sedis	0.8427498819987448
2ab77d6725d53be004d99e444c8c4d02	d__Bacteria; p__Bacillota; c__Clostridia; o__Lachnospirales; f__Lachnospiraceae; g__Lachnospiraceae_UCG-004	0.7999786126159444
5353e3e3d5db244682bd589501b8bef2	d__Bacteria; p__Bacillota; c__Clostridia; o__Lachnospirales; f__Lachnospiraceae	0.9825475772630066
b9e9d712e37ad4286443fecdb22a2a0b	d__Bacteria; p__Actinomycetota; c__Actinobacteria; o__Micrococcales	0.9121793935112723
acd380e1a39252d11a3210625291868e	d__Bacteria; p__Armatimonadota; c__Armatimonadia; o__Armatimonadales; f__Armatimonadaceae; g__Incertae_Sedis	0.999999910980041
f3a72f4f27a9ff78cff0a07947a3df1e	d__Bacteria; p__Bacillota; c__Clostridia	0.999507831509939
9b88f0869d28acc13ebaed2fb098281c	d__Bacteria	0.9999999208784014
08ad774ce430783a684624e1ef6c1f5f	d__Bacteria; p__Bacillota; c__Clostridia; o__Oscillospirales; f__Ruminococcaceae; g__[Eubacterium]_siraeum_group	0.9976521223533853
44aa63106cc91f1cfdb5e46a9adfd9dd	d__Bacteria; p__Bacillota; c__Clostridia; o__Monoglobales; f__Monoglobaceae; g__Monoglobus	0.9750334264992251
3ddd1ade6aa91b6dae7707acc1c6bc7f	d__Bacteria; p__Bacillota; c__Clostridia	0.9759441427665219
9e71e4a1d991d9a620b5c7a613200869	d__Bacteria; p__Bacillota; c__Bacilli; o__Erysipelotrichales; f__Erysipelotrichaceae; g__Erysipelotrichaceae_UCG-006	0.9986637159162429
ea623b8580c56b6b7ca537c25212f433	d__Bacteria; p__Pseudomonadota; c__Gammaproteobacteria; o__Burkholderiales	0.7493128587504777
1018b5cf691f072362ffc4a27244f8b1	d__Bacteria; p__Acidobacteriota; c__Blastocatellia; o__Elev-16S-573; f__Incertae_Sedis; g__Incertae_Sedis	0.8680440495438455
7da4dfee395768465de39e37676c511f	d__Bacteria; p__Bacillota; c__Bacilli	0.9999073420041691
0a5be4ef252021bfd6944522a227708f	d__Bacteria; p__Bacillota; c__Clostridia; o__Oscillospirales; f__UCG-011; g__Incertae_Sedis	0.7800580436126018
7b8b1fd04a24d8bb17d115ca1a1c1663	d__Bacteria; p__Bacillota; c__Clostridia; o__Clostridia_vadinBB60_group; f__Incertae_Sedis; g__Incertae_Sedis	0.9999958574116449
129d3ff140b72a4ce16a9518a8492ea1	d__Bacteria	0.9999992491428991
3947f7d46571324aaee9409111c657b0	d__Bacteria; p__Actinomycetota; c__Actinobacteria; o__Bifidobacteriales; f__Bifidobacteriaceae	0.863503396880028
0dce35065eee2a9ed85fb3882d2bcbea	d__Bacteria; p__Bacillota; c__Clostridia; o__Oscillospirales; f__UCG-010; g__Incertae_Sedis	0.9997547246011429
c0eb95f775db2d327fbebf828c382aa8	d__Bacteria; p__Bacillota; c__Clostridia; o__Lachnospirales; f__Lachnospiraceae	0.7555407198280784
5442c5dfcbc5b5f797756e240711258f	d__Bacteria; p__Bacillota; c__Negativicutes; o__Veillonellales-Selenomonadales; f__Veillonellaceae; g__Veillonella	0.9894156469857999
b9c03ef2865f1d4ead619a8dcb830f50	d__Bacteria; p__Bacillota; c__Clostridia; o__Oscillospirales; f__[Eubacterium]_coprostanoligenes_group; g__Incertae_Sedis	0.9731608227292415
93f9a18cec8f65dedc5aa61637548f8e	d__Bacteria; p__Pseudomonadota; c__Gammaproteobacteria; o__Enterobacterales; f__Enterobacteriaceae; g__Buttiauxella	0.998888910213424
789973d12d89b1a36706007b13e10d02	Unassigned	0.7889270714027269
d41e6571563951be0f2f9251d8f8777d	d__Bacteria; p__Bacteroidota; c__Bacteroidia; o__Bacteroidales; f__Tannerellaceae; g__Parabacteroides	0.9864498884087568
f8bd3a24dbaca9f2be15af800b55a94e	d__Eukaryota	0.9055858444692633
bba33155c47ed8cbe8b12f482f5183a6	d__Bacteria; p__Bacillota; c__Clostridia; o__Lachnospirales; f__Lachnospiraceae; g__Lachnospiraceae_NC2004_group	0.8067489769339252
018be5d3ab902c057c0f681c300cbeef	d__Bacteria; p__Bacillota; c__Bacilli; o__RF39; f__Incertae_Sedis; g__Incertae_Sedis	0.9999999999836149
eb73565ff59c0dc0fe8f1a3bdc2849d6	d__Bacteria; p__Bacillota; c__Clostridia	0.778425419163423
e46f478ecc72cacaa68fc5c5a0afccde	d__Bacteria; p__Bacillota; c__Bacilli; o__Lactobacillales; f__Lactobacillaceae; g__Leuconostoc	0.9999933736958139
d879435a4654f1ddbd2c4f0410c4c132	d__Bacteria; p__Bacillota; c__Clostridia; o__Oscillospirales; f__[Eubacterium]_coprostanoligenes_group; g__Incertae_Sedis	0.997826216541835
1b8b4a45e5c46c8bc1f037c4dd0c29f7	d__Bacteria; p__Pseudomonadota; c__Gammaproteobacteria; o__Burkholderiales; f__Sutterellaceae; g__Sutterella	0.770644483988107
3de1b2e0da17448004011b4ede5e2e7b	d__Bacteria; p__Bacillota; c__Clostridia; o__Lachnospirales; f__Lachnospiraceae	0.9995900449808585
d0609a1a2b79d09b19e8ad64114404fb	d__Bacteria; p__Bacteroidota; c__Bacteroidia; o__Bacteroidales	0.8177277957807383
86e4ccf85cf45882b5e969409fe97db0	d__Bacteria; p__Bacillota; c__Clostridia; o__Oscillospirales; f__Butyricicoccaceae; g__UCG-008	0.8970870556917074
08cbdaa4c462a2181b9f5e2f936ec2c1	d__Bacteria; p__Bacillota; c__Clostridia; o__Lachnospirales; f__Lachnospiraceae; g__Lachnospiraceae_UCG-004	0.977693148763807
e1d7feba8af2cf51adb74c4819b3dd7b	d__Bacteria; p__Pseudomonadota; c__Gammaproteobacteria; o__Burkholderiales; f__Sutterellaceae; g__Parasutterella	0.9844085490751486
e82c950d344fb692af0981f439ba773b	d__Bacteria; p__Bacteroidota; c__Bacteroidia	0.9488393672022359
4b0135a9a475b7abd04bd833440c8d6e	d__Bacteria; p__Bacillota; c__Clostridia; o__Oscillospirales; f__UCG-010; g__Incertae_Sedis	0.9996667765120669
a5711159b3538b77669248126c79eeb2	Unassigned	0.5456374410545966
851f2aedc94220ede399363e3ef22ec8	Unassigned	0.3705631989772388
8a80b5c1ab668359d3d426b02add7444	d__Bacteria; p__Actinomycetota; c__Actinobacteria; o__Kitasatosporales; f__Streptomycetaceae; g__E1B-B3-114	0.8465456305601311
f1f88997668a167ab985848ffe09ead2	d__Bacteria; p__Bacillota; c__Clostridia; o__Oscillospirales; f__Oscillospiraceae; g__Colidextribacter	0.7917963812394826
6cc87f77d92b025f7d779d51ba26038e	d__Bacteria; p__Bacillota; c__Clostridia; o__Oscillospirales; f__Ruminococcaceae; g__Acutalibacter	0.9982347556539741
dd4c6b80c7797b43e098d869f2904722	d__Bacteria; p__Bacillota; c__Clostridia; o__Oscillospirales; f__Oscillospiraceae	0.9925033829915579
8b441a700348aa91a61aa8f48ab451ba	d__Bacteria; p__Pseudomonadota; c__Gammaproteobacteria; o__Burkholderiales; f__Sutterellaceae; g__Sutterella	0.9999934324634069
7042980d48f0cec6d8f31bdce8885548	d__Bacteria; p__Bacillota; c__Clostridia; o__Lachnospirales; f__Lachnospiraceae	0.9642269895670937
273eeaba677808b4cc1373fc57968045	d__Bacteria; p__Actinomycetota; c__Coriobacteriia; o__Coriobacteriales; f__Eggerthellaceae; g__CHKCI002	0.7705097236920492
660d02b4593b73b68090024bb9166da5	d__Bacteria; p__Bacillota; c__Clostridia; o__Lachnospirales; f__Lachnospiraceae	0.999754470796472
fa8c94d2e4aa449b0bcb70b81cdb3246	d__Bacteria; p__Bacillota; c__Clostridia; o__Clostridia_UCG-014; f__Incertae_Sedis; g__Incertae_Sedis	0.9999999999991189
7e33e0c0b7e44ffaf642439c9048f589	d__Bacteria	0.9999999999781922
63a933e36f383dfd4a84a09603a2d127	d__Bacteria; p__Bacillota; c__Clostridia; o__Clostridia_UCG-014; f__Incertae_Sedis; g__Incertae_Sedis	0.9999999999779732
3c509c54824cdebdf5036044f11ed541	d__Bacteria; p__Bacillota; c__Clostridia; o__Oscillospirales; f__Ruminococcaceae; g__Faecalibacterium	0.7868068242232374
0d2324324c7abc075c45d31b724d9048	d__Bacteria; p__Pseudomonadota; c__Alphaproteobacteria; o__Rhodospirillales; f__Incertae_Sedis; g__Incertae_Sedis	0.7556028689215073
297774f4bb19a8ddaa26aa6499a6ca6a	Unassigned	0.345428700535513
fcf69d600550c1cb24d0b94b39883571	d__Bacteria; p__Bacillota; c__Clostridia; o__Oscillospirales; f__Ruminococcaceae; g__Anaerotruncus	0.9514160869289189
f9d0d91a1178eeb03a7296e1b315918c	d__Bacteria; p__Bacteroidota; c__Bacteroidia; o__Bacteroidales; f__Marinifilaceae; g__Butyricimonas	0.9998071891655513
16c8ededeb3a2878735a9cfd282136fe	d__Bacteria; p__Bacillota; c__Clostridia; o__Lachnospirales; f__Lachnospiraceae; g__[Eubacterium]_oxidoreducens_group	0.7592041078163876
c7be58071ab987715bddf074a970b071	d__Bacteria; p__Bacillota; c__Clostridia; o__Lachnospirales; f__Lachnospiraceae	0.963755749200663
bdcd3c82687ca39a0b5030ba4f12f034	d__Bacteria	0.9999999998458214
4fe87748fec20f268932b1c126c389b6	d__Bacteria; p__Bacillota; c__Clostridia; o__Oscillospirales; f__Ruminococcaceae	0.9739833674560785
7cf528b3a4b1f91f1cc974bd9847c5db	Unassigned	0.42111534042639764
0221f7bf0381f90f7e762cf1efea35d4	d__Bacteria; p__Bacillota; c__Clostridia; o__Oscillospirales; f__Ruminococcaceae; g__Ruminococcus	0.9544076245285943
f4226377e5bfd169b1e8ba3fb97cd20b	d__Bacteria; p__Bacillota; c__Clostridia; o__Clostridia_UCG-014; f__Incertae_Sedis; g__Incertae_Sedis	0.9999999999828759
d2df32fd4c1eb7d105a590cd1d2f2b44	d__Eukaryota	0.9264738276094155
ce94db949d79fc0cf765f7245756064c	d__Bacteria; p__Bacillota; c__Clostridia; o__Lachnospirales; f__Defluviitaleaceae; g__Defluviitaleaceae_UCG-011	0.9999951025020538
e90cf3fca2a2bbeb949a853930676658	d__Eukaryota	0.9074160137682166
1a31d0f5ade14bed7a6f6fe211da9258	d__Eukaryota	0.7266927428357866
5a2365824fa5080b65c1eb0f2d91bf85	d__Bacteria; p__Bacteroidota; c__Bacteroidia	0.9991839620079306
db8bfc05b3a150276c34ac2bb6be3e1d	d__Bacteria; p__Bacteroidota; c__Bacteroidia; o__Bacteroidales; f__Bacteroidaceae; g__Bacteroides	0.9998193865453737
15b7b7508136640e1f8c36a01759058a	d__Bacteria; p__Bacillota; c__Clostridia; o__Lachnospirales; f__Lachnospiraceae	0.7477156869900896
8fe88cf2c95d32cc81aef70de68cf928	d__Bacteria; p__Bacillota; c__Clostridia; o__Lachnospirales; f__Lachnospiraceae	0.7298985957478563
b8bf9c6456a5d5398f4719eda663d6dc	d__Bacteria; p__Bacteroidota; c__Bacteroidia; o__Flavobacteriales; f__Weeksellaceae; g__Daejeonia	0.9743851855535274
6a0cea6d2cc99485dc3021a327c906c0	d__Bacteria; p__Bacillota; c__Clostridia; o__Oscillospirales; f__Butyricicoccaceae; g__Agathobaculum	0.999299922160889
00fbee53ffe566249c7f004e8a320c49	Unassigned	0.8144329528873068
34215de82aa07a8c264d4341bc882bf1	d__Eukaryota	0.8114311692097096
603c35c61b6dd89e1f54bfb8006560ac	d__Eukaryota	0.8385438016434241
59353b947e374f768acb50a66c15728a	d__Bacteria; p__Bacillota; c__Clostridia; o__Peptostreptococcales-Tissierellales; f__Peptostreptococcaceae	0.8372824914035585
a6ba07c895e43924b6a5917658b840bc	d__Bacteria; p__Pseudomonadota; c__Gammaproteobacteria; o__Burkholderiales; f__Neisseriaceae; g__Incertae_Sedis	0.9985373033534495
54d7ede6b8033499b1473215812f8a09	d__Bacteria; p__Verrucomicrobiota; c__Verrucomicrobiia; o__Opitutales; f__Puniceicoccaceae; g__Incertae_Sedis	0.9999966822044016
b5817ce5a4a28040f42348963a262389	d__Bacteria; p__Bacteroidota; c__Bacteroidia; o__Chitinophagales; f__Chitinophagaceae; g__Ferruginibacter	0.9249316422582929
1a1496a8efb96e8f1d2b54a013e3cac2	d__Bacteria; p__Bacillota; c__Clostridia; o__Clostridia_vadinBB60_group; f__Incertae_Sedis; g__Incertae_Sedis	0.9994884643191662
5ece2197da5429deea52f8cc7beb4328	d__Eukaryota	0.8283377924132266
18f9407c7c4f21607d84d8e4239ac8b5	Unassigned	0.6397653655908169
d216a59105ba50f769401bdb75da0bf3	Unassigned	0.5847761022236839
1a0f230cf95ba129c5470a25a9d35560	d__Eukaryota	0.7097795715648174
7de9377fd0c52cffa2b40f61e2f70fa4	d__Bacteria; p__Bacillota; c__Clostridia; o__Lachnospirales; f__Defluviitaleaceae; g__Defluviitaleaceae_UCG-011	0.9995030678771187
eeea3cabdceee1b04e07776ab44db8ab	d__Bacteria; p__Bacillota; c__Clostridia	0.9998653355714209
3bd853cd27bacec1fffcff2c248bb823	d__Bacteria; p__Bacillota; c__Clostridia; o__Lachnospirales; f__Lachnospiraceae; g__Lachnospiraceae_NC2004_group	0.9200661045309243
5bc8b997dc44d8c952b496820532e53e	d__Bacteria; p__Bacillota; c__Clostridia	0.9998330518186099
8084d888b7390ee8b4b9c3cf7bdf5ff1	d__Bacteria; p__Actinomycetota; c__Actinobacteria; o__Actinomycetales; f__Actinomycetaceae; g__Actinomyces	0.9999999996015703
cdbb9451f67911c8d91ea4e1df1caed4	d__Bacteria; p__Bacillota; c__Clostridia; o__Lachnospirales; f__Lachnospiraceae; g__Lachnospiraceae_NC2004_group	0.9370241457173852
7f48504506342936c485a7f38f5d359f	d__Bacteria; p__Bacillota; c__Bacilli; o__Lactobacillales; f__Lactobacillaceae; g__Lactobacillus	0.9999815087780857
f01d4cbe7905cca5913619884be18fe0	d__Bacteria; p__Bacillota; c__Clostridia; o__Lachnospirales; f__Lachnospiraceae	0.8649868010209021
c0e7021d324539745c1e83d33c750341	Unassigned	0.3699476427687278
a12199140f3af6588ac9c1e65d9d88a6	d__Bacteria; p__Pseudomonadota; c__Alphaproteobacteria; o__Rhodospirillales; f__Incertae_Sedis; g__Incertae_Sedis	0.9999997574056333
ce1719a11cc8d88c5a956eb202e6b94b	d__Bacteria; p__Bacillota; c__Clostridia; o__Oscillospirales; f__Ruminococcaceae; g__Acutalibacter	0.9996129500849249
3136b2d6123448493776947d2d28d23d	Unassigned	0.3277538702505052
a89998b416f5788f1d95a93ef1d55a15	d__Bacteria; p__Bacillota; c__Clostridia; o__Lachnospirales; f__Lachnospiraceae	0.9934275486423234
01ff87b12d891ca1bf6ba11b59d09d2c	d__Bacteria; p__Bacillota; c__Clostridia; o__Lachnospirales; f__Lachnospiraceae; g__Lachnospiraceae_UCG-004	0.8666241971655277
3145a6c1b65607e33af1bfe9c7fe2d8c	d__Eukaryota	0.7692200908069059
79721e54aaf28a96ee39715cf940fe8d	d__Bacteria; p__Bacillota; c__Clostridia; o__Oscillospirales; f__Ruminococcaceae; g__Phocea	0.9541271421570066
a7198a8e92604b2bf68620af804dc751	d__Bacteria; p__Bacteroidota; c__Bacteroidia; o__Bacteroidales; f__Prevotellaceae; g__Incertae_Sedis	0.9999448208899508
99c9b5c462b0ca3a2284969b13f9946f	d__Bacteria; p__Bacteroidota; c__Bacteroidia; o__Bacteroidales; f__Bacteroidaceae; g__Bacteroides	0.9999915486040591
09858c2b34e2ed95a7998ceda2e5b068	d__Bacteria; p__Bacteroidota; c__Bacteroidia; o__Bacteroidales; f__Muribaculaceae; g__Incertae_Sedis	0.9991542760605948
c13ee81abab72ea490c440819a2f2f93	d__Bacteria; p__Bacillota; c__Clostridia; o__Lachnospirales; f__Lachnospiraceae; g__Lachnospiraceae_UCG-004	0.9969327850633842
6701141c5e3326f49d692cad1e183792	d__Bacteria; p__Bacillota; c__Clostridia; o__Lachnospirales; f__Lachnospiraceae; g__Lachnospiraceae_NC2004_group	0.9053944747716445
f731480c56b91edcbdf6f2bf72160991	d__Bacteria; p__Bacillota; c__Clostridia; o__Lachnospirales; f__Lachnospiraceae; g__[Eubacterium]_oxidoreducens_group	0.9597767111823381
b617d53596c32aef0ec3f376fbd7c29f	d__Bacteria; p__Bacillota; c__Clostridia; o__Peptostreptococcales-Tissierellales; f__Family_XI; g__Fenollaria	0.9999994994614925
3ae8fd4832840f6094808cb834ca14d2	d__Bacteria; p__Bacillota; c__Clostridia; o__Monoglobales; f__Monoglobaceae; g__Monoglobus	0.8446809177488038
6ae1e8119c2ff4e5fce0ba8fbcc8c49c	Unassigned	0.45908229829743497
8060828d6fa85511b141c958e21f3481	d__Bacteria; p__Bacteroidota; c__Bacteroidia; o__Bacteroidales; f__Bacteroidaceae; g__Bacteroides	0.9928577671566184
b5d9f1b651c51cbf087f6441a5d2563f	d__Bacteria; p__Bacillota; c__Clostridia; o__Oscillospirales; f__Ruminococcaceae	0.8225563172074268
af79f5f2fb119e8d46e06faad43ba5ee	d__Bacteria; p__Bacillota; c__Clostridia; o__Oscillospirales; f__Ruminococcaceae; g__Faecalibacterium	0.9969232739290494
268b35a7024e3d0618d1ea6cb5c34365	d__Bacteria; p__Bacillota; c__Bacilli; o__RF39; f__Incertae_Sedis; g__Incertae_Sedis	0.999994988803217
8afb00054674f1c6cd1ad3ebaa848811	d__Bacteria; p__Bacillota; c__Bacilli; o__Erysipelotrichales; f__Erysipelatoclostridiaceae; g__Massiliomicrobiota	0.9371123532549148
d87d8fd3ddb8f278e41c219cda210ea3	d__Bacteria; p__Bacillota; c__Clostridia; o__Oscillospirales; f__Ruminococcaceae	0.7542951465970691
97f5b1f9a35465e74e3035d6da15ac05	d__Bacteria; p__Bacillota; c__Clostridia; o__Oscillospirales; f__Oscillospiraceae	0.7832178515099686
90d9aca184e203f30237ba0a106d384f	d__Bacteria; p__Bacteroidota; c__Bacteroidia; o__Bacteroidales; f__Porphyromonadaceae; g__Porphyromonas	0.9999998667371077
2d8d58b48145dcaf293d9b3532634b53	d__Bacteria; p__Bacillota; c__Clostridia; o__Peptostreptococcales-Tissierellales; f__Anaerovoracaceae	0.9902897288062534
0b51e13de78653cbe33a48496a7336c8	d__Bacteria; p__Bacillota; c__Clostridia; o__Lachnospirales; f__Lachnospiraceae; g__Lachnospiraceae_NC2004_group	0.9099396732180475
bca01c458a6ebc4a94a0541be3d7ae45	d__Bacteria; p__Bacteroidota; c__Bacteroidia; o__Bacteroidales; f__Muribaculaceae; g__Incertae_Sedis	0.9999311700329496
d84780e713724998e37fbe62c6f03cde	d__Bacteria	0.9999999846875873
d00b1a1d7fa7aa55c0f363552b4851f8	d__Bacteria; p__Bacillota; c__Bacilli; o__Lactobacillales; f__Streptococcaceae; g__Streptococcus	0.9999215732142797
0d576b9a2821cc7fa713b837f4ebaa56	d__Bacteria; p__Actinomycetota; c__Actinobacteria; o__Kitasatosporales; f__Streptomycetaceae; g__E1B-B3-114	0.9447209212016829
5e3dcaa54024b7f160b50c3645118de6	d__Bacteria; p__Actinomycetota; c__Coriobacteriia; o__Coriobacteriales; f__Coriobacteriaceae; g__Collinsella	0.986629601037953
ec6911df1fa24c87c00888b072a9abdc	d__Bacteria; p__Bacillota; c__Clostridia; o__Clostridia_UCG-014; f__Incertae_Sedis; g__Incertae_Sedis	0.9429863768011759
fb4f16151921b0652d713c30d7e75c53	d__Bacteria; p__Bacillota; c__Bacilli; o__RF39; f__Incertae_Sedis; g__Incertae_Sedis	0.9999999896177201
3a315fe11527de1469f924ba9b21628e	d__Bacteria; p__Bacillota; c__Clostridia	0.7498487718650382
5fc63e9329a62743a9f1a6b54b9368a3	d__Bacteria; p__Bacillota; c__Clostridia; o__Oscillospirales; f__Ruminococcaceae	0.7405919880419343
2f1557b81d539895c0df7715ef5cc0b6	d__Bacteria; p__Bacillota; c__Clostridia; o__Clostridia_UCG-014; f__Incertae_Sedis; g__Incertae_Sedis	0.9990749934299121
15e5734e56f35dfc3b361f66aa1097dc	d__Bacteria; p__Bacillota; c__Clostridia; o__Oscillospirales; f__UCG-011; g__Incertae_Sedis	0.9878767183974196
e7781a9c82094912280bbb9d09e1631f	d__Bacteria; p__Bacillota; c__Clostridia; o__Oscillospirales; f__[Eubacterium]_coprostanoligenes_group; g__Incertae_Sedis	0.9428311053153609
5a3e9c2d37a1e950fa2fc992af417732	d__Bacteria; p__Pseudomonadota; c__Gammaproteobacteria; o__Burkholderiales; f__Sutterellaceae; g__Sutterella	0.7184186782270157
4dfeac420731f94c656746b01fa7df77	d__Bacteria; p__Bacillota; c__Clostridia; o__Lachnospirales; f__Lachnospiraceae	0.9693176449785299
39d296e3db5ae9ec36a776a1eff222e6	d__Bacteria; p__Bacillota; c__Clostridia; o__Oscillospirales; f__Ruminococcaceae; g__Incertae_Sedis	0.8393259486665055
8c106f1add9bbef67606f35268bd5cf7	d__Bacteria	0.9999999999606296
133cbe43ef91bb66764b86d09d5ecf12	d__Bacteria; p__Bacillota; c__Bacilli; o__Lactobacillales; f__Streptococcaceae; g__Streptococcus	0.9869294155646974
0a4142cf1701bbbd10f8b6121ca5f843	d__Eukaryota	0.8201219449987303
8a67663f6f41a96e1f0269f5166c5a8f	Unassigned	0.7320753298564084
9a35beefa4ae7b12cf6ab6975260a3be	d__Bacteria; p__Pseudomonadota; c__Gammaproteobacteria; o__Burkholderiales; f__Comamonadaceae; g__Acidovorax	0.9078312942553031
d6786166441987bdf23e5c826c9150d1	d__Bacteria; p__Bacillota; c__Clostridia; o__Clostridia_vadinBB60_group; f__Incertae_Sedis; g__Incertae_Sedis	0.9506022959527723
44f9e306193b1f6ae02b99d50a098f52	d__Bacteria; p__Bacillota; c__Clostridia; o__Oscillospirales; f__Oscillospiraceae; g__Incertae_Sedis	0.8038183272924643
51f8dcb445bc2c1c7f32ef926965a06b	d__Bacteria; p__Bacillota; c__Clostridia; o__Oscillospirales; f__Butyricicoccaceae; g__UCG-008	0.8372833444352253
c53d6ce92fb122523b06e5a7f64065ba	d__Bacteria; p__Bacillota; c__Clostridia; o__Peptostreptococcales-Tissierellales; f__Peptostreptococcaceae	0.9984695185035217
36c11d9a66752841ac8d6e9e7d324e36	d__Bacteria; p__Bacteroidota; c__Bacteroidia; o__Bacteroidales; f__Rikenellaceae; g__Alistipes	0.9021640313412643
4ca586879d8c7bfaf1651b9115ea734f	d__Bacteria; p__Bacteroidota; c__Bacteroidia; o__Bacteroidales; f__Rikenellaceae; g__Alistipes	0.9999561932652886
42650cc5e56405662ea09a7d3d71d766	d__Bacteria; p__Bacillota; c__Clostridia; o__Oscillospirales; f__Ruminococcaceae; g__Acutalibacter	0.87295952437835
34fddde151b51869d2c17186a181edc9	d__Bacteria; p__Bacillota; c__Clostridia; o__Lachnospirales; f__Lachnospiraceae; g__Lachnospiraceae_UCG-004	0.9999935162136373
3a38025d9b01840c8c32cf7caa74821e	d__Bacteria; p__Bacillota; c__Clostridia; o__Oscillospirales; f__Ruminococcaceae; g__Incertae_Sedis	0.7584727224535813
669f94e5b8042357231b7366260e314a	d__Bacteria; p__Bacillota; c__Clostridia; o__Oscillospirales; f__Ruminococcaceae; g__Candidatus_Soleaferrea	0.9780134907933975
9d5e56881e8e180d513b23e8284f5a2c	d__Eukaryota	0.902621551215218
b92333ca6914967c4205c08e7572d786	Unassigned	0.6634879823208684
93a9da0d4536f7f070dc065541c43c47	d__Bacteria; p__Bacteroidota; c__Bacteroidia; o__Bacteroidales	0.9999996379075331
673007e2465ef7aa7e1c1cd36b3bd593	d__Bacteria; p__Bacillota; c__Clostridia; o__Oscillospirales; f__Ruminococcaceae; g__Ruminococcus	0.9948488339401157
ce3771743288a721eb609aa3b56a87e2	d__Bacteria; p__Bacillota; c__Bacilli; o__Erysipelotrichales; f__Erysipelotrichaceae; g__Turicibacter	0.9999962831018804
d45a47212a9654e93f14b1e7c7c17523	d__Bacteria; p__Bacillota; c__Clostridia; o__Lachnospirales; f__Lachnospiraceae; g__Lachnospiraceae_NC2004_group	0.7441187783319683
afa6c39b3c042f4e8a7bc3fd7ced64b6	d__Bacteria; p__Bacillota; c__Clostridia; o__Lachnospirales; f__Lachnospiraceae	0.9883394204201346
f6d64e46bf172c5e0e9fdbec23e935a5	d__Bacteria; p__Bacteroidota; c__Bacteroidia; o__Bacteroidales	0.7459097334558882
269058ecb5a0b0b2025b8bf58622e672	d__Bacteria; p__Bacteroidota; c__Bacteroidia; o__Bacteroidales; f__Muribaculaceae; g__Incertae_Sedis	0.7981431858775692
8f12ac414dda8f64dbe5134a457f8c52	d__Eukaryota	0.8433205566966353
ca1c813edce343fd2ab6c61b7112bafe	d__Bacteria; p__Bacillota; c__Clostridia; o__Oscillospirales; f__UCG-011; g__Incertae_Sedis	0.9559048360889375
623622aca01f43300f4bc22639297e71	d__Bacteria; p__Bacillota; c__Clostridia; o__Lachnospirales; f__Lachnospiraceae; g__Lachnospiraceae_NC2004_group	0.8628786976736749
8ed14c024ef7f3f6107bc44b5bfcb053	d__Bacteria; p__Bacteroidota; c__Bacteroidia; o__Bacteroidales; f__Rikenellaceae; g__SP3-e08	0.7278529603910909
5dcd9bca0d23c7fc08e6e927d8e3c24f	d__Eukaryota	0.9072824882535453
1958f694d682724d63292e47e2088835	d__Bacteria; p__Bacteroidota; c__Bacteroidia; o__Bacteroidales; f__Rikenellaceae; g__SP3-e08	0.8189472970701381
48c53f0c92b714738abecba17dfb4e54	d__Eukaryota	0.8447826170713545
9beb255d1ddcb0651dd4534e6756e688	d__Bacteria; p__Fusobacteriota; c__Fusobacteriia; o__Fusobacteriales; f__Leptotrichiaceae; g__Incertae_Sedis	0.7575654104750781
281a40a8d917d39b3dc8f17db202a6b8	d__Bacteria; p__Bacteroidota; c__Bacteroidia; o__Bacteroidales; f__Porphyromonadaceae; g__Porphyromonas	0.9994558471165158
2a3a7d8e4cae5cad92e3119a9e5e9cfa	d__Bacteria; p__Bacillota; c__Negativicutes; o__Veillonellales-Selenomonadales; f__Veillonellaceae; g__Veillonella	0.9997347100530528
0473dd58f64e605ae0bfd64e813cebc6	d__Bacteria; p__Actinomycetota; c__Actinobacteria; o__Micrococcales; f__Dermacoccaceae; g__Dermacoccus	0.994039814095427
aa3579f417cbc2670e0a46b1b269a423	d__Bacteria	0.9999999994249208
42d4cbe7b8aff7b7e38a003aea0748f8	d__Bacteria; p__Pseudomonadota; c__Gammaproteobacteria; o__Burkholderiales; f__Sutterellaceae; g__Sutterella	0.9999496766716364
f6487c07335af38b8b2f8323cf8fe3f3	Unassigned	0.7164443567611437
4a94788fbb7a8287f407e369c2c3ca73	d__Bacteria; p__Bacillota; c__Clostridia; o__Lachnospirales; f__Defluviitaleaceae; g__Defluviitaleaceae_UCG-011	0.9998765947312901
7ceca9e5596dd1b2f749a6f17b49fec4	d__Bacteria; p__Bacteroidota; c__Bacteroidia; o__Bacteroidales; f__Prevotellaceae; g__Prevotella	0.9999754731179441
0e2e190107a51d1f61c99355be4c38d0	d__Bacteria; p__Bacillota; c__Clostridia	0.7721730859163466
9ccb265d5006c8dc7cb0eca819781bae	d__Bacteria; p__Bacillota; c__Clostridia; o__Lachnospirales; f__Lachnospiraceae; g__Epulopiscium	0.7551345973256206
c891506c0b642ae550464037461ba7a4	d__Bacteria; p__Bacillota; c__Clostridia; o__Oscillospirales; f__Ruminococcaceae; g__Negativibacillus	0.9909787065728533
69f081c4979d8606aa6c6c9ce5a46bcd	d__Bacteria; p__Bacillota; c__Negativicutes; o__Veillonellales-Selenomonadales; f__Veillonellaceae; g__Dialister	0.99523120217405
055f0cffc0a727bcbfb7a9ed65da23d4	d__Bacteria; p__Bacillota; c__Clostridia; o__Lachnospirales; f__Lachnospiraceae; g__Lachnospiraceae_NC2004_group	0.9834940374426908
b61089a78741450470ea90c528cf97db	d__Bacteria; p__Bacillota; c__Clostridia	0.9432431966686011
9655f4cc6ade1c528ac27055a755ad16	d__Bacteria; p__Bacillota; c__Bacilli; o__Erysipelotrichales; f__Erysipelatoclostridiaceae; g__Incertae_Sedis	0.9382837269319357
8f892bbdfcacab31fb664f6c7edfb8d0	d__Bacteria; p__Pseudomonadota; c__Gammaproteobacteria; o__Pseudomonadales; f__Moraxellaceae; g__Acinetobacter	0.9998478992870171
117122f57292e020b7640fbc1325e9f9	d__Bacteria; p__Actinomycetota; c__Coriobacteriia; o__Coriobacteriales; f__Atopobiaceae	0.9999998424579308
1ff7f735619f96ab31bdfe6cf2eda415	d__Bacteria; p__Actinomycetota; c__Actinobacteria; o__Actinomycetales; f__Actinomycetaceae; g__Schaalia	0.999998782335626
82ed85111e9c9dfe4dda421609b8550c	d__Bacteria; p__Bacillota; c__Clostridia	0.861835364964404
22f6de66251be93e25ae5ead454c8dd0	d__Bacteria	0.9999999998967826
73305f23cb299b0c6959365cfb3a6ab5	d__Bacteria; p__Bacillota; c__Clostridia; o__Oscillospirales	0.9784674240542699
577ce9000c460319450b12bdc39db302	d__Bacteria; p__Bacillota; c__Clostridia; o__Oscillospirales; f__Ruminococcaceae; g__Acutalibacter	0.8013780915015875
ac41c123ac6015af323120b2c317e2ac	d__Bacteria; p__Pseudomonadota; c__Gammaproteobacteria; o__Enterobacterales; f__Pasteurellaceae; g__Aggregatibacter	0.977117781373461
508a2faa7e17aa6fba4c713aff3a22a8	d__Bacteria; p__Bacillota; c__Clostridia	0.9984251592866124
01c093a09112f3368c45bdebb8e57252	d__Bacteria; p__Actinomycetota; c__Coriobacteriia; o__Coriobacteriales; f__Eggerthellaceae	0.7998589485265903
26a3923fed35efcbc5bdf894664f72e6	d__Bacteria; p__Bacillota; c__Clostridia; o__Lachnospirales; f__Lachnospiraceae	0.9954145061621381
eb2fb5215736598400437b2e49421036	d__Bacteria; p__Actinomycetota; c__Actinobacteria; o__Mycobacteriales; f__Corynebacteriaceae; g__Corynebacterium	0.9983256176122415
08b96435894f001e5282de9d3e394f65	d__Eukaryota	0.8749886607971578
3fc4dc2e99c3ba011d7ae4eac261914e	Unassigned	0.3253040486460057
49bb138112f415f46e4d4ba46f989053	d__Eukaryota	0.755668893045176
3370575012e784c71b7d1bdd26f29034	Unassigned	0.7835497364664782
c5bba02ca518eec3e7e9115c174825bb	d__Bacteria	0.9999999994047711
071e4ea8cfcb51d80a1e65cfd69116df	d__Bacteria; p__Bacillota; c__Clostridia; o__Oscillospirales; f__Butyricicoccaceae; g__UCG-009	0.9999961013324677
4663e703d4d5bf1b09167a4041e54d5f	d__Bacteria; p__Patescibacteria; c__Parcubacteria; o__Candidatus_Nomurabacteria; f__Incertae_Sedis; g__Incertae_Sedis	0.9995541181808393
ec422340ab9f864aa9aae1c73bc233b4	d__Bacteria	0.9856252704268095
d85e299bd24f7f7ac6100bfbf68b4403	d__Bacteria; p__Bacteroidota; c__Bacteroidia	0.9866239533927723
7f518d6a418f053de20614939f79b519	d__Bacteria; p__Bacillota; c__Clostridia; o__Eubacteriales; f__Anaerofustaceae; g__Anaerofustis	0.9999997300758787
1da4fa8d8e2bab0d8f41dc032bff8189	d__Bacteria; p__Bacteroidota; c__Bacteroidia; o__Bacteroidales	0.9962404024573376
b346af8e2a4710dae21d5bc7c55988ef	Unassigned	0.6055599572563688
4d89624f7bf81ec65c7d2bc1bcdf846f	d__Bacteria; p__Bacillota; c__Clostridia; o__Oscillospirales; f__Ruminococcaceae; g__Faecalibacterium	0.9989914153561217
f4746685a857a5b02abea360c87c67e2	d__Bacteria	0.9999999447583466
dec874ba8987358b79cd3f13aa1c98d5	d__Bacteria; p__Bacteroidota; c__Bacteroidia; o__Bacteroidales; f__Muribaculaceae; g__Incertae_Sedis	0.9998934044084972
f2b9ddc9f68ff3cf1262b5f1827e45af	d__Bacteria; p__Actinomycetota; c__Actinobacteria; o__Micrococcales; f__Dermatophilaceae; g__Incertae_Sedis	0.830069610945895
878406afc59e5c1b823d86eb3e1bb8ce	d__Eukaryota	0.9235187594813496
45f29f3d2ae5ac42f653cb0f41da6798	d__Bacteria; p__Actinomycetota; c__Actinobacteria; o__Actinomycetales; f__Actinomycetaceae; g__Schaalia	0.9999999906312098
53c06aed7fed551f10673db359c0e666	d__Bacteria; p__Bacillota; c__Clostridia; o__Oscillospirales; f__Butyricicoccaceae	0.8385454754319186
74b8558442b3c31783a3b5669764970a	d__Bacteria; p__Bacillota; c__Clostridia; o__Lachnospirales; f__Lachnospiraceae; g__Lachnospiraceae_NC2004_group	0.9986646170044222
190aaa036be9aed1b634ea6a65b9c4bc	d__Bacteria; p__Bacteroidota; c__Bacteroidia; o__Bacteroidales	0.9859530804731049
be5e87a0cbde4a45d49e88a2e3644ecf	d__Bacteria; p__Bacillota; c__Clostridia; o__Lachnospirales; f__Lachnospiraceae	0.999724386445382
ba59e4b7d9c174d5d2df6aa1d42e6ffa	d__Bacteria; p__Bacillota; c__Negativicutes; o__Veillonellales-Selenomonadales; f__Veillonellaceae; g__Allisonella	0.9999940544303849
a96b2cfae75e5cccb9672ec18cbd7f41	Unassigned	0.7125272400562005
791a1283fa1715aa0edb2e878d7e099c	d__Bacteria; p__Bacillota; c__Clostridia; o__Oscillospirales; f__Ruminococcaceae; g__Acutalibacter	0.9996939403763248
680b8e73ed9b5e819dd72c8e48726f41	d__Bacteria	0.9999998692043123
68cb018b1758bd3a237cb8a9a49134e5	d__Bacteria; p__Actinomycetota; c__Actinobacteria; o__Mycobacteriales; f__Nocardiaceae; g__Rhodococcus	0.8160621008817415
9e727b8a13b387aea9d18ef4aa6bd846	d__Bacteria; p__Campylobacterota; c__Campylobacteria; o__Campylobacterales; f__Helicobacteraceae; g__Helicobacter	0.9999999937381432
82a4849da44617133a33449fcc82b779	d__Bacteria; p__Bacillota; c__Clostridia; o__Lachnospirales; f__Lachnospiraceae; g__Lachnospiraceae_UCG-004	0.7913218391046818
ad3d27d23a53b2bfbc88b75f95074798	d__Bacteria; p__Pseudomonadota; c__Gammaproteobacteria; o__Burkholderiales	0.9528779112655916
fde9e4411fea18002d53f6b052276b97	d__Bacteria; p__Bacillota; c__Clostridia	0.9842831700174149
6c4e4f724c3b26f087a91c75e0c0817c	d__Bacteria; p__Verrucomicrobiota; c__Verrucomicrobiia; o__Verrucomicrobiales; f__Akkermansiaceae; g__Akkermansia	0.9643063189057663
cec6be2756679595b26e06c13bdb5e05	d__Bacteria; p__Bacillota; c__Clostridia; o__Lachnospirales; f__Lachnospiraceae	0.9999349561059168
9e302bcf84aae1489bffe48882aff9d6	d__Bacteria; p__Bacillota; c__Clostridia; o__Oscillospirales; f__UCG-011; g__Incertae_Sedis	0.9304632718364277
e6a9cc28467cc4b3e8fe9a0848ee0729	d__Bacteria; p__Acidobacteriota; c__Blastocatellia; o__Elev-16S-573; f__Incertae_Sedis; g__Incertae_Sedis	0.8806107166393159
03ce147659d1d0d7002df6a58d8634d2	d__Bacteria; p__Bacillota; c__Clostridia; o__Oscillospirales	0.8522650761885318
251857810ba7658092dbae25cddf2cba	d__Bacteria; p__Pseudomonadota; c__Gammaproteobacteria; o__Enterobacterales; f__Alteromonadaceae; g__Alishewanella	0.8367920927853899
970b9930d561b4590fed144d232f359a	d__Bacteria	0.9999999999911954
0a9af85ebbcb597cbf3a496ed86b3dbc	d__Bacteria; p__Bacillota; c__Clostridia; o__Oscillospirales; f__UCG-011; g__Incertae_Sedis	0.991152476147168
d969586530d864269849479163997ffb	d__Bacteria; p__Bacillota; c__Clostridia; o__Lachnospirales; f__Lachnospiraceae	0.9999928678550601
bd5c1df38da52d5806f45fd717276893	d__Bacteria; p__Bacillota; c__Clostridia; o__Lachnospirales; f__Lachnospiraceae; g__[Eubacterium]_oxidoreducens_group	0.9949155164567226
de0f62a3bd30eaa1b6055355c0f30f02	d__Bacteria; p__Bacillota; c__Clostridia; o__Oscillospirales; f__Oscillospiraceae; g__Incertae_Sedis	0.8884635463279007
7ff84e1ceafe5bdea6163bbe7f91ba52	d__Bacteria; p__Bacillota; c__Clostridia; o__Oscillospirales; f__Ruminococcaceae; g__[Eubacterium]_siraeum_group	0.9998469492192597
90f9b23b81b9ca31b5e0e18133e311c1	d__Bacteria; p__Bacillota; c__Clostridia	0.8274076794411862
20225816f7388993bb32909482a9dfab	d__Bacteria; p__Bacillota; c__Clostridia; o__Monoglobales; f__Monoglobaceae; g__Monoglobus	0.9990920450804002
71a9cd110278098771d27e9b3342d9c0	d__Bacteria; p__Bacillota; c__Clostridia; o__Lachnospirales; f__Lachnospiraceae	0.9929173834518861
e01ba8f5232083525672d68590c09601	d__Bacteria; p__Pseudomonadota; c__Incertae_Sedis; o__Incertae_Sedis; f__Incertae_Sedis; g__Incertae_Sedis	0.9508880218706629
913d0655ca8fe01b537dca8bd2036729	d__Bacteria; p__Bacillota; c__Bacilli; o__Erysipelotrichales; f__Erysipelatoclostridiaceae; g__Incertae_Sedis	0.9999763906926668
f5fa89625fc17283e6f2533af4395c9c	d__Bacteria	0.9999999992170119
7d66afc3dc049e5408881b5ac508af74	d__Bacteria; p__Bacillota; c__Clostridia; o__Clostridia_UCG-014; f__Incertae_Sedis; g__Incertae_Sedis	0.9999999918789797
be4c6962e722af9c9db058c48826c224	d__Bacteria; p__Bacillota; c__Clostridia; o__Lachnospirales; f__Lachnospiraceae; g__Lachnospiraceae_UCG-004	0.9988530734876745
8a16f0c497f1f22cf4ab35ea1a13e773	d__Bacteria; p__Bacteroidota; c__Bacteroidia; o__Bacteroidales; f__Rikenellaceae; g__dgA-11_gut_group	0.999395783690584
0b6a35e1dc4fb515c51e16ff915a2ad0	d__Bacteria; p__Bacillota; c__Clostridia; o__Lachnospirales; f__Lachnospiraceae; g__[Eubacterium]_oxidoreducens_group	0.9220676935321054
2860ebdcaa9904418ae08a9bb50d338b	d__Bacteria; p__Bacillota; c__Bacilli; o__Erysipelotrichales; f__Erysipelotrichaceae; g__Incertae_Sedis	0.9999999977785876
f74408fc09a05aecc7e695a70fdbcefb	d__Bacteria; p__Bacteroidota; c__Bacteroidia; o__Bacteroidales; f__Rikenellaceae; g__SP3-e08	0.9743497362009186
6e00ffe5e4332cf886f201ebead6a983	d__Bacteria; p__Bacteroidota; c__Bacteroidia; o__Bacteroidales; f__Bacteroidaceae; g__Bacteroides	0.8258299187974283
ba2fd8697897f6a63927e202964fc381	d__Bacteria; p__Bacillota; c__Clostridia; o__Oscillospirales; f__UCG-011; g__Incertae_Sedis	0.8677501405785093
091eaa2091b031b4be7945fbf33d719a	d__Bacteria; p__Bacteroidota; c__Bacteroidia; o__Bacteroidales; f__Rikenellaceae; g__SP3-e08	0.9695722016809932
cb61ddc0fe3e5aedcb5c6a2fbef1d77c	d__Bacteria	0.9999999839369569
5d6627020d48cc6f1ddabcdf5a454001	d__Bacteria	0.9999998898026564
3f67d86e87bebc414edef36ebb28b85e	d__Bacteria; p__Bacillota; c__Clostridia; o__Lachnospirales; f__Lachnospiraceae; g__Lachnospiraceae_NC2004_group	0.761948603288885
828cdbb89df016f6668c4e378bfc57df	d__Bacteria; p__Bacillota; c__Clostridia; o__Oscillospirales; f__Oscillospiraceae	0.7868844189445435
129c81f04de1e7b63f6db9f51c293196	d__Bacteria; p__Bacillota; c__Clostridia; o__Lachnospirales; f__Lachnospiraceae	0.9984160688368556
f9e35b92174dffc982a9370c2deb1c20	d__Bacteria; p__Pseudomonadota; c__Alphaproteobacteria; o__Rhodospirillales; f__Incertae_Sedis; g__Incertae_Sedis	0.8683530079596259
79f26a282f0d481006b4a610723aa38b	d__Bacteria; p__Patescibacteria; c__Saccharimonadia; o__Saccharimonadales	0.9999999999941463
488731c8117162c6536f23d3c16ecade	d__Bacteria; p__Bacillota; c__Clostridia; o__Lachnospirales; f__Lachnospiraceae; g__Lachnospiraceae_NC2004_group	0.853635650436455
1f293cc40e55677bb5bf690316335aa4	d__Bacteria; p__Synergistota; c__Synergistia; o__Synergistales; f__Synergistaceae; g__Fretibacterium	0.9999998973669814
d5c754be28488e35e22a01da6c49dd26	d__Bacteria; p__Bacillota; c__Clostridia; o__Christensenellales; f__Christensenellaceae; g__Christensenellaceae_R-7_group	0.9537055641830509
e7704a76117e3d71d21fdd70a837f22b	d__Bacteria; p__Bacillota; c__Clostridia; o__Lachnospirales; f__Lachnospiraceae; g__Lachnospiraceae_UCG-004	0.98924091975191
69dc34618ea242d6825864b17d3778f4	d__Bacteria; p__Verrucomicrobiota; c__Verrucomicrobiia; o__Verrucomicrobiales; f__Akkermansiaceae; g__Akkermansia	0.9990864903267652
64b7ca7d3b7991f2c77a0a9df0a22ba4	d__Eukaryota	0.7993326248731873
18007450dfc905a4a55fdfa5c309261d	d__Bacteria	0.9717151138889144
3edcb4f31732ef66f300601ba44fdb16	d__Bacteria; p__Bacillota; c__Clostridia; o__Lachnospirales; f__Lachnospiraceae	0.9534970929037634
787093c0845f5099c3b06119b5c22e59	d__Bacteria; p__Bacillota; c__Clostridia; o__Oscillospirales; f__Ruminococcaceae; g__Ruminococcus	0.9496214533890491
d59a4675680303e65d0dd10dc255d4ec	d__Bacteria	0.9994047512855422
2cff47c3c343c1305dca87289197bc33	Unassigned	0.30663529975453785
b938ce92776a5967e86dbe3643c441d8	d__Eukaryota	0.8858095901914592
335bfcdda346a1840dfa78b9bf7dedb4	Unassigned	0.5936167294302492
33e3bb806c9785443785fd653f0dc962	d__Bacteria; p__Bacteroidota; c__Bacteroidia; o__Bacteroidales; f__Marinifilaceae; g__Butyricimonas	0.9999998004017584
8a0371dc2d7a344823f64177fcca14ef	Unassigned	0.737904994876772
817c36538225c560e027a209f1fceb11	d__Bacteria; p__Bacteroidota; c__Bacteroidia	0.9171415008222836
8202c2b77cb4bdcacd737b18de27f6f0	d__Bacteria; p__Bacillota	0.9485492894282677
c5a21d650817b93926fc94569aba4473	d__Bacteria; p__Actinomycetota; c__Actinobacteria; o__Bifidobacteriales; f__Bifidobacteriaceae; g__Bifidobacterium	0.999983505275252
abd18251b94694f8283d4b7ee82d19f4	d__Bacteria; p__Pseudomonadota; c__Gammaproteobacteria; o__Enterobacterales; f__Pasteurellaceae; g__Aggregatibacter	0.9992508446356707
504c3fb63d9e865004af90c686c0e617	d__Bacteria; p__Bacillota; c__Clostridia; o__Christensenellales; f__Christensenellaceae; g__Incertae_Sedis	0.8594320563233404
64d794412cfda1af2dea4a6e8c3fc911	d__Bacteria; p__Bacillota; c__Bacilli; o__RF39; f__Incertae_Sedis; g__Incertae_Sedis	0.9999999266928681
b2108f7c53328fcf5c1d247a5718977a	d__Bacteria; p__Bacillota; c__Bacilli; o__Lactobacillales; f__Carnobacteriaceae; g__Dolosigranulum	0.999999893310266
5a1872b7589da8735d28ac5163653764	d__Bacteria; p__Bacillota; c__Clostridia; o__Clostridia_UCG-014; f__Incertae_Sedis; g__Incertae_Sedis	0.9996866050485149
1a843e16c9825a5b4401cae6177478c4	d__Bacteria; p__Bacillota; c__Clostridia; o__Monoglobales; f__Monoglobaceae; g__Monoglobus	0.9992166431119534
b8e3425c3f9869a10a12c8cd3a051a5c	d__Bacteria; p__Bacillota; c__Clostridia; o__Oscillospirales; f__Oscillospiraceae	0.7897756771893488
1623973d7d93a4e827382666259032b7	d__Bacteria; p__Bacteroidota; c__Bacteroidia; o__Flavobacteriales; f__Flavobacteriaceae; g__Incertae_Sedis	0.7333893860051541
8e062051d8c37cc5a09e5d1ad1aae173	d__Bacteria; p__Bacillota; c__Clostridia; o__Peptostreptococcales-Tissierellales; f__Peptostreptococcaceae	0.941922331144316
b08c9478f57d9699aba36b5513a52d43	d__Bacteria; p__Bacillota; c__Clostridia; o__Oscillospirales; f__Oscillospiraceae; g__Colidextribacter	0.9325749588396081
4e68f6356095ccaaae7e678150fe0d4a	d__Bacteria; p__Bacillota; c__Clostridia; o__Oscillospirales; f__[Eubacterium]_coprostanoligenes_group; g__Incertae_Sedis	0.9982857444974045
0d6132780d973c9d8489f5398bf63575	d__Bacteria; p__Bacillota; c__Clostridia	0.9996221950324613
8054267e162cf9d20a881dba13ee281f	d__Bacteria; p__Actinomycetota; c__Actinobacteria; o__Bifidobacteriales; f__Bifidobacteriaceae; g__Gardnerella	0.9935136023729244
029df918cb88a18d51d025b34531a93e	Unassigned	0.7702538170861379
39275080b22c1a1125a696accae0810e	d__Bacteria; p__Bacillota; c__Clostridia; o__Lachnospirales; f__Lachnospiraceae; g__[Eubacterium]_oxidoreducens_group	0.8339665875605476
116595386777cfd682ddc9393e8da6a9	d__Bacteria; p__Bacillota; c__Clostridia; o__Peptostreptococcales-Tissierellales; f__Peptostreptococcaceae; g__Sporacetigenium	0.7632807521664223
934870dc78ad9772e4015f801ee6b95a	d__Eukaryota	0.7758703187447704
98fac73e9620920794bc9023c4c5350e	d__Eukaryota	0.807351244086415
f38c459c579ed0222cf444d6727fd01e	d__Bacteria; p__Fusobacteriota; c__Fusobacteriia; o__Fusobacteriales; f__Fusobacteriaceae; g__Fusobacterium	0.955360617906593
d414d4581f1e93a3f32297ac0313b747	d__Bacteria	0.9796926601439698
afe14623511d4b0ddcdce73fbe1461bf	d__Bacteria; p__Bacillota; c__Clostridia; o__Lachnospirales; f__Lachnospiraceae; g__Lachnospiraceae_UCG-004	0.9286703982966421
5477a20ac9900b6045df0c4d7a6bf6ba	d__Bacteria	0.999999990439911
7a4a46b8b05ff110542f2942f1eab1a6	d__Bacteria; p__Bacillota; c__Clostridia; o__Lachnospirales; f__Lachnospiraceae; g__Lachnospiraceae_UCG-004	0.8122766617820568
d3eb5470cbf668350c56ad3e6eb49d1a	d__Bacteria; p__Verrucomicrobiota; c__Verrucomicrobiia; o__Verrucomicrobiales; f__Akkermansiaceae; g__Akkermansia	0.9995955142178703
7703da3620662ecf16a28676f42c45b4	d__Bacteria; p__Bacillota; c__Clostridia; o__Oscillospirales	0.7081983875498347
1e573e3e24c42587f9339e134a82c45e	d__Bacteria; p__Bacillota; c__Clostridia; o__Christensenellales; f__Christensenellaceae; g__Christensenellaceae_R-7_group	0.9274039718811256
93e4cc18ae9ed05514b38b0440d27001	d__Bacteria; p__Bacteroidota; c__Bacteroidia; o__Bacteroidales; f__Rikenellaceae; g__SP3-e08	0.9988386442477274
9b641554c90517540b4b96346ec450a3	d__Bacteria; p__Bacillota; c__Clostridia; o__Oscillospirales; f__Oscillospiraceae; g__UCG-002	0.9983105262008538
3c56d345827beeec8288fb8de9325724	d__Bacteria; p__Bacteroidota; c__Bacteroidia	0.9123301542057943
8614b3bd17ce2e0fdff63f7178bf3de3	d__Bacteria; p__Bacillota; c__Bacilli; o__RF39; f__Incertae_Sedis; g__Incertae_Sedis	0.999999999999531
45216dda238e54212fcbdea21e95c4fd	d__Bacteria; p__Bacillota; c__Clostridia; o__Oscillospirales	0.7177454809216066
966484452d4aa6ba53807e3b9ba65312	d__Bacteria; p__Bacillota; c__Clostridia; o__Lachnospirales; f__Lachnospiraceae; g__Lachnospiraceae_UCG-010	0.7405820404160455
4327952e3157b109583be95642e09091	d__Bacteria; p__Bacillota; c__Bacilli; o__Lactobacillales; f__Streptococcaceae; g__Streptococcus	0.9999900518062376
58ae610c4dd4265d59467f0683fc35f0	d__Bacteria; p__Bacillota; c__Clostridia; o__Christensenellales; f__Christensenellaceae	0.8532218170890248
2f239b2c5ae013da781ac885ed2c21d3	d__Bacteria; p__Bacillota; c__Clostridia	0.7373516235444384
308f401c53d1d9ea4074113f59e733a8	d__Bacteria	0.9999999999984435
7ebe7d2eb7c05cd896b323a84d5b8240	d__Eukaryota	0.8491003193221335
c0adfd5d0392d6884160731456d0762f	d__Eukaryota	0.8367795344445801
9ff0d68ec07fff2add886a1bc555e080	Unassigned	0.37200773440984003
0b5f34e80975402bdd0ded1efa824991	d__Eukaryota	0.8404895307170055
64ff0005da837aab527194188ae8e967	d__Bacteria; p__Bacteroidota; c__Bacteroidia; o__Bacteroidales; f__Marinilabiliaceae; g__Geofilum	0.7903007889233715
bd80f20a01de165be07a24b3a337fa38	d__Bacteria; p__Cyanobacteriota; c__Vampirivibrionia; o__Gastranaerophilales; f__Gastranaerophilaceae; g__Zag_111	0.9957057801677398
6769356ffb9bf1f7b8d0c86cea8f3a9f	d__Bacteria; p__Bacillota; c__Clostridia; o__Oscillospirales; f__Ruminococcaceae; g__DTU089	0.9943036655650452
4f3da25ec923f47f8bc1eb57dd228309	d__Bacteria; p__Bacillota; c__Clostridia; o__Lachnospirales; f__Lachnospiraceae; g__Lachnospiraceae_UCG-004	0.9444745800311455
2857ee194ff189dbeca3b6cc5756381c	d__Bacteria; p__Bacteroidota; c__Bacteroidia; o__Bacteroidales; f__Rikenellaceae; g__SP3-e08	0.8359756117125162
2a5f9777e0ad00c7a73a3bb53694b169	d__Bacteria; p__Patescibacteria; c__Parcubacteria; o__Candidatus_Nomurabacteria; f__Incertae_Sedis; g__Incertae_Sedis	0.9936320889398951
2d7d03226227d2e92d410e259794744b	Unassigned	0.40545020198770576
1407e4612299a2c0879a993ccff57fb0	d__Bacteria; p__Bacillota; c__Clostridia; o__Clostridia_UCG-014; f__Incertae_Sedis; g__Incertae_Sedis	0.9999999069693971
7b8e42b9af8506f249f17fde70afd755	d__Bacteria; p__Bacillota; c__Clostridia; o__Lachnospirales; f__Lachnospiraceae	0.9288261156263407
4a2edca46ace672c3a32ad3884635491	d__Bacteria; p__Bacillota; c__Clostridia; o__Oscillospirales; f__Oscillospiraceae; g__UCG-003	0.804479945438482
6017845651b2324708111aacd5df04e8	d__Bacteria; p__Bacillota; c__Bacilli; o__Erysipelotrichales; f__Erysipelatoclostridiaceae; g__Asteroleplasma	0.9998823600130404
c0bd94b7e6f3c117f8c2419d28fbee39	d__Bacteria; p__Bacteroidota; c__Bacteroidia; o__Bacteroidales; f__Porphyromonadaceae; g__Porphyromonas	0.9999975500640684
73bb22a3a0151725c8eb525bb42382fb	Unassigned	0.8677889005197412
15f66fabb6c67e2255fb3e4d98817554	Unassigned	0.5445492547157328
286371514aafcae5abb05cfacf03dd86	Unassigned	0.6546763285213184
07e1f7d659152c74e6106d817395d859	d__Bacteria; p__Bacteroidota; c__Bacteroidia; o__Chitinophagales; f__Chitinophagaceae; g__Flavipsychrobacter	0.9983833935968819
cbb4a1630382ba5b9c1995599d9de794	d__Bacteria; p__Actinomycetota; c__Coriobacteriia; o__Coriobacteriales; f__Coriobacteriaceae; g__Collinsella	0.7551980805868626
9c797673bff357ef5554ac1cebdb8bcb	d__Eukaryota	0.804082700096069
c1dfd533ef2475a92c2244b05e26a93b	d__Eukaryota	0.8350879301736652
279250c5b43f760f777fe461ba955c5b	d__Eukaryota	0.8645490034828633
24bd71ac1be152ff1226a98d1b87a7b3	d__Bacteria; p__Actinomycetota; c__Actinobacteria; o__Actinomycetales; f__Actinomycetaceae; g__Schaalia	0.9999998934082214
bd213f91011a0f27f79a405fe806d635	d__Bacteria; p__Bacillota; c__Clostridia; o__Clostridia_vadinBB60_group; f__Incertae_Sedis; g__Incertae_Sedis	0.999326460579659
297677fc1d39c13f58e855316315b57e	d__Eukaryota	0.7594450895310564
7354b8e858949f81c64b1650e11ae73a	d__Eukaryota	0.876864602024683
aa6b5e0f497b8b8893ef062b0f197ba8	d__Eukaryota	0.8150189329701032
b8c31a1130d4a622d1b00e461cdcc2f3	d__Bacteria; p__Bacillota; c__Clostridia; o__Lachnospirales; f__Lachnospiraceae	0.9381874901448589
d46fed6055053cecca331e0ae784dfac	d__Bacteria; p__Bacillota; c__Clostridia	0.9805666261248394
3df9a4b5ea8a59e598cf4f7de915cd6d	Unassigned	0.43267549688707185
781e562f7b8aa74802c79da7c303cda8	d__Bacteria; p__Pseudomonadota; c__Gammaproteobacteria	0.9646304944011236
332c1c4cf11243d8a2aa417511b5b724	d__Bacteria; p__Bacillota; c__Clostridia; o__Lachnospirales; f__Lachnospiraceae; g__Lachnospiraceae_NC2004_group	0.7527680463158819
016370b4629979328705e805b2028211	d__Bacteria; p__Bacillota; c__Clostridia; o__Christensenellales; f__Christensenellaceae; g__Incertae_Sedis	0.9830507727732622
d8ffb2852c539b25095b21d49a09eb2c	d__Bacteria; p__SAR324_clade(Marine_group_B); c__Incertae_Sedis; o__Incertae_Sedis; f__Incertae_Sedis; g__Candidatus_Nitrosoarchaeum	0.8511500785994995
14103fa042c24e24fe451ab4f8c3eef9	d__Bacteria; p__Fusobacteriota; c__Fusobacteriia; o__Fusobacteriales; f__Fusobacteriaceae; g__Fusobacterium	0.9779509922234942
c727787c7cf2886efebdebb70f7fa52c	d__Bacteria; p__Bacillota; c__Clostridia; o__Christensenellales; f__Christensenellaceae; g__Christensenellaceae_R-7_group	0.9580142094486036
2d017d1324818871e319fd2c02f1c8f0	d__Bacteria; p__Bacillota; c__Clostridia; o__Oscillospirales; f__Ruminococcaceae	0.7651436456116403
53952f0b8a9ed0be9771e2167497226e	d__Bacteria	0.9999999409730765
c824fbf21561318591d20fb2f67dc7fc	d__Bacteria; p__Bacillota; c__Clostridia; o__Oscillospirales	0.8571763729456506
8c16ad2797ba9657e60d7d5f001c09f0	d__Bacteria; p__Bacillota; c__Clostridia; o__Oscillospirales; f__UCG-010; g__Incertae_Sedis	0.7720728427485398
fd53970dabd93fa7857864731f015938	d__Bacteria; p__Bacillota; c__Clostridia	0.7292270694785399
143474d2fc759b898011af743e6b2ac3	d__Bacteria; p__Bacillota; c__Clostridia; o__Lachnospirales; f__Lachnospiraceae; g__[Eubacterium]_oxidoreducens_group	0.7408814118840785
5d9b3c081e5254bdaad3a9570b251777	d__Bacteria; p__Bacteroidota; c__Bacteroidia; o__Bacteroidales; f__Rikenellaceae; g__SP3-e08	0.9927791935901155
ec3ff91fa9e5820283647699501d0b5c	d__Bacteria; p__Bacillota; c__Clostridia; o__Oscillospirales; f__Butyricicoccaceae; g__Agathobaculum	0.9768275879594724
5cee1b57c14d8861099dab983794a5d5	d__Bacteria; p__Bacteroidota; c__Bacteroidia	0.9302345697262484
3ad4da8c2c1c5145e020f5a3fff6cedc	d__Bacteria; p__Pseudomonadota; c__Gammaproteobacteria; o__Enterobacterales; f__Enterobacteriaceae; g__Escherichia-Shigella	0.9947548442710089
348bc0e9930b283ee533cbfbdc746241	d__Bacteria; p__Bacillota; c__Clostridia	0.9988498956709541
e87b22439f1fc9baed602fcc8d6cf327	d__Bacteria; p__Bacillota; c__Clostridia; o__Oscillospirales	0.963200641487137
6fb7c24f6fbc95c7ba95d3ff207530e5	d__Bacteria; p__Actinomycetota; c__Coriobacteriia; o__Coriobacteriales; f__Eggerthellaceae; g__Slackia	0.9903790469498711
f774c32f47995a9baa8c7293a2976511	d__Bacteria; p__Bacillota; c__Bacilli; o__Lactobacillales; f__Enterococcaceae	0.9704734575830183
01674316c9cf2a6217a95e585322b4a5	d__Bacteria; p__Bacillota; c__Clostridia; o__Peptococcales; f__Peptococcaceae; g__Peptococcus	0.9963619044013307
348ba7962f5246467c44e8b310b7f0f2	d__Bacteria; p__Bacteroidota; c__Bacteroidia; o__Flavobacteriales; f__Weeksellaceae; g__Chryseobacterium	0.9984507811824873
7fc27af8718be3f951d320c1f31e3c27	Unassigned	0.6481559060349726
a0a538f8b0bb49022ebdba3f9ccba115	Unassigned	0.6110506957918624
eaffd0cda6ff403787de3bf78c26452b	d__Bacteria; p__Pseudomonadota; c__Alphaproteobacteria; o__Sphingomonadales; f__Sphingomonadaceae; g__Sphingosinithalassobacter	0.8880564853643512
7191fa9f7ae7b299eb98c492fbd3a791	d__Bacteria; p__Bacillota; c__Clostridia; o__Lachnospirales; f__Lachnospiraceae; g__Lachnospiraceae_UCG-004	0.9949378529448473
6ba68bccf011273cb723b876ea6d67f9	d__Bacteria	0.9999999984793448
8784ef3df80f97bc8d7fbefd3ba7f8e0	d__Bacteria	0.9828752754546685
37b14a0f49598145eda0f1baf08712e0	d__Bacteria; p__Bacillota; c__Clostridia	0.7254272186835943
0b2b25f2db78f09aa5e8970518e6e40c	d__Bacteria; p__Bacillota; c__Clostridia; o__Lachnospirales; f__Lachnospiraceae; g__[Eubacterium]_oxidoreducens_group	0.9641247722194303
71e99533f5c1c1045abde8c674dc33f3	d__Bacteria; p__Bacillota; c__Clostridia	0.9999060701072442
48a77cbeb38bd8859ab0eee7609d875f	d__Bacteria; p__Bacillota; c__Clostridia; o__Lachnospirales; f__Lachnospiraceae; g__Lachnospiraceae_UCG-004	0.9816281339913682
cf47b725730ec34049f59bb9e40b4c83	d__Bacteria; p__Actinomycetota; c__Coriobacteriia; o__Coriobacteriales; f__Atopobiaceae	0.9987625583377173
043a5aedff6cf7ebe7dbb97ad183f3c5	d__Bacteria	0.9541626191448563
2c99017ae63f9edad2d0a95795b4e75f	d__Bacteria; p__Bacillota; c__Bacilli; o__Erysipelotrichales; f__Erysipelotrichaceae; g__Turicibacter	0.999999999992923
de75c98c1d85de261796cc7c60ac7395	d__Bacteria; p__Bacillota; c__Clostridia; o__Oscillospirales; f__Oscillospiraceae	0.8309223490705365
4fbef67da65ca699f171a1cca84c6170	d__Bacteria; p__Bacillota; c__Clostridia; o__Clostridia_vadinBB60_group; f__Incertae_Sedis; g__Incertae_Sedis	0.9991650605801227
ecec266dc68eacb8bcdfb34a8d01eb67	d__Bacteria	0.9999999999906528
6d7f9ee33ac57e7d885825232bc6067f	d__Bacteria; p__Bacillota; c__Clostridia; o__Lachnospirales; f__Lachnospiraceae	0.8712252374133223
c0410f9d817e7d46e5df895748751c0c	d__Bacteria; p__Bacillota; c__Clostridia; o__Oscillospirales; f__Ruminococcaceae; g__Ruminococcus	0.8262557580757207
b523ad121fd67e870bb0507c49a87dd8	d__Bacteria; p__Bacillota; c__Clostridia; o__Lachnospirales; f__Lachnospiraceae; g__Lachnospiraceae_UCG-004	0.9999981245054067
0ab560e946c5cb2a280fa80923d54526	d__Bacteria; p__Actinomycetota; c__Actinobacteria; o__Bifidobacteriales; f__Bifidobacteriaceae	0.7985812667086141
340095927efa2563c31209658bd8e006	d__Bacteria; p__Bacillota; c__Clostridia	0.9925923785891263
d3d8e65983fa93b0ffe9ab0d47e3b856	d__Bacteria; p__Bacteroidota; c__Bacteroidia	0.9533247967528181
d9d815752959dce64e2354c31ff103d6	d__Bacteria	0.9999999999508788
665784fab6a7187fbaf626bcd068d77b	Unassigned	0.6201884387025937
7ea7ee61369205458fffc48029e4623f	d__Bacteria; p__Actinomycetota; c__Actinobacteria; o__Mycobacteriales; f__Corynebacteriaceae; g__Corynebacterium	0.9999758604337348
59ba9c0489bd975125d61c846076d52c	d__Bacteria; p__Bacillota; c__Clostridia	0.9996978874588799
4db6b9ab2151b5267a794c188741fff6	d__Bacteria; p__Bacillota; c__Clostridia; o__Peptostreptococcales-Tissierellales; f__Anaerovoracaceae; g__Family_XIII_AD3011_group	0.7865631720801086
a72914c2db4fe2c5bd56ba96ce06a1cd	d__Eukaryota	0.7332850169014411
56772b5a4544d10fb1768407b5496dd3	d__Bacteria; p__Bacillota; c__Clostridia; o__Oscillospirales; f__UCG-011; g__Incertae_Sedis	0.7996533332963957
eeafab99e2cda864b8423e28fa5dba6f	d__Bacteria; p__Bacteroidota; c__Bacteroidia	0.9804033573587458
be0c0b8bc5ebfdbb9a4013bc34e515ca	d__Bacteria; p__Bacillota; c__Clostridia	0.9999978184680031
20e85efbda88155375c8c82f3aa3aa0a	d__Bacteria; p__Campylobacterota; c__Campylobacteria; o__Campylobacterales; f__Campylobacteraceae; g__Campylobacter	0.9999999403825388
aed390206bda8b4b1cc7366028b12699	d__Bacteria; p__Bacillota; c__Clostridia; o__Peptostreptococcales-Tissierellales; f__Family_XI	0.8252059059802914
56ca2c182b71e463810980f7a6f6192b	d__Bacteria; p__Bacillota; c__Clostridia; o__Peptostreptococcales-Tissierellales; f__Family_XI; g__Peptoniphilus	0.9640562107617394
e974aa783c198af290cc2162dff4432b	d__Bacteria; p__Bacillota; c__Clostridia	0.9391005544682598
7e9610151299cf0e8fc0a1ddb1d3382a	d__Bacteria; p__Bacillota; c__Clostridia; o__Oscillospirales; f__Ruminococcaceae; g__Candidatus_Soleaferrea	0.9997510835044662
0842f4920c6c96d5cab705d72d83f597	d__Bacteria; p__Bacillota; c__Clostridia; o__Christensenellales; f__Christensenellaceae; g__Christensenellaceae_R-7_group	0.9190560246472556
4b589c828354fb2b9564814902cd5b39	d__Bacteria; p__Bacillota; c__Clostridia	0.774607972474136
f789c71cb568a6b129fd53e91b9f350e	d__Bacteria; p__Pseudomonadota; c__Gammaproteobacteria; o__Enterobacterales	0.8727905749080389
fe932d46c141ed591e49b67349a84e6a	d__Bacteria; p__Bacillota; c__Bacilli; o__Erysipelotrichales; f__Erysipelotrichaceae; g__Catenisphaera	0.9723100192158518
42c9a54f6713eceb7e600b94124c5740	d__Bacteria; p__Actinomycetota; c__Actinobacteria; o__Micrococcales; f__Dermatophilaceae; g__Incertae_Sedis	0.8358321105946274
ef6c51fd8fcb223ff4052ad32d776ce2	d__Bacteria; p__Bacillota; c__Clostridia; o__Peptococcales; f__Peptococcaceae	0.9999264125959029
3e092a550b75bf568187b3788453263c	d__Bacteria; p__Bacillota; c__Clostridia; o__Oscillospirales; f__Ruminococcaceae; g__Ruminococcus	0.8167716671467173
0796d8904b2a1dca05b18749f0468564	d__Bacteria; p__Bacteroidota; c__Bacteroidia	0.958794307419542
412f4208d380312bf2539a6f2ce7757e	d__Bacteria; p__Bacteroidota; c__Bacteroidia; o__Bacteroidales; f__Bacteroidaceae; g__Bacteroides	0.9998544640737087
239e539e2d8d13025e9ca74773a6295f	d__Bacteria; p__Bacillota; c__Clostridia; o__Oscillospirales; f__Ruminococcaceae; g__Faecalibacterium	0.9895439034759933
840ef6bd89eec7d98891f7001c76291f	d__Bacteria; p__Verrucomicrobiota; c__Lentisphaeria; o__Victivallales; f__vadinBE97; g__Incertae_Sedis	0.9239460585977455
a414d8d4ece2a9947a9583203b0bce26	d__Bacteria; p__Bacillota; c__Clostridia; o__Clostridia_vadinBB60_group; f__Incertae_Sedis; g__Incertae_Sedis	0.9999224326392323
c57b837fa71124adc64e73b4e6084a17	d__Bacteria; p__Bacillota; c__Clostridia; o__Christensenellales; f__Christensenellaceae; g__Incertae_Sedis	0.9996378359216462
4bf6fce57c5a230efb1c1cc3c56cf6cf	d__Bacteria; p__Bacillota; c__Clostridia; o__Oscillospirales; f__Ruminococcaceae; g__Incertae_Sedis	0.8892570564263876
fae7962debeb11482b6891cbaf896287	d__Bacteria; p__Bacillota; c__Clostridia; o__Clostridia_vadinBB60_group; f__Incertae_Sedis; g__Incertae_Sedis	0.7767024071696027
34a6a1383dfdb470f5275789e43cd1d0	d__Bacteria; p__Verrucomicrobiota	0.8102624757351015
0d492c227eda431f824e7a7d9039219b	d__Bacteria; p__Bacillota; c__Clostridia; o__Oscillospirales; f__Ruminococcaceae; g__Ruminococcus	0.8754290088444108
bd74753f95c644aad93d23835ffc6a80	d__Bacteria	0.9999999690806576
50673a15b0aa18206f19857a9f1bbe23	d__Bacteria; p__Bacillota; c__Clostridia	0.9999626643658295
2529da802810507ffec3d805f9ccd685	d__Bacteria; p__Bacillota; c__Clostridia; o__Clostridia_vadinBB60_group; f__Incertae_Sedis; g__Incertae_Sedis	0.9820044612167137
64d2a47e0e1e0431993817ee3069c2db	d__Bacteria; p__Bacillota; c__Clostridia; o__Peptostreptococcales-Tissierellales; f__Anaerovoracaceae; g__Family_XIII_AD3011_group	0.8192516803593662
f53e0a7057a24f9a18f690b1f29d1e19	d__Bacteria; p__Bacillota; c__Clostridia; o__Lachnospirales; f__Lachnospiraceae	0.9915616054176256
f371430f42ec4b782dbd07a98c9dcf9b	d__Bacteria; p__Bacillota; c__Clostridia; o__Lachnospirales; f__Lachnospiraceae	0.959441428150951
c1c233cac0cf1d2bc7edf974a61b2eda	d__Bacteria	0.9999999946719131
c348892962d01983f3706ab132490552	d__Bacteria; p__Pseudomonadota; c__Gammaproteobacteria; o__Enterobacterales; f__Pasteurellaceae; g__Haemophilus	0.9651191304276479
c529c6021bc54435ab178716e0a66d4c	d__Bacteria; p__Bacillota; c__Clostridia	0.9991655318906112
1f0a713a652626c7bd526716be200da2	d__Eukaryota	0.7707656286068127
cb0f52603e564c0b2a5cd2e07f39fa00	Unassigned	0.6857765833060265
afb737e97e202ab7760d40596fe6616e	Unassigned	0.7430303131882126
12a09037101542441578a2180760fdd3	d__Eukaryota	0.8107408251038071
a17b351875eb47b3441947f1425dad5e	d__Eukaryota	0.8637081253873569
972b55c9774372bbfd15ab27488f1a5e	d__Bacteria; p__Bacillota; c__Clostridia; o__Lachnospirales; f__Lachnospiraceae	0.9889398799277839
ec4c2bfe38aae57ea93a66c5bda937f5	d__Bacteria	0.9996851932310251
88c4e3cf4952523bcdee983dc9f9fff1	d__Bacteria; p__Pseudomonadota; c__Gammaproteobacteria; o__Pseudomonadales; f__Moraxellaceae; g__Acinetobacter	0.9997309292170573
4c5f56cca818e4a576763d81f3d1f8e1	d__Bacteria; p__Bacillota; c__Clostridia; o__Oscillospirales; f__Ruminococcaceae; g__Faecalibacterium	0.9952799156922116
42c8d2234fe650f7aa4f63c1670e0215	d__Bacteria	0.9999999999921731
ae9efd71c6dfc7fcb325f230e470ad4b	d__Bacteria; p__Bacteroidota; c__Bacteroidia; o__Bacteroidales; f__Rikenellaceae; g__SP3-e08	0.866327848384176
2bdbf3e007ff5dac297e4eb4115b7d55	d__Bacteria; p__Bacteroidota; c__Bacteroidia; o__Flavobacteriales; f__Flavobacteriaceae; g__Ochrovirga	0.7236411718012665
53befcfe278b9f358d6462dfc2dff1a7	d__Bacteria; p__Bacillota; c__Clostridia	0.9748302529731728
063fff769e12356122f9a40688159bd5	Unassigned	0.30817573136569143
3ad2473fc6ef4a648025ae1866cfe3ab	d__Bacteria; p__Bacillota; c__Clostridia; o__Peptostreptococcales-Tissierellales; f__Anaerovoracaceae; g__Family_XIII_AD3011_group	0.8186868440985212
b9ef75b7c696910d4c45e504441aaaa3	Unassigned	0.3309866196969723
734be2b2b550e6327d2a1557cea3ac21	Unassigned	0.3214249582489581
56c88ef51a47a544914bc10289ce7c35	Unassigned	0.4409088377233439
17d948a0dc3b565d33d0ef50b214dfa9	d__Bacteria; p__Bacillota; c__Clostridia; o__Lachnospirales; f__Lachnospiraceae; g__[Eubacterium]_oxidoreducens_group	0.8907280537586592
5f455354a21d5d28ca69a3aa1bb07fc5	d__Bacteria; p__Actinomycetota; c__Coriobacteriia; o__Coriobacteriales; f__Eggerthellaceae	0.974596577526326
b5b6e85d518df73d93179d31d96c9dcc	d__Bacteria	0.9999999999999389
dd3d8d377409135f90a916cc024af5dd	d__Bacteria; p__Bacillota; c__Clostridia; o__Oscillospirales; f__Ruminococcaceae	0.8402159409122556
e6fcb6c62281c8893eb8a6445bc319c6	d__Bacteria; p__Pseudomonadota; c__Alphaproteobacteria; o__Rhodospirillales; f__Incertae_Sedis; g__Incertae_Sedis	0.898189196908248
3372631446de80bfa8da2fa0c00f3f3e	d__Bacteria; p__Bacillota; c__Clostridia; o__Peptostreptococcales-Tissierellales; f__Family_XI; g__Finegoldia	0.9999999999185292
88dd2294753f7bf92482028cd9621771	d__Bacteria; p__Bacillota; c__Clostridia; o__Oscillospirales; f__Ruminococcaceae; g__Faecalibacterium	0.8312038390894204
cf582b48544421e0966ed9e8dd582c4f	d__Bacteria; p__Bacillota; c__Bacilli; o__Lactobacillales; f__Aerococcaceae; g__Facklamia	0.9999504370143327
86f7866f4eaf0ea5db496041fd72c6b5	d__Bacteria; p__Bacillota; c__Clostridia; o__Oscillospirales; f__[Eubacterium]_coprostanoligenes_group; g__Incertae_Sedis	0.8687210334591315
65ce3d9e65a62f401989115c5964cd20	d__Bacteria; p__Pseudomonadota; c__Gammaproteobacteria; o__Enterobacterales	0.9357091539354607
2b00942cf95fa3486707370915e1d498	d__Bacteria; p__Bacillota; c__Negativicutes; o__Veillonellales-Selenomonadales; f__Veillonellaceae; g__Veillonella	0.9999991424929373
ae2b591506ff57f8f72e4ba0f8b8b7fa	d__Bacteria; p__Bacillota; c__Clostridia; o__Lachnospirales; f__Lachnospiraceae; g__Lachnospiraceae_UCG-004	0.9996442380688977
be8aeec4fa45abd6b135f4cdc0cc0f66	d__Bacteria; p__Pseudomonadota; c__Gammaproteobacteria; o__Burkholderiales; f__Sutterellaceae; g__Sutterella	0.7274323040563654
5c9123aa4c658a72742203a88ff0f823	d__Bacteria; p__Bacillota; c__Clostridia; o__Peptostreptococcales-Tissierellales; f__Anaerovoracaceae	0.9999998820540763
f075a9e5435299a552e5ae1d26129abf	d__Bacteria; p__Bacillota; c__Clostridia; o__Lachnospirales; f__Lachnospiraceae	0.8666649148558417
55fb61654369954709e5e8c243991b22	d__Bacteria; p__Pseudomonadota; c__Gammaproteobacteria; o__Enterobacterales; f__Alteromonadaceae; g__Alishewanella	0.9353432283903383
a411cf620474f526daf7ccc16eb89c02	d__Bacteria; p__Bacillota; c__Clostridia; o__Lachnospirales; f__Lachnospiraceae; g__Lachnospiraceae_UCG-004	0.9999971298831957
1994495a6101c00d6c5f16819cc8aac2	d__Bacteria; p__Bacillota; c__Bacilli; o__Erysipelotrichales; f__Erysipelotrichaceae; g__Dielma	0.9888313771097574
7ae2dda24100137557b35945a070381c	d__Bacteria; p__Synergistota; c__Synergistia; o__Synergistales; f__Synergistaceae; g__Fretibacterium	0.9999999251100063
1665a96e055636c906cfe47ecfd9dc4b	d__Bacteria; p__Actinomycetota; c__Coriobacteriia; o__Coriobacteriales; f__Atopobiaceae; g__Lancefieldella	0.8784046592544817
4c086906165bdf2611f363f1633490c2	d__Bacteria; p__Bacillota; c__Clostridia; o__Lachnospirales; f__Lachnospiraceae	0.9995238847516817
dcbf9a26c189606ff288790016c4e12b	d__Eukaryota	0.833040900891607
89522af127e49213c00e462604b45eed	d__Eukaryota	0.8188138953962686
66983707a9f8922d4cc1450033812764	Unassigned	0.7236728245178422
6a6d218a8d15b9a92cdcd8aecf5f3886	d__Bacteria; p__Bacillota; c__Clostridia; o__Lachnospirales; f__Lachnospiraceae; g__Caecibacterium	0.769256846125506
2816d08b6f764be80897ee750438a8dc	Unassigned	0.9816834173332263
79e5a73aa1bbe69de01008955e6a7f55	d__Bacteria; p__Bacillota; c__Desulfitobacteriia; o__Desulfitobacteriales; f__Incertae_Sedis; g__Incertae_Sedis	0.840173562408253
c3c49c64534ba47396eb0270da82b51c	d__Eukaryota	0.748126355908313
1978169c0161202153aaee4aa02f3532	d__Bacteria; p__Bacteroidota; c__Bacteroidia; o__Bacteroidales; f__Prevotellaceae; g__Prevotellaceae_UCG-001	0.9829089623063191
fd660a129a184354b6710eec0db4da15	d__Bacteria	0.9937792502844688
fa920ecba1b48f23cfc017d666ffc1e6	d__Bacteria; p__Bacillota; c__Clostridia; o__Oscillospirales; f__Ruminococcaceae; g__Acutalibacter	0.9960420919028998
18d47307b7b069f66015a1b6afdb1e09	d__Bacteria; p__Patescibacteria; c__Saccharimonadia; o__Saccharimonadales; f__Saccharimonadaceae; g__Incertae_Sedis	0.9997506993658702
ae7ae258119ac981ca5b6b2a561f67c3	d__Bacteria; p__Pseudomonadota; c__Gammaproteobacteria; o__Burkholderiales; f__Comamonadaceae	0.9997973409154913
434534d5e95eb859b6425d7030ee82d9	d__Bacteria; p__Bacteroidota; c__Bacteroidia; o__Bacteroidales; f__Bacteroidaceae; g__Bacteroides	0.9998181700618884
5fa6a318e2b71da72041df736bed17f6	d__Bacteria; p__Bacteroidota; c__Bacteroidia	0.9584589591118273
da6de931f45aa5dde69da2417b4fc78c	d__Bacteria; p__Bacillota; c__Clostridia; o__Lachnospirales; f__Lachnospiraceae	0.7155611989752969
12a5718a0e3edbac99e6335276a84fb3	Unassigned	0.507198076038552
cbcf6f0487f27b343a33370fab66d12b	d__Bacteria; p__Bacillota; c__Negativicutes; o__Veillonellales-Selenomonadales; f__Veillonellaceae	0.9995832028196476
580c8af7715ef801b893e0620b3bc435	d__Bacteria	0.9999999999872193
35adb1f27b20d9f2605faa54945c39cc	d__Bacteria; p__Bacillota; c__Clostridia; o__Lachnospirales; f__Lachnospiraceae; g__Lachnospiraceae_UCG-004	0.7529540243588737
3261786350eb29669cd1d0f782782fbe	d__Bacteria; p__Bacillota; c__Bacilli; o__Lactobacillales; f__Streptococcaceae; g__Streptococcus	0.9976746895881767
ffd3d72d792096b25f603a86261644ce	d__Bacteria; p__Bacteroidota; c__Bacteroidia; o__Bacteroidales; f__Marinifilaceae; g__Butyricimonas	0.9999593098978152
0c73fc18be808d8b35eaafb32a733178	d__Bacteria; p__Bacillota; c__Clostridia; o__Lachnospirales; f__Lachnospiraceae; g__[Eubacterium]_oxidoreducens_group	0.9666626151124715
1cc75fd08461ad9562a6030bbf638193	d__Bacteria; p__Verrucomicrobiota; c__Verrucomicrobiia; o__Verrucomicrobiales; f__Akkermansiaceae; g__Akkermansia	0.8218807471390359
43fd6dc6e26c5b4d1417bce1a2f70cf3	d__Bacteria; p__Bacteroidota; c__Bacteroidia; o__Bacteroidales; f__Marinifilaceae; g__Gabonibacter	0.9999975587573244
8da8f1ca1a4272c38371854b2271c8ab	d__Bacteria; p__Bacillota; c__Bacilli; o__Lactobacillales; f__Carnobacteriaceae	0.7533630380766855
eb4055722fe7ce3a28c98b888ae6718d	d__Bacteria; p__Verrucomicrobiota; c__Verrucomicrobiia; o__Verrucomicrobiales; f__Akkermansiaceae; g__Akkermansia	0.9855595219649895
17d0c92a3e4d9890ac1758a0deb35cbe	d__Bacteria; p__Bacillota; c__Negativicutes; o__Veillonellales-Selenomonadales; f__Veillonellaceae; g__Allisonella	0.9888469053279383
672527989f58423a53f9bb47a3ca3cad	d__Bacteria; p__Patescibacteria; c__Saccharimonadia; o__Saccharimonadales	0.9999999999587047
00502970fd2f23bbf202ab9f45336cbb	d__Bacteria; p__Bacillota; c__Clostridia; o__Lachnospirales; f__Lachnospiraceae; g__Lachnospiraceae_UCG-004	0.9732365379100706
ff2c9b457758c55dd23f8d9db4784932	d__Bacteria; p__Bacillota; c__Clostridia; o__Lachnospirales; f__Lachnospiraceae	0.764670202772521
bb3a5230e8c1f65d553b5d69b65c213f	d__Bacteria; p__Actinomycetota; c__Coriobacteriia; o__Coriobacteriales; f__Coriobacteriaceae; g__Collinsella	0.9252559596749911
5ce50763f117ffc6c5b522ca282d133e	d__Bacteria; p__Bacillota; c__Clostridia; o__Lachnospirales; f__Lachnospiraceae; g__Lachnospiraceae_UCG-004	0.8405657762166492
ceab8c6dec4592e297b896aa733278ab	d__Eukaryota	0.7177469540101343
bddfad4c0377587bc8ef605a040897b2	d__Eukaryota	0.7122964664646259
960106f83fc68cff7d58d9cd03ca72f8	d__Bacteria; p__Bacillota; c__Clostridia; o__Oscillospirales; f__Ethanoligenenaceae; g__Acetanaerobacterium	0.9608039118819638
4d0808532ba73a00e2e75c8065bbde28	d__Eukaryota	0.7106938550419615
4427a8467f0cfd170a63d6c43258b6d8	d__Eukaryota	0.844863639558589
7a3c8828a7b09cd7440c932d18983f84	d__Bacteria; p__Bacillota; c__Clostridia; o__Lachnospirales; f__Lachnospiraceae; g__Lachnospiraceae_UCG-004	0.8490170907722171
075f8c97d78cb4aa86db84c3148b9ae0	d__Bacteria; p__Bacteroidota; c__Bacteroidia; o__Bacteroidales; f__Rikenellaceae; g__Alistipes	0.9988008252234137
f1aac9f0b499bec87f39d7a44816788e	d__Eukaryota	0.707013790217111
19d46232f00f6ab1aaf74b1267bff1cc	d__Bacteria; p__Bacteroidota; c__Bacteroidia; o__Bacteroidales; f__Marinifilaceae; g__Odoribacter	0.9997891540338927
29010c9f8910de023ee1d90b40faac5e	d__Bacteria; p__Bacillota; c__Clostridia	0.9999926571758341
b6a9a5384f15c5b91759a727d66971ac	d__Bacteria; p__Pseudomonadota; c__Gammaproteobacteria	0.7398895483651963
c404b12aa483ca4328a27791f167eb1a	d__Bacteria; p__Pseudomonadota; c__Gammaproteobacteria; o__Pseudomonadales; f__Moraxellaceae; g__Psychrobacter	0.9999999805189221
7dbba81fe7dffc1c810f5e4af5a8a475	Unassigned	0.7037047438864309
f4da47bbb72071715316605078e1808e	d__Bacteria	0.9489678989731863
b123a61e8b0eb88db29f3ea6e0c355ee	d__Bacteria; p__Bacteroidota; c__Bacteroidia; o__Bacteroidales; f__Prevotellaceae; g__Leyella	0.9995601705006836
4bc91f136f6163e540e1386aa2ede156	d__Bacteria; p__Bacillota; c__Clostridia; o__Lachnospirales; f__Lachnospiraceae; g__Lachnospiraceae_NC2004_group	0.7969671776783461
9cdb32b5b8ef92a783bf012fa96f2144	d__Bacteria; p__Bacteroidota; c__Bacteroidia; o__Bacteroidales; f__Rikenellaceae; g__SP3-e08	0.9478024563619015
538534cf247352c7781b42f0ee946c5a	d__Bacteria; p__Pseudomonadota; c__Gammaproteobacteria; o__Enterobacterales	0.7327526053770985
a920297a28f26770750f6a445e2e3734	Unassigned	0.6517126113646777
51470b4acd1af9648efe8ac7cbc1ff91	d__Bacteria	0.8746595858474808
b9b857f1da2040b56eb58c6e604f249b	d__Bacteria; p__Pseudomonadota; c__Gammaproteobacteria	0.8460507314160014
ad2c0267ca97d1a7c26399447aa7903a	d__Bacteria; p__Actinomycetota; c__Actinobacteria; o__Actinomycetales; f__Actinomycetaceae; g__Arcanobacterium	0.9999983959542864
5877d16d9f4677550cb5cfb384e27c51	d__Bacteria; p__Bacillota; c__Clostridia; o__Peptostreptococcales-Tissierellales; f__Anaerovoracaceae; g__S5-A14a	0.9999997772685666
2a8d7ff5778612a979ffdb9f570b5072	d__Bacteria; p__Bacillota; c__Bacilli; o__Lactobacillales; f__Streptococcaceae; g__Streptococcus	0.9916179760219109
274f6a3a7ad15bf111a32656608c2825	d__Bacteria; p__Pseudomonadota; c__Gammaproteobacteria; o__Burkholderiales; f__Oxalobacteraceae	0.9409009974306664
61969402880f18dabe9706b5c4f26779	d__Eukaryota	0.7328942395407967
94aacd8a218129cc3ea0a3beada0ca5c	d__Bacteria; p__Bacteroidota; c__Bacteroidia	0.908438487360979
438dd90199e819e512ed96c95d2f2035	d__Bacteria; p__Actinomycetota; c__Coriobacteriia; o__Coriobacteriales; f__Coriobacteriales_Incertae_Sedis; g__Incertae_Sedis	0.9830317303050603
4eb5f93f3061fd9b793a94570edbbfe2	d__Bacteria; p__Bacteroidota; c__Bacteroidia	0.8416361154914632
f9bb75663b23991fadbd468d8f22a787	d__Bacteria; p__Bacillota; c__Clostridia; o__Oscillospirales; f__Ruminococcaceae; g__Incertae_Sedis	0.9952201443262042
e9c6a3fdf83a98a1e35f6df1831363a8	d__Bacteria; p__Bacillota; c__Clostridia; o__Lachnospirales; f__Lachnospiraceae; g__[Eubacterium]_oxidoreducens_group	0.9068526194788549
15fee1b7be02183b03a8ed8673a887f2	d__Bacteria; p__Bacillota; c__Clostridia; o__Lachnospirales; f__Lachnospiraceae; g__Lachnospiraceae_NC2004_group	0.9966088185300161
ba5d464f906ffc20b6c18c025d0f31e8	d__Bacteria; p__Bacteroidota; c__Bacteroidia; o__Bacteroidales	0.7221516481486798
bca3d04227697f1ab6dd3fb4c07249a9	d__Bacteria; p__Bacillota; c__Bacilli; o__Thermoactinomycetales; f__Thermoactinomycetaceae	0.7140589038076484
163dd5456198034f32c4ab26e40edfdd	d__Bacteria; p__Pseudomonadota; c__Gammaproteobacteria; o__Enterobacterales; f__Pasteurellaceae; g__Aggregatibacter	0.9522397471694256
d6bb8685d38074da6dc935445d3477a0	d__Bacteria; p__Pseudomonadota; c__Gammaproteobacteria; o__Enterobacterales; f__Enterobacteriaceae; g__Escherichia-Shigella	0.9769303115388432
e5b50c34a3f74898874341d31c7b0a8c	d__Bacteria; p__Patescibacteria; c__Saccharimonadia; o__Saccharimonadales; f__Incertae_Sedis; g__Incertae_Sedis	0.9999920313358956
57184290275f3028f003c619fc68dcea	d__Bacteria; p__Bacillota; c__Clostridia; o__Oscillospirales; f__UCG-011; g__Incertae_Sedis	0.8678723823165895
2e7e484da316086ec342cc0e4dc0ab52	d__Bacteria; p__Actinomycetota; c__Actinobacteria; o__Actinomycetales; f__Actinomycetaceae; g__Schaalia	0.9999999882998339
474b8564c968af5873a9254aad77d7e2	Unassigned	0.7317577346416186
215fbef55efd34550f9b60f5c2559dcd	d__Eukaryota	0.9324058633556578
adf1fa86d550d96d20242a25989861cb	Unassigned	0.5948279355897591
d8e6e2427a54ebeef9b3ff1de2dec2a2	Unassigned	0.7670343244320146
004229eb7d4012813825ca404c117b03	d__Bacteria; p__Bacillota; c__Bacilli; o__Erysipelotrichales; f__Erysipelatoclostridiaceae; g__Longibaculum	0.9863926635542474
5b27a4fab70ea5d3f3441461760df456	d__Bacteria; p__Bacillota; c__Clostridia; o__Lachnospirales; f__Lachnospiraceae; g__Lachnospiraceae_UCG-006	0.9957344439522651
3dc08dd588a709da63213a6bd1d5034c	d__Bacteria; p__Bacillota; c__Clostridia; o__Clostridia_vadinBB60_group; f__Incertae_Sedis; g__Incertae_Sedis	0.8327693355508645
5d27cee41480a5c5ab854c2b4e7a6dec	d__Bacteria; p__Bacillota; c__Clostridia; o__Clostridia_vadinBB60_group; f__Incertae_Sedis; g__Incertae_Sedis	0.999908150556874
11a95909ff16fe8a464144796b566552	d__Bacteria; p__Bacillota; c__Clostridia; o__Oscillospirales; f__UCG-011; g__Incertae_Sedis	0.757119922772146
ed5f5661a49bc0bdf98d4947cbb6b10a	d__Bacteria; p__Pseudomonadota; c__Alphaproteobacteria; o__Rhodospirillales; f__Incertae_Sedis; g__Incertae_Sedis	0.9892229997695776
ea0eb66d68b4febe9337ec7cec8dcc8f	d__Bacteria; p__Bacillota; c__Clostridia	0.999980038328314
e0b88bf8977814943c0abb6a048142cd	d__Bacteria; p__Bacillota; c__Clostridia; o__Oscillospirales; f__[Eubacterium]_coprostanoligenes_group; g__Incertae_Sedis	0.7704097461597351
738e6eacd06bd8be74f2995d6a304e86	d__Bacteria; p__Bacillota; c__Clostridia; o__Peptostreptococcales-Tissierellales; f__Peptostreptococcaceae	0.8086130113971906
3db84bf319e078f4e243d8d89d49c237	d__Bacteria	0.998345593976941
69299663dbb5d046148ec03d31bafcf5	d__Bacteria; p__Bacillota; c__Clostridia; o__Clostridia_vadinBB60_group; f__Incertae_Sedis; g__Incertae_Sedis	0.8502803024061161
5de27cff79c968bf7e51ec625e1ca171	d__Bacteria; p__Bacillota; c__Clostridia	0.9999083646946763
bc099a7abc7295065043b2cc7b4b4617	d__Bacteria; p__Thermodesulfobacteriota; c__Desulfuromonadia; o__Bradymonadales; f__Incertae_Sedis; g__Incertae_Sedis	0.8607525032014989
039d889602b676776945a40426519f76	d__Bacteria; p__Bacillota; c__Clostridia; o__Oscillospirales; f__Ruminococcaceae; g__Ruminococcus	0.7367517534343667
2eb63a7cbf99c51dc4fdd1ac812ac862	d__Bacteria; p__Bacillota; c__Clostridia; o__Lachnospirales; f__Lachnospiraceae	0.828468416907974
68f317376d2f0a10cc126c5e82049f72	d__Bacteria; p__Bacillota; c__Clostridia; o__Oscillospirales; f__Ruminococcaceae; g__Ruminococcus	0.9075557575473768
e23d48095a3e76ac005adc1e832d5165	d__Bacteria; p__Bacillota; c__Clostridia; o__Peptostreptococcales-Tissierellales; f__Family_XI; g__Anaerococcus	0.9009050357687199
a1b886a2b0639b14f3ba6b44ef241350	d__Bacteria; p__Bacillota; c__Clostridia; o__Peptostreptococcales-Tissierellales; f__Family_XI; g__Peptoniphilus	0.7442679296541508
15f7cde0cee11d5723346d56cee7e4e0	d__Bacteria; p__Bacillota; c__Clostridia; o__Lachnospirales; f__Lachnospiraceae; g__[Eubacterium]_oxidoreducens_group	0.8489663546854218
4f970732aa52fb6b269c17f35041b6e3	d__Bacteria; p__Bacillota; c__Clostridia; o__Oscillospirales; f__Ruminococcaceae	0.866929207726624
0fef87db197484f0b1a874df27342d5e	d__Bacteria; p__Cyanobacteriota; c__Vampirivibrionia; o__Vampirovibrionales	0.9999828900562572
636b50758a125ac56c6e89d348b1098e	d__Bacteria; p__Pseudomonadota; c__Gammaproteobacteria	0.8600380622554629
9d2c42c1009ebfd60c31d1921582ae88	d__Bacteria; p__Fusobacteriota; c__Fusobacteriia; o__Fusobacteriales; f__Fusobacteriaceae; g__Fusobacterium	0.9963794990517655
17e4418f289aa41277299c7330fcfe4d	d__Bacteria; p__Fusobacteriota; c__Fusobacteriia; o__Fusobacteriales	0.716022912227386
8b835ca9cc1b72f390bc3e65f833a5d7	d__Bacteria; p__Bacillota; c__Clostridia	0.8010199026916721
a2b4b373928fc4a15a8530c09a9758c9	d__Bacteria; p__Pseudomonadota; c__Gammaproteobacteria; o__Burkholderiales; f__Comamonadaceae; g__Pulveribacter	0.7603336395267927
0ec514077e9b5bd5511ffd2598ad8ecb	d__Bacteria; p__Acidobacteriota; c__Blastocatellia; o__Elev-16S-573; f__Incertae_Sedis; g__Incertae_Sedis	0.967754872809109
74108b7c7719540e144a5b7bf3f1cfaa	d__Bacteria; p__Verrucomicrobiota; c__Verrucomicrobiia; o__Verrucomicrobiales; f__Verrucomicrobiaceae; g__Phragmitibacter	0.965273410900623
c356ef6cbfdc90b06296d9c69abef08f	d__Bacteria; p__Bacillota; c__Clostridia	0.9999965363599176
d428188f4a72f0595d869063e13ddc06	d__Bacteria; p__Bacillota; c__Clostridia; o__Oscillospirales; f__Ruminococcaceae; g__Faecalibacterium	0.9995350460412441
1fc34ed1e6c861f9c9fffa4621ed6474	d__Bacteria; p__Actinomycetota; c__Coriobacteriia; o__Coriobacteriales; f__Incertae_Sedis; g__Incertae_Sedis	0.9516096975468241
54bb0be5740a2b73dbc877a28610dab7	d__Bacteria; p__Bacteroidota; c__Bacteroidia; o__Bacteroidales	0.83299322079444
c3d40fea1f65374723596145133787ff	d__Bacteria; p__Bacillota; c__Clostridia; o__Lachnospirales; f__Lachnospiraceae; g__Lachnospiraceae_UCG-004	0.8636766441824426
92d54c9117caa64dd74fb46447ef4123	d__Bacteria	0.9999999984350983
30f625195178e2f8206c99392a621022	d__Bacteria; p__Pseudomonadota; c__Gammaproteobacteria; o__Pseudomonadales; f__Moraxellaceae; g__Moraxella	0.9999373527417551
d9ced09f52e6283cb59527af45e323ac	d__Bacteria; p__Bacillota; c__Clostridia; o__Peptostreptococcales-Tissierellales; f__Peptostreptococcaceae; g__Asaccharospora	0.8948560936088767
6d8c2ef62a63a23df551c6323bab148e	d__Bacteria; p__Bacillota; c__Clostridia; o__Oscillospirales; f__UCG-010; g__Incertae_Sedis	0.9999899553738478
86fffa1b2b3a54c2170761ddb2727ee1	d__Bacteria; p__Bacillota; c__Clostridia; o__Lachnospirales; f__Lachnospiraceae; g__Johnsonella	0.9999974062686718
c60188dd18f7ec38801e6e929221a3b7	d__Bacteria; p__Bacillota; c__Clostridia; o__Lachnospirales; f__Lachnospiraceae; g__Lachnospiraceae_UCG-004	0.9972572262774689
999a5bf350c970ba8e07a7b2ab70b2a7	d__Bacteria; p__Bacillota; c__Negativicutes; o__Veillonellales-Selenomonadales; f__Veillonellaceae; g__Veillonella	0.9997740105115382
283c0e47f2a587693e35be0c7eeb0150	d__Bacteria; p__Pseudomonadota; c__Gammaproteobacteria; o__Burkholderiales; f__Comamonadaceae; g__Aquincola	0.9217054163332271
e736a68de0aaa9c4cbe36923111c9c02	d__Bacteria; p__Bacteroidota; c__Bacteroidia; o__Bacteroidales; f__Rikenellaceae; g__SP3-e08	0.8157379609781769
c965abbb49f21a2b4b7c63b9f2f20b45	d__Eukaryota	0.7089396280803231
0cedef138d42eea96e7e077e0648149f	d__Bacteria; p__Bacteroidota; c__Bacteroidia; o__Bacteroidales; f__Rikenellaceae; g__SP3-e08	0.9901507367638193
693dd4bb88426c4bdfbdeac8b8729b54	d__Bacteria; p__Bacillota; c__Clostridia; o__Oscillospirales; f__Ruminococcaceae; g__Incertae_Sedis	0.9935905626521513
c1532fa67720d29004193ee4d92a2902	d__Bacteria; p__Bacillota; c__Clostridia; o__Lachnospirales; f__Lachnospiraceae; g__[Eubacterium]_oxidoreducens_group	0.9987222951095389
0d8134f64ad6bd1e8bd15af9434684ff	d__Bacteria; p__Bacillota; c__Clostridia; o__Lachnospirales; f__Lachnospiraceae; g__Lachnospiraceae_UCG-004	0.9997221682708266
0345069f1fd625b69ecdd66b144fa865	d__Bacteria	0.795428723875709
dbfbb41b2bf808726ebee82d8000d3ac	d__Bacteria; p__Bacillota; c__Clostridia; o__Lachnospirales; f__Lachnospiraceae	0.9989996680626281
227b1a5170a74c4e3fadb9908208ea72	d__Bacteria; p__Bacillota; c__Clostridia; o__Lachnospirales; f__Lachnospiraceae; g__Lachnospiraceae_UCG-004	0.7514633438154402
ab39e9a55157b315a1aff69d0d7dc4aa	d__Bacteria; p__Bacillota; c__Clostridia; o__Lachnospirales; f__Lachnospiraceae	0.8791250971485252
22bcb9534f5022b65966b236bb6d8c21	d__Bacteria; p__Bacillota; c__Clostridia; o__Oscillospirales; f__Oscillospiraceae; g__UCG-005	0.8261286312067606
93352eae4c2a0d08526b55c093614e66	d__Bacteria; p__Pseudomonadota; c__Gammaproteobacteria	0.8625747474338145
e17a25cc5a6d153e5dd4101ea3de1bdc	d__Eukaryota	0.8408451539506776
e09fc74784247cf7f7910543ffaaa2b2	d__Bacteria; p__Pseudomonadota; c__Gammaproteobacteria; o__Burkholderiales; f__Neisseriaceae; g__Eikenella	0.984336414641105
b74125676c47f281c3df46888e3595e4	d__Bacteria; p__Bacillota; c__Bacilli; o__Erysipelotrichales; f__Erysipelotrichaceae; g__Holdemanella	0.9998459406338016
89882597d1cf97a766c37dffd14ab306	d__Bacteria; p__Fusobacteriota; c__Fusobacteriia; o__Fusobacteriales; f__Fusobacteriaceae; g__Fusobacterium	0.999998887539612
9b5aad02045a665d27ceead850f84d8d	d__Bacteria; p__Bacillota; c__Bacilli; o__Lactobacillales; f__Streptococcaceae; g__Lactococcus	0.9949971279414653
073f00adad44c515f308d8a6042804f0	d__Bacteria; p__Pseudomonadota; c__Alphaproteobacteria; o__Rhodospirillales; f__Incertae_Sedis; g__Incertae_Sedis	0.9982958557118282
44cf31c0af08c904ee2ec18517d13a6b	d__Bacteria; p__Bacillota; c__Clostridia; o__Oscillospirales; f__Oscillospiraceae; g__UCG-005	0.8669385434158352
87135b795eddd758bd8a827b5168e6fa	d__Bacteria; p__Bacillota; c__Clostridia; o__Lachnospirales; f__Lachnospiraceae; g__Lachnospiraceae_NC2004_group	0.8788773302952876
88e32b102f23521204e8ff91f67a3e40	d__Bacteria; p__Bacillota; c__Clostridia; o__Lachnospirales; f__Lachnospiraceae	0.7053377720498
84da38e888fb71ba67c2caaa298805ae	d__Bacteria; p__Bacillota; c__Clostridia; o__Lachnospirales; f__Lachnospiraceae; g__Incertae_Sedis	0.7261368253131044
a515fc66462c5ed13851f87d4f2fa847	d__Bacteria; p__Fusobacteriota; c__Fusobacteriia; o__Fusobacteriales; f__Fusobacteriaceae; g__Fusobacterium	0.9999999994413145
2184f1945ddaebe0962a404c7fd7d127	d__Bacteria; p__Fusobacteriota; c__Fusobacteriia; o__Fusobacteriales; f__Fusobacteriaceae; g__Incertae_Sedis	0.9204459240293468
21eeed4d4d6dad493f7e0ff917905aa3	d__Bacteria; p__Acidobacteriota; c__Acidobacteriae; o__Bryobacterales; f__Bryobacteraceae; g__Bryobacter	0.9714531818722223
332b0ec8bf0cbd58ca920fbf39202896	d__Bacteria; p__Bacillota; c__Clostridia; o__Peptostreptococcales-Tissierellales; f__Peptostreptococcaceae; g__Asaccharospora	0.853530730863967
092812b6393bc6cc872b723c4fa65b44	d__Bacteria; p__Bacillota; c__Clostridia; o__Oscillospirales; f__Ruminococcaceae; g__Faecalibacterium	0.9929545357379034
78cb2cbf0e12b9528bdff38c85e4d345	d__Bacteria; p__Bacillota; c__Clostridia; o__Oscillospirales; f__Ruminococcaceae; g__DTU089	0.8691584464901753
d8b0a26c75ac62052608e18f93ed3dcd	d__Bacteria	0.9969259636073671
3c3e6f6bac719e06970c12c185d6ef9b	d__Bacteria; p__Bacillota; c__Clostridia; o__Lachnospirales; f__Lachnospiraceae; g__[Eubacterium]_oxidoreducens_group	0.999253376702807
6794af1be3332e469b52f6a1ace7f431	d__Bacteria; p__Bacillota; c__Clostridia; o__Lachnospirales; f__Lachnospiraceae	0.9904936483346843
b55422bc44d0d73046692ddc9b93e196	Unassigned	0.6199801712049429
29ff52382ac3c5ecb2903b14e11036f7	d__Bacteria; p__Bacillota; c__Clostridia; o__Lachnospirales; f__Lachnospiraceae	0.7817411765826324
e56c53d9122bedcb5076e2d3f0e92665	d__Bacteria; p__Pseudomonadota; c__Gammaproteobacteria	0.8561312294080012
addc2e9b6da8c81fcbd405edfd66ecef	d__Eukaryota	0.7507218904108006
4d6a147d080da50c985cff46e21076eb	Unassigned	0.3538651167953486
8e1cdaaa75b0eebb5ee18dc9a75f5408	Unassigned	0.35298717498568444
db0c48fb6c267e3220a695f1bb9a03d9	d__Bacteria; p__Bacillota; c__Clostridia; o__Oscillospirales; f__Ruminococcaceae; g__Ruminococcus	0.7353389062080103
ab0cb6ed8069309b6f8f107f4d00c62b	d__Bacteria; p__Verrucomicrobiota; c__Verrucomicrobiia; o__Verrucomicrobiales; f__Akkermansiaceae; g__Akkermansia	0.9993864696709678
79b9be0ec246465eefa7244e688d5f7d	d__Bacteria; p__Bacteroidota; c__Bacteroidia; o__Bacteroidales; f__Rikenellaceae; g__SP3-e08	0.9502146201326379
8520301bc4c89f16690bee174317a9ec	d__Bacteria; p__Pseudomonadota; c__Gammaproteobacteria; o__Enterobacterales; f__Pasteurellaceae; g__Aggregatibacter	0.9988111054398379
aad51a1714336e3f584b4e4af9459287	d__Bacteria; p__Bacteroidota; c__Bacteroidia; o__Bacteroidales	0.7288334631543238
c151d706c7f52b889cdad854fbcb5700	d__Bacteria; p__Bacillota; c__Clostridia; o__Peptostreptococcales-Tissierellales	0.762920691912594
43b9f44a8388e79483e191984954cb19	d__Bacteria; p__Bacteroidota; c__Bacteroidia	0.9849342894489654
cc27fbd4b93d50557d97b222b9274c79	d__Bacteria; p__Bacillota; c__Clostridia; o__Peptostreptococcales-Tissierellales; f__Anaerovoracaceae; g__Incertae_Sedis	0.8840085849730374
69d50e7c6a80e30a0d9f97250a4a5b6e	d__Bacteria; p__Bacillota; c__Clostridia; o__Lachnospirales; f__Lachnospiraceae; g__Lachnospiraceae_UCG-004	0.9998138756374156
5543bcc983b834ef298b2d3d634bd3a1	d__Bacteria; p__Bacillota; c__Clostridia; o__Oscillospirales; f__Ruminococcaceae; g__Incertae_Sedis	0.8258653844865944
ac5473fca75ab85d2326dec8bbb6bfa1	d__Bacteria; p__Bacteroidota; c__Bacteroidia; o__Bacteroidales; f__Rikenellaceae; g__Alistipes	0.999115558213477
abca975ea13980021add553a86481077	d__Bacteria	0.9970629948040959
81d09772129fcd701ff099e3a5a3fcc5	d__Eukaryota	0.8579120461277805
ac5bd9f5a0ecdfa75c0f2cf5bcdd2fd5	d__Bacteria; p__Bacteroidota; c__Bacteroidia; o__Bacteroidales; f__Bacteroidaceae; g__Bacteroides	0.9832389606570231
50a23ae439e6b920cf46718d63389461	d__Bacteria; p__Bacillota; c__Negativicutes; o__Veillonellales-Selenomonadales; f__Veillonellaceae; g__Incertae_Sedis	0.8100974596463052
37a956c5772620ba3d9a986305bfd568	d__Bacteria	0.9986902737722191
e2be36bdeb6c459ee540e4a153ef2ed6	d__Bacteria; p__Pseudomonadota; c__Gammaproteobacteria	0.8966053197456357
d2ac953d0f63317a34007fd8679105e4	d__Bacteria; p__Verrucomicrobiota; c__Verrucomicrobiia; o__Verrucomicrobiales; f__Akkermansiaceae; g__Akkermansia	0.9082270511648122
65a9ac1f1f614a87c03ae3407f4c799f	d__Bacteria; p__Bacillota; c__Negativicutes; o__Veillonellales-Selenomonadales; f__Veillonellaceae; g__Allisonella	0.9998889264057429
83677ed392ff2bb0fe6a8bffc53eb2d5	d__Bacteria; p__Bacillota	0.9851338904722284
428be6ca9ddf0e7b9b82ad04852e1beb	d__Bacteria; p__Bacillota; c__Clostridia; o__Clostridia_UCG-014; f__Incertae_Sedis; g__Incertae_Sedis	0.9999544453451217
d00bdd2abe4f9c6c7edbb517595260d7	d__Bacteria	0.999999999999913
6325a25f6dbd725f5eac7fc8064ca956	d__Bacteria; p__Bacteroidota; c__Bacteroidia; o__Bacteroidales; f__Prevotellaceae; g__Prevotella	0.9999485946772515
acc3ed88cd68c274319e61b95a494a43	d__Bacteria; p__Bacillota; c__Clostridia; o__Lachnospirales; f__Lachnospiraceae; g__[Eubacterium]_oxidoreducens_group	0.7317350219432928
606092a383c1d24889323218465e6a9b	d__Bacteria; p__Bacillota; c__Bacilli; o__Erysipelotrichales; f__Erysipelatoclostridiaceae	0.992772753092227
a98b7848a956cf96c38c1d1f11a4f07a	d__Bacteria; p__Bacillota; c__Clostridia	0.9848772366235491
d5d17adc1c628d0881a9692044098ae5	d__Bacteria; p__Bacillota; c__Clostridia; o__Peptostreptococcales-Tissierellales; f__Family_XI; g__Helcococcus	0.9999999999977689
b593b3f91ec3989786de45d8e06d25a3	d__Bacteria; p__Bacteroidota; c__Bacteroidia; o__Bacteroidales; f__Prevotellaceae; g__Segatella	0.9320093564425062
8ddb10b2335297aa11e52a65b6614c66	d__Bacteria; p__Bacillota; c__Clostridia	0.9997096703504469
6a4f869b5dedfc70b381ba220f621177	d__Bacteria	0.9999999499013726
7079ade5d73da1c7b3ca6b42770cd9f7	d__Eukaryota	0.8640488983472733
3e3796364d292b5f49ef9140f03327a7	Unassigned	0.3373373009839291
437d6a51137eb377642f1937d0ddb935	d__Bacteria; p__Bacteroidota; c__Bacteroidia; o__Bacteroidales; f__Muribaculaceae; g__Incertae_Sedis	0.9997793129351309
77839da2c313b29d49c209366782441c	d__Bacteria; p__Bacteroidota; c__Bacteroidia; o__Bacteroidales; f__Rikenellaceae; g__SP3-e08	0.9865737025963763
f07c1056ee3a481e64f88561e1baafd3	Unassigned	0.3224787472582118
e15d8a15bf9dc2defc7c53ba6577fd79	d__Eukaryota	0.7231910313086141
f253ed7e6ba92c417d90a93cb47572de	d__Bacteria; p__Bacillota; c__Bacilli; o__Erysipelotrichales; f__Erysipelatoclostridiaceae; g__Thomasclavelia	0.9999449331227998
1743fe95c9ccf76d490f64a011270d9a	d__Bacteria; p__Bacteroidota; c__Bacteroidia	0.7985143640776288
39550f85ac044c91e05e8d2840ca78d9	d__Bacteria; p__Actinomycetota; c__Actinobacteria; o__Mycobacteriales; f__Corynebacteriaceae; g__Corynebacterium	0.9999113089204801
c5413901b6917cf7d34f0d79e4d4fde0	d__Bacteria; p__Bacteroidota; c__Bacteroidia; o__Bacteroidales; f__Bacteroidaceae; g__Bacteroides	0.9890305032611788
2c234b19a32fe73e499f15c62e20d164	d__Bacteria; p__Bacillota; c__Clostridia; o__Lachnospirales; f__Lachnospiraceae	0.9951431842163875
b93c4bca19cf0cd75ea2dc734246e8cd	d__Bacteria; p__Bacillota; c__Clostridia; o__Eubacteriales; f__Anaerofustaceae; g__Anaerofustis	0.9999995930003085
74b6774618d2830a9a846c9f8295b9c9	d__Eukaryota	0.8168816134395358
1b02858de193016260f8b3715a5ce15e	d__Bacteria; p__Bacteroidota; c__Bacteroidia; o__Bacteroidales; f__Rikenellaceae; g__SP3-e08	0.9982837736314518
06295f0f5e85d9b735fca8db4e9c6d5d	d__Bacteria; p__Bacillota; c__Clostridia; o__Lachnospirales; f__Lachnospiraceae; g__Lachnospiraceae_UCG-004	0.9999853338429587
90b637573fdb99dc32a69fde40e95cbb	d__Bacteria; p__Thermodesulfobacteriota; c__Desulfovibrionia; o__Desulfovibrionales; f__Desulfovibrionaceae; g__Cupidesulfovibrio	0.860579705170326
679cd69649dc91f1c2361f1f9af9631f	d__Bacteria; p__Bacteroidota; c__Bacteroidia; o__Bacteroidales; f__Rikenellaceae; g__SP3-e08	0.7682830183642111
848f00045a34e16ac5445047542c98ef	d__Bacteria; p__Bacillota; c__Clostridia	0.9380078260596043
71581050bff46dbdc2b43a0f8a692fcd	d__Bacteria; p__Bacillota; c__Clostridia; o__Lachnospirales; f__Lachnospiraceae	0.9924050579982985
63f31cd332918b1591a568a4dffc8bc6	d__Bacteria; p__Bacillota; c__Clostridia; o__Christensenellales; f__Christensenellaceae	0.9099138923453076
9cda447b02e749fbd706d21d61d2c954	d__Bacteria; p__Bacteroidota; c__Bacteroidia; o__Bacteroidales; f__Rikenellaceae; g__Alistipes	0.9999944764329949
ed39e9d8a2410561e1d1cf592c4f3665	d__Bacteria; p__Actinomycetota; c__Actinobacteria; o__Actinomycetales; f__Actinomycetaceae; g__Winkia	0.9999999934626516
3cafccd3c43344b05690dbe5c73e2612	d__Bacteria; p__Bacillota; c__Clostridia; o__Lachnospirales; f__Lachnospiraceae	0.7583822915953008
4581a00938b2e2864ea68f78f7bd37c9	d__Bacteria; p__Bacteroidota; c__Bacteroidia	0.8438468170818931
9b36cecfb9db0ea287004ff9c8d7074a	d__Bacteria; p__Bacteroidota; c__Bacteroidia; o__Bacteroidales	0.9344112091589358
2d0a2dbf7855addabea429778d93d794	d__Bacteria; p__Bacteroidota; c__Bacteroidia; o__Bacteroidales	0.9999826406300661
02a57e1bf7790338945dff61ae90f69c	d__Eukaryota	0.7434872967062166
7be6212da4328ba90c137f65dd391833	d__Bacteria; p__Bacillota; c__Bacilli; o__Erysipelotrichales; f__Erysipelotrichaceae; g__Erysipelotrichaceae_UCG-008	0.9582698677058703
43f96b9e6a40ad1ece2e02b129e917f9	d__Bacteria; p__Bacillota; c__Clostridia; o__Oscillospirales; f__Ruminococcaceae; g__Incertae_Sedis	0.9475797359403219
a58f7f562a9ce90ff582a0be4b15a2b0	d__Bacteria; p__Bacillota; c__Clostridia; o__Oscillospirales; f__Ruminococcaceae; g__Paludicola	0.8850167080107891
c193decfeb51ac9ffedefe04f44a4001	d__Eukaryota	0.822507677422833
93bb4ca21e97158831d233bf18016215	d__Bacteria; p__Bacillota; c__Clostridia; o__Oscillospirales; f__Oscillospiraceae; g__UCG-005	0.9805455872003065
